2026-06-09 21:19:44,651 - DEBUG - for loop started

2026-06-09 21:19:44,651 - INFO - averages is 88.33333333333333

2026-06-09 21:19:44,651 - DEBUG - for loop end

2026-06-09 21:19:44,652 - DEBUG - for loop started

2026-06-09 21:19:44,652 - INFO - averages is 81.0

2026-06-09 21:19:44,652 - DEBUG - for loop end

2026-06-09 21:19:44,652 - DEBUG - for loop started

2026-06-09 21:19:44,652 - INFO - averages is 98.0

2026-06-09 21:19:44,652 - DEBUG - for loop end

2026-06-09 21:19:44,652 - INFO - current best: Nino, 98.00

2026-06-09 22:27:00,848 - INFO - Program started
2026-06-09 22:27:00,848 - DEBUG - Using proactor: IocpProactor
2026-06-09 22:27:00,850 - INFO - main() started
2026-06-09 22:27:00,851 - INFO - 
get_users() started

2026-06-09 22:27:02,768 - DEBUG - HTTP client created
2026-06-09 22:27:02,785 - DEBUG - connect_tcp.started host='127.0.0.1' port=50422 local_address=None timeout=5.0 socket_options=None
2026-06-09 22:27:02,788 - DEBUG - connect_tcp.complete return_value=<httpcore._backends.anyio.AnyIOStream object at 0x000001E6EB739E80>
2026-06-09 22:27:02,789 - DEBUG - send_request_headers.started request=<Request [b'CONNECT']>
2026-06-09 22:27:02,790 - DEBUG - send_request_headers.complete
2026-06-09 22:27:02,790 - DEBUG - send_request_body.started request=<Request [b'CONNECT']>
2026-06-09 22:27:02,790 - DEBUG - send_request_body.complete
2026-06-09 22:27:02,790 - DEBUG - receive_response_headers.started request=<Request [b'CONNECT']>
2026-06-09 22:27:02,815 - DEBUG - receive_response_headers.complete return_value=(b'HTTP/1.1', 200, b'OK', [])
2026-06-09 22:27:02,815 - DEBUG - start_tls.started ssl_context=<ssl.SSLContext object at 0x000001E6EB4DBAD0> server_hostname='jsonplaceholder.typicode.com' timeout=5.0
2026-06-09 22:27:02,852 - DEBUG - start_tls.complete return_value=<httpcore._backends.anyio.AnyIOStream object at 0x000001E6EB6FB750>
2026-06-09 22:27:02,854 - DEBUG - send_request_headers.started request=<Request [b'GET']>
2026-06-09 22:27:02,854 - DEBUG - send_request_headers.complete
2026-06-09 22:27:02,854 - DEBUG - send_request_body.started request=<Request [b'GET']>
2026-06-09 22:27:02,855 - DEBUG - send_request_body.complete
2026-06-09 22:27:02,855 - DEBUG - receive_response_headers.started request=<Request [b'GET']>
2026-06-09 22:27:03,274 - DEBUG - receive_response_headers.complete return_value=(b'HTTP/1.1', 200, b'OK', [(b'Date', b'Tue, 09 Jun 2026 18:27:06 GMT'), (b'Content-Type', b'application/json; charset=utf-8'), (b'Content-Length', b'1847'), (b'Connection', b'keep-alive'), (b'Access-Control-Allow-Credentials', b'true'), (b'Cache-Control', b'max-age=43200'), (b'Content-Encoding', b'gzip'), (b'Etag', b'W/"160d-1eMSsxeJRfnVLRBmYJSbCiJZ1qQ"'), (b'Expires', b'-1'), (b'Nel', b'{"report_to":"heroku-nel","response_headers":["Via"],"max_age":3600,"success_fraction":0.01,"failure_fraction":0.1}'), (b'Pragma', b'no-cache'), (b'Report-To', b'{"group":"heroku-nel","endpoints":[{"url":"https://nel.heroku.com/reports?s=rX0hNbT6HQlnHmtbQx1TTDBPTGPf7UlnaOELZo1kY0o%3D\\u0026sid=e11707d5-02a7-43ef-b45e-2cf4d2036f7d\\u0026ts=1779908048"}],"max_age":3600}'), (b'Reporting-Endpoints', b'heroku-nel="https://nel.heroku.com/reports?s=rX0hNbT6HQlnHmtbQx1TTDBPTGPf7UlnaOELZo1kY0o%3D&sid=e11707d5-02a7-43ef-b45e-2cf4d2036f7d&ts=1779908048"'), (b'Server', b'cloudflare'), (b'Vary', b'Origin, Accept-Encoding'), (b'Via', b'2.0 heroku-router'), (b'X-Content-Type-Options', b'nosniff'), (b'X-Powered-By', b'Express'), (b'X-Ratelimit-Limit', b'1000'), (b'X-Ratelimit-Remaining', b'999'), (b'X-Ratelimit-Reset', b'1779908071'), (b'Age', b'855'), (b'Accept-Ranges', b'bytes'), (b'Cf-Cache-Status', b'HIT'), (b'CF-RAY', b'a092303a3e184e68-TBS'), (b'alt-svc', b'h3=":443"; ma=86400')])
2026-06-09 22:27:03,275 - INFO - HTTP Request: GET https://jsonplaceholder.typicode.com/users "HTTP/1.1 200 OK"
2026-06-09 22:27:03,275 - DEBUG - receive_response_body.started request=<Request [b'GET']>
2026-06-09 22:27:03,285 - DEBUG - receive_response_body.complete
2026-06-09 22:27:03,286 - DEBUG - response_closed.started
2026-06-09 22:27:03,287 - DEBUG - response_closed.complete
2026-06-09 22:27:03,288 - INFO - Request sent to https://jsonplaceholder.typicode.com/users
2026-06-09 22:27:03,288 - INFO - Response status: 200 OK
2026-06-09 22:27:03,288 - DEBUG - Users received: 10 items
2026-06-09 22:27:03,288 - INFO - First user found: Leanne Graham
2026-06-09 22:27:03,295 - INFO - Result from get_users(): Leanne Graham
2026-06-09 22:27:03,296 - INFO - main() finished
2026-06-09 22:27:03,296 - INFO - Program finished
2026-06-10 01:09:18,515 - INFO - Program started
2026-06-10 01:09:18,516 - DEBUG - Using proactor: IocpProactor
2026-06-10 01:09:18,519 - INFO - 
add_post() started

2026-06-10 01:09:20,262 - DEBUG - HTTP client created
2026-06-10 01:09:20,289 - INFO - 
add_post() finished

2026-06-10 01:09:20,305 - INFO - Program finished
2026-06-10 01:16:16,284 - DEBUG - Using proactor: IocpProactor
2026-06-10 01:16:16,287 - INFO - Program started
2026-06-10 01:16:16,287 - INFO - 
add_post() started

2026-06-10 01:16:17,678 - DEBUG - HTTP client created
2026-06-10 01:16:17,698 - DEBUG - connect_tcp.started host='127.0.0.1' port=50422 local_address=None timeout=5.0 socket_options=None
2026-06-10 01:16:17,702 - DEBUG - connect_tcp.complete return_value=<httpcore._backends.anyio.AnyIOStream object at 0x0000014FBC5F9D30>
2026-06-10 01:16:17,704 - DEBUG - send_request_headers.started request=<Request [b'CONNECT']>
2026-06-10 01:16:17,705 - DEBUG - send_request_headers.complete
2026-06-10 01:16:17,705 - DEBUG - send_request_body.started request=<Request [b'CONNECT']>
2026-06-10 01:16:17,706 - DEBUG - send_request_body.complete
2026-06-10 01:16:17,706 - DEBUG - receive_response_headers.started request=<Request [b'CONNECT']>
2026-06-10 01:16:17,754 - DEBUG - receive_response_headers.complete return_value=(b'HTTP/1.1', 200, b'OK', [])
2026-06-10 01:16:17,754 - DEBUG - start_tls.started ssl_context=<ssl.SSLContext object at 0x0000014FBC39BAD0> server_hostname='jsonplaceholder.typicode.com' timeout=5.0
2026-06-10 01:16:17,813 - DEBUG - start_tls.complete return_value=<httpcore._backends.anyio.AnyIOStream object at 0x0000014FBC5BB750>
2026-06-10 01:16:17,814 - DEBUG - send_request_headers.started request=<Request [b'POST']>
2026-06-10 01:16:17,815 - DEBUG - send_request_headers.complete
2026-06-10 01:16:17,815 - DEBUG - send_request_body.started request=<Request [b'POST']>
2026-06-10 01:16:17,815 - DEBUG - send_request_body.complete
2026-06-10 01:16:17,815 - DEBUG - receive_response_headers.started request=<Request [b'POST']>
2026-06-10 01:16:18,684 - DEBUG - receive_response_headers.complete return_value=(b'HTTP/1.1', 201, b'Created', [(b'Date', b'Tue, 09 Jun 2026 21:16:21 GMT'), (b'Content-Type', b'application/json; charset=utf-8'), (b'Content-Length', b'74'), (b'Connection', b'keep-alive'), (b'Access-Control-Allow-Credentials', b'true'), (b'Access-Control-Expose-Headers', b'Location'), (b'Cache-Control', b'no-cache'), (b'Etag', b'W/"4a-dXTqhIJS6cmIAb+oCxWoEEpz3PU"'), (b'Expires', b'-1'), (b'Location', b'https://jsonplaceholder.typicode.com/posts/101'), (b'Nel', b'{"report_to":"heroku-nel","response_headers":["Via"],"max_age":3600,"success_fraction":0.01,"failure_fraction":0.1}'), (b'Pragma', b'no-cache'), (b'Report-To', b'{"group":"heroku-nel","endpoints":[{"url":"https://nel.heroku.com/reports?s=XTnJZ9hHqF2cwMMlsgpykCUGibgHNRijhWLJrI2OWhA%3D\\u0026sid=e11707d5-02a7-43ef-b45e-2cf4d2036f7d\\u0026ts=1781039781"}],"max_age":3600}'), (b'Reporting-Endpoints', b'heroku-nel="https://nel.heroku.com/reports?s=XTnJZ9hHqF2cwMMlsgpykCUGibgHNRijhWLJrI2OWhA%3D&sid=e11707d5-02a7-43ef-b45e-2cf4d2036f7d&ts=1781039781"'), (b'Server', b'cloudflare'), (b'Vary', b'Origin, X-HTTP-Method-Override, Accept-Encoding'), (b'Via', b'2.0 heroku-router'), (b'X-Content-Type-Options', b'nosniff'), (b'X-Powered-By', b'Express'), (b'X-Ratelimit-Limit', b'1000'), (b'X-Ratelimit-Remaining', b'999'), (b'X-Ratelimit-Reset', b'1781039795'), (b'Cf-Cache-Status', b'DYNAMIC'), (b'CF-RAY', b'a09328256ff8a4a3-TBS'), (b'alt-svc', b'h3=":443"; ma=86400')])
2026-06-10 01:16:18,685 - INFO - HTTP Request: POST https://jsonplaceholder.typicode.com/posts "HTTP/1.1 201 Created"
2026-06-10 01:16:18,685 - DEBUG - receive_response_body.started request=<Request [b'POST']>
2026-06-10 01:16:18,685 - DEBUG - receive_response_body.complete
2026-06-10 01:16:18,687 - DEBUG - response_closed.started
2026-06-10 01:16:18,687 - DEBUG - response_closed.complete
2026-06-10 01:16:18,688 - INFO - POST request sent to https://jsonplaceholder.typicode.com/posts
2026-06-10 01:16:18,688 - INFO - Post created successfully: {'title': 'Test', 'body': 'Hello World', 'userId': 5, 'id': 101}
2026-06-10 01:16:18,692 - INFO - 
add_post() finished

2026-06-10 01:16:18,694 - INFO - Program result: {'title': 'Test', 'body': 'Hello World', 'userId': 5, 'id': 101}
2026-06-10 01:16:18,694 - INFO - Program finished
2026-06-10 01:16:57,414 - DEBUG - Using proactor: IocpProactor
2026-06-10 01:16:57,416 - INFO - Program started
2026-06-10 01:16:57,417 - INFO - 
add_post() started

2026-06-10 01:16:58,849 - DEBUG - HTTP client created
2026-06-10 01:16:58,875 - DEBUG - connect_tcp.started host='127.0.0.1' port=50422 local_address=None timeout=5.0 socket_options=None
2026-06-10 01:16:58,879 - DEBUG - connect_tcp.complete return_value=<httpcore._backends.anyio.AnyIOStream object at 0x00000263CB4C9D30>
2026-06-10 01:16:58,881 - DEBUG - send_request_headers.started request=<Request [b'CONNECT']>
2026-06-10 01:16:58,882 - DEBUG - send_request_headers.complete
2026-06-10 01:16:58,882 - DEBUG - send_request_body.started request=<Request [b'CONNECT']>
2026-06-10 01:16:58,882 - DEBUG - send_request_body.complete
2026-06-10 01:16:58,882 - DEBUG - receive_response_headers.started request=<Request [b'CONNECT']>
2026-06-10 01:16:58,914 - DEBUG - receive_response_headers.complete return_value=(b'HTTP/1.1', 200, b'OK', [])
2026-06-10 01:16:58,915 - DEBUG - start_tls.started ssl_context=<ssl.SSLContext object at 0x00000263CB26BAD0> server_hostname='jsonplaceholder.typicode.com' timeout=5.0
2026-06-10 01:16:58,969 - DEBUG - start_tls.complete return_value=<httpcore._backends.anyio.AnyIOStream object at 0x00000263CB48B750>
2026-06-10 01:16:58,971 - DEBUG - send_request_headers.started request=<Request [b'POST']>
2026-06-10 01:16:58,972 - DEBUG - send_request_headers.complete
2026-06-10 01:16:58,972 - DEBUG - send_request_body.started request=<Request [b'POST']>
2026-06-10 01:16:58,973 - DEBUG - send_request_body.complete
2026-06-10 01:16:58,974 - DEBUG - receive_response_headers.started request=<Request [b'POST']>
2026-06-10 01:16:59,294 - DEBUG - receive_response_headers.complete return_value=(b'HTTP/1.1', 201, b'Created', [(b'Date', b'Tue, 09 Jun 2026 21:17:02 GMT'), (b'Content-Type', b'application/json; charset=utf-8'), (b'Content-Length', b'74'), (b'Connection', b'keep-alive'), (b'Access-Control-Allow-Credentials', b'true'), (b'Access-Control-Expose-Headers', b'Location'), (b'Cache-Control', b'no-cache'), (b'Etag', b'W/"4a-dXTqhIJS6cmIAb+oCxWoEEpz3PU"'), (b'Expires', b'-1'), (b'Location', b'https://jsonplaceholder.typicode.com/posts/101'), (b'Nel', b'{"report_to":"heroku-nel","response_headers":["Via"],"max_age":3600,"success_fraction":0.01,"failure_fraction":0.1}'), (b'Pragma', b'no-cache'), (b'Report-To', b'{"group":"heroku-nel","endpoints":[{"url":"https://nel.heroku.com/reports?s=x7uL61mi%2BCeDB%2FozVJIQtWx5To0CnNejGR3sHqLH5aI%3D\\u0026sid=e11707d5-02a7-43ef-b45e-2cf4d2036f7d\\u0026ts=1781039821"}],"max_age":3600}'), (b'Reporting-Endpoints', b'heroku-nel="https://nel.heroku.com/reports?s=x7uL61mi%2BCeDB%2FozVJIQtWx5To0CnNejGR3sHqLH5aI%3D&sid=e11707d5-02a7-43ef-b45e-2cf4d2036f7d&ts=1781039821"'), (b'Server', b'cloudflare'), (b'Vary', b'Origin, X-HTTP-Method-Override, Accept-Encoding'), (b'Via', b'2.0 heroku-router'), (b'X-Content-Type-Options', b'nosniff'), (b'X-Powered-By', b'Express'), (b'X-Ratelimit-Limit', b'1000'), (b'X-Ratelimit-Remaining', b'999'), (b'X-Ratelimit-Reset', b'1781039855'), (b'Cf-Cache-Status', b'DYNAMIC'), (b'CF-RAY', b'a09329268a348ccb-TBS'), (b'alt-svc', b'h3=":443"; ma=86400')])
2026-06-10 01:16:59,295 - INFO - HTTP Request: POST https://jsonplaceholder.typicode.com/posts "HTTP/1.1 201 Created"
2026-06-10 01:16:59,296 - DEBUG - receive_response_body.started request=<Request [b'POST']>
2026-06-10 01:16:59,296 - DEBUG - receive_response_body.complete
2026-06-10 01:16:59,297 - DEBUG - response_closed.started
2026-06-10 01:16:59,297 - DEBUG - response_closed.complete
2026-06-10 01:16:59,299 - INFO - POST request sent to https://jsonplaceholder.typicode.com/posts
2026-06-10 01:16:59,299 - INFO - Post created successfully: {'title': 'Test', 'body': 'Hello World', 'userId': 5, 'id': 101}
2026-06-10 01:16:59,302 - INFO - 
add_post() finished

2026-06-10 01:16:59,305 - INFO - Program result: {'title': 'Test', 'body': 'Hello World', 'userId': 5, 'id': 101}
2026-06-10 01:16:59,305 - INFO - Program finished
2026-06-10 01:23:35,255 - DEBUG - Using proactor: IocpProactor
2026-06-10 01:23:35,259 - INFO - Program started
2026-06-10 01:23:36,808 - DEBUG - HTTP client created
2026-06-10 01:23:36,830 - DEBUG - connect_tcp.started host='127.0.0.1' port=50422 local_address=None timeout=5.0 socket_options=None
2026-06-10 01:23:36,833 - DEBUG - connect_tcp.complete return_value=<httpcore._backends.anyio.AnyIOStream object at 0x000001B652749E80>
2026-06-10 01:23:36,835 - DEBUG - send_request_headers.started request=<Request [b'CONNECT']>
2026-06-10 01:23:36,835 - DEBUG - send_request_headers.complete
2026-06-10 01:23:36,835 - DEBUG - send_request_body.started request=<Request [b'CONNECT']>
2026-06-10 01:23:36,836 - DEBUG - send_request_body.complete
2026-06-10 01:23:36,836 - DEBUG - receive_response_headers.started request=<Request [b'CONNECT']>
2026-06-10 01:23:36,880 - DEBUG - receive_response_headers.complete return_value=(b'HTTP/1.1', 200, b'OK', [])
2026-06-10 01:23:36,880 - DEBUG - start_tls.started ssl_context=<ssl.SSLContext object at 0x000001B6524EBAD0> server_hostname='jsonplaceholder.typicode.com' timeout=5.0
2026-06-10 01:23:36,918 - DEBUG - start_tls.complete return_value=<httpcore._backends.anyio.AnyIOStream object at 0x000001B65270B750>
2026-06-10 01:23:36,919 - DEBUG - send_request_headers.started request=<Request [b'GET']>
2026-06-10 01:23:36,920 - DEBUG - send_request_headers.complete
2026-06-10 01:23:36,920 - DEBUG - send_request_body.started request=<Request [b'GET']>
2026-06-10 01:23:36,920 - DEBUG - send_request_body.complete
2026-06-10 01:23:36,920 - DEBUG - receive_response_headers.started request=<Request [b'GET']>
2026-06-10 01:23:36,993 - DEBUG - receive_response_headers.complete return_value=(b'HTTP/1.1', 200, b'OK', [(b'Date', b'Tue, 09 Jun 2026 21:23:39 GMT'), (b'Content-Type', b'application/json; charset=utf-8'), (b'Content-Length', b'4005'), (b'Connection', b'keep-alive'), (b'Access-Control-Allow-Credentials', b'true'), (b'Cache-Control', b'max-age=43200'), (b'Content-Encoding', b'gzip'), (b'Etag', b'W/"5ef7-4Ad6/n39KWY9q6Ykm/ULNQ2F5IM"'), (b'Expires', b'-1'), (b'Nel', b'{"report_to":"heroku-nel","response_headers":["Via"],"max_age":3600,"success_fraction":0.01,"failure_fraction":0.1}'), (b'Pragma', b'no-cache'), (b'Report-To', b'{"group":"heroku-nel","endpoints":[{"url":"https://nel.heroku.com/reports?s=7JNnv9o2PggVMWLNhwTuiJctGFcQCA%2F7Ug0%2Fds8nXfU%3D\\u0026sid=e11707d5-02a7-43ef-b45e-2cf4d2036f7d\\u0026ts=1780844949"}],"max_age":3600}'), (b'Reporting-Endpoints', b'heroku-nel="https://nel.heroku.com/reports?s=7JNnv9o2PggVMWLNhwTuiJctGFcQCA%2F7Ug0%2Fds8nXfU%3D&sid=e11707d5-02a7-43ef-b45e-2cf4d2036f7d&ts=1780844949"'), (b'Server', b'cloudflare'), (b'Vary', b'Origin, Accept-Encoding'), (b'Via', b'2.0 heroku-router'), (b'X-Content-Type-Options', b'nosniff'), (b'X-Powered-By', b'Express'), (b'X-Ratelimit-Limit', b'1000'), (b'X-Ratelimit-Remaining', b'999'), (b'X-Ratelimit-Reset', b'1780844956'), (b'Age', b'1471'), (b'Accept-Ranges', b'bytes'), (b'Cf-Cache-Status', b'HIT'), (b'CF-RAY', b'a09332dda92d90e3-TBS'), (b'alt-svc', b'h3=":443"; ma=86400')])
2026-06-10 01:23:36,994 - INFO - HTTP Request: GET https://jsonplaceholder.typicode.com/todos "HTTP/1.1 200 OK"
2026-06-10 01:23:36,996 - DEBUG - receive_response_body.started request=<Request [b'GET']>
2026-06-10 01:23:37,009 - DEBUG - receive_response_body.complete
2026-06-10 01:23:37,010 - DEBUG - response_closed.started
2026-06-10 01:23:37,011 - DEBUG - response_closed.complete
2026-06-10 01:23:37,012 - INFO - Request sent to https://jsonplaceholder.typicode.com/todos
2026-06-10 01:23:37,013 - INFO - Response status: 200 OK
2026-06-10 01:23:37,013 - DEBUG - Users received: 200 items
2026-06-10 01:23:37,014 - INFO - First user found: [{'userId': 1, 'id': 1, 'title': 'delectus aut autem', 'completed': False}, {'userId': 1, 'id': 2, 'title': 'quis ut nam facilis et officia qui', 'completed': False}, {'userId': 1, 'id': 3, 'title': 'fugiat veniam minus', 'completed': False}, {'userId': 1, 'id': 4, 'title': 'et porro tempora', 'completed': True}, {'userId': 1, 'id': 5, 'title': 'laboriosam mollitia et enim quasi adipisci quia provident illum', 'completed': False}, {'userId': 1, 'id': 6, 'title': 'qui ullam ratione quibusdam voluptatem quia omnis', 'completed': False}, {'userId': 1, 'id': 7, 'title': 'illo expedita consequatur quia in', 'completed': False}, {'userId': 1, 'id': 8, 'title': 'quo adipisci enim quam ut ab', 'completed': True}, {'userId': 1, 'id': 9, 'title': 'molestiae perspiciatis ipsa', 'completed': False}, {'userId': 1, 'id': 10, 'title': 'illo est ratione doloremque quia maiores aut', 'completed': True}, {'userId': 1, 'id': 11, 'title': 'vero rerum temporibus dolor', 'completed': True}, {'userId': 1, 'id': 12, 'title': 'ipsa repellendus fugit nisi', 'completed': True}, {'userId': 1, 'id': 13, 'title': 'et doloremque nulla', 'completed': False}, {'userId': 1, 'id': 14, 'title': 'repellendus sunt dolores architecto voluptatum', 'completed': True}, {'userId': 1, 'id': 15, 'title': 'ab voluptatum amet voluptas', 'completed': True}, {'userId': 1, 'id': 16, 'title': 'accusamus eos facilis sint et aut voluptatem', 'completed': True}, {'userId': 1, 'id': 17, 'title': 'quo laboriosam deleniti aut qui', 'completed': True}, {'userId': 1, 'id': 18, 'title': 'dolorum est consequatur ea mollitia in culpa', 'completed': False}, {'userId': 1, 'id': 19, 'title': 'molestiae ipsa aut voluptatibus pariatur dolor nihil', 'completed': True}, {'userId': 1, 'id': 20, 'title': 'ullam nobis libero sapiente ad optio sint', 'completed': True}, {'userId': 2, 'id': 21, 'title': 'suscipit repellat esse quibusdam voluptatem incidunt', 'completed': False}, {'userId': 2, 'id': 22, 'title': 'distinctio vitae autem nihil ut molestias quo', 'completed': True}, {'userId': 2, 'id': 23, 'title': 'et itaque necessitatibus maxime molestiae qui quas velit', 'completed': False}, {'userId': 2, 'id': 24, 'title': 'adipisci non ad dicta qui amet quaerat doloribus ea', 'completed': False}, {'userId': 2, 'id': 25, 'title': 'voluptas quo tenetur perspiciatis explicabo natus', 'completed': True}, {'userId': 2, 'id': 26, 'title': 'aliquam aut quasi', 'completed': True}, {'userId': 2, 'id': 27, 'title': 'veritatis pariatur delectus', 'completed': True}, {'userId': 2, 'id': 28, 'title': 'nesciunt totam sit blanditiis sit', 'completed': False}, {'userId': 2, 'id': 29, 'title': 'laborum aut in quam', 'completed': False}, {'userId': 2, 'id': 30, 'title': 'nemo perspiciatis repellat ut dolor libero commodi blanditiis omnis', 'completed': True}, {'userId': 2, 'id': 31, 'title': 'repudiandae totam in est sint facere fuga', 'completed': False}, {'userId': 2, 'id': 32, 'title': 'earum doloribus ea doloremque quis', 'completed': False}, {'userId': 2, 'id': 33, 'title': 'sint sit aut vero', 'completed': False}, {'userId': 2, 'id': 34, 'title': 'porro aut necessitatibus eaque distinctio', 'completed': False}, {'userId': 2, 'id': 35, 'title': 'repellendus veritatis molestias dicta incidunt', 'completed': True}, {'userId': 2, 'id': 36, 'title': 'excepturi deleniti adipisci voluptatem et neque optio illum ad', 'completed': True}, {'userId': 2, 'id': 37, 'title': 'sunt cum tempora', 'completed': False}, {'userId': 2, 'id': 38, 'title': 'totam quia non', 'completed': False}, {'userId': 2, 'id': 39, 'title': 'doloremque quibusdam asperiores libero corrupti illum qui omnis', 'completed': False}, {'userId': 2, 'id': 40, 'title': 'totam atque quo nesciunt', 'completed': True}, {'userId': 3, 'id': 41, 'title': 'aliquid amet impedit consequatur aspernatur placeat eaque fugiat suscipit', 'completed': False}, {'userId': 3, 'id': 42, 'title': 'rerum perferendis error quia ut eveniet', 'completed': False}, {'userId': 3, 'id': 43, 'title': 'tempore ut sint quis recusandae', 'completed': True}, {'userId': 3, 'id': 44, 'title': 'cum debitis quis accusamus doloremque ipsa natus sapiente omnis', 'completed': True}, {'userId': 3, 'id': 45, 'title': 'velit soluta adipisci molestias reiciendis harum', 'completed': False}, {'userId': 3, 'id': 46, 'title': 'vel voluptatem repellat nihil placeat corporis', 'completed': False}, {'userId': 3, 'id': 47, 'title': 'nam qui rerum fugiat accusamus', 'completed': False}, {'userId': 3, 'id': 48, 'title': 'sit reprehenderit omnis quia', 'completed': False}, {'userId': 3, 'id': 49, 'title': 'ut necessitatibus aut maiores debitis officia blanditiis velit et', 'completed': False}, {'userId': 3, 'id': 50, 'title': 'cupiditate necessitatibus ullam aut quis dolor voluptate', 'completed': True}, {'userId': 3, 'id': 51, 'title': 'distinctio exercitationem ab doloribus', 'completed': False}, {'userId': 3, 'id': 52, 'title': 'nesciunt dolorum quis recusandae ad pariatur ratione', 'completed': False}, {'userId': 3, 'id': 53, 'title': 'qui labore est occaecati recusandae aliquid quam', 'completed': False}, {'userId': 3, 'id': 54, 'title': 'quis et est ut voluptate quam dolor', 'completed': True}, {'userId': 3, 'id': 55, 'title': 'voluptatum omnis minima qui occaecati provident nulla voluptatem ratione', 'completed': True}, {'userId': 3, 'id': 56, 'title': 'deleniti ea temporibus enim', 'completed': True}, {'userId': 3, 'id': 57, 'title': 'pariatur et magnam ea doloribus similique voluptatem rerum quia', 'completed': False}, {'userId': 3, 'id': 58, 'title': 'est dicta totam qui explicabo doloribus qui dignissimos', 'completed': False}, {'userId': 3, 'id': 59, 'title': 'perspiciatis velit id laborum placeat iusto et aliquam odio', 'completed': False}, {'userId': 3, 'id': 60, 'title': 'et sequi qui architecto ut adipisci', 'completed': True}, {'userId': 4, 'id': 61, 'title': 'odit optio omnis qui sunt', 'completed': True}, {'userId': 4, 'id': 62, 'title': 'et placeat et tempore aspernatur sint numquam', 'completed': False}, {'userId': 4, 'id': 63, 'title': 'doloremque aut dolores quidem fuga qui nulla', 'completed': True}, {'userId': 4, 'id': 64, 'title': 'voluptas consequatur qui ut quia magnam nemo esse', 'completed': False}, {'userId': 4, 'id': 65, 'title': 'fugiat pariatur ratione ut asperiores necessitatibus magni', 'completed': False}, {'userId': 4, 'id': 66, 'title': 'rerum eum molestias autem voluptatum sit optio', 'completed': False}, {'userId': 4, 'id': 67, 'title': 'quia voluptatibus voluptatem quos similique maiores repellat', 'completed': False}, {'userId': 4, 'id': 68, 'title': 'aut id perspiciatis voluptatem iusto', 'completed': False}, {'userId': 4, 'id': 69, 'title': 'doloribus sint dolorum ab adipisci itaque dignissimos aliquam suscipit', 'completed': False}, {'userId': 4, 'id': 70, 'title': 'ut sequi accusantium et mollitia delectus sunt', 'completed': False}, {'userId': 4, 'id': 71, 'title': 'aut velit saepe ullam', 'completed': False}, {'userId': 4, 'id': 72, 'title': 'praesentium facilis facere quis harum voluptatibus voluptatem eum', 'completed': False}, {'userId': 4, 'id': 73, 'title': 'sint amet quia totam corporis qui exercitationem commodi', 'completed': True}, {'userId': 4, 'id': 74, 'title': 'expedita tempore nobis eveniet laborum maiores', 'completed': False}, {'userId': 4, 'id': 75, 'title': 'occaecati adipisci est possimus totam', 'completed': False}, {'userId': 4, 'id': 76, 'title': 'sequi dolorem sed', 'completed': True}, {'userId': 4, 'id': 77, 'title': 'maiores aut nesciunt delectus exercitationem vel assumenda eligendi at', 'completed': False}, {'userId': 4, 'id': 78, 'title': 'reiciendis est magnam amet nemo iste recusandae impedit quaerat', 'completed': False}, {'userId': 4, 'id': 79, 'title': 'eum ipsa maxime ut', 'completed': True}, {'userId': 4, 'id': 80, 'title': 'tempore molestias dolores rerum sequi voluptates ipsum consequatur', 'completed': True}, {'userId': 5, 'id': 81, 'title': 'suscipit qui totam', 'completed': True}, {'userId': 5, 'id': 82, 'title': 'voluptates eum voluptas et dicta', 'completed': False}, {'userId': 5, 'id': 83, 'title': 'quidem at rerum quis ex aut sit quam', 'completed': True}, {'userId': 5, 'id': 84, 'title': 'sunt veritatis ut voluptate', 'completed': False}, {'userId': 5, 'id': 85, 'title': 'et quia ad iste a', 'completed': True}, {'userId': 5, 'id': 86, 'title': 'incidunt ut saepe autem', 'completed': True}, {'userId': 5, 'id': 87, 'title': 'laudantium quae eligendi consequatur quia et vero autem', 'completed': True}, {'userId': 5, 'id': 88, 'title': 'vitae aut excepturi laboriosam sint aliquam et et accusantium', 'completed': False}, {'userId': 5, 'id': 89, 'title': 'sequi ut omnis et', 'completed': True}, {'userId': 5, 'id': 90, 'title': 'molestiae nisi accusantium tenetur dolorem et', 'completed': True}, {'userId': 5, 'id': 91, 'title': 'nulla quis consequatur saepe qui id expedita', 'completed': True}, {'userId': 5, 'id': 92, 'title': 'in omnis laboriosam', 'completed': True}, {'userId': 5, 'id': 93, 'title': 'odio iure consequatur molestiae quibusdam necessitatibus quia sint', 'completed': True}, {'userId': 5, 'id': 94, 'title': 'facilis modi saepe mollitia', 'completed': False}, {'userId': 5, 'id': 95, 'title': 'vel nihil et molestiae iusto assumenda nemo quo ut', 'completed': True}, {'userId': 5, 'id': 96, 'title': 'nobis suscipit ducimus enim asperiores voluptas', 'completed': False}, {'userId': 5, 'id': 97, 'title': 'dolorum laboriosam eos qui iure aliquam', 'completed': False}, {'userId': 5, 'id': 98, 'title': 'debitis accusantium ut quo facilis nihil quis sapiente necessitatibus', 'completed': True}, {'userId': 5, 'id': 99, 'title': 'neque voluptates ratione', 'completed': False}, {'userId': 5, 'id': 100, 'title': 'excepturi a et neque qui expedita vel voluptate', 'completed': False}, {'userId': 6, 'id': 101, 'title': 'explicabo enim cumque porro aperiam occaecati minima', 'completed': False}, {'userId': 6, 'id': 102, 'title': 'sed ab consequatur', 'completed': False}, {'userId': 6, 'id': 103, 'title': 'non sunt delectus illo nulla tenetur enim omnis', 'completed': False}, {'userId': 6, 'id': 104, 'title': 'excepturi non laudantium quo', 'completed': False}, {'userId': 6, 'id': 105, 'title': 'totam quia dolorem et illum repellat voluptas optio', 'completed': True}, {'userId': 6, 'id': 106, 'title': 'ad illo quis voluptatem temporibus', 'completed': True}, {'userId': 6, 'id': 107, 'title': 'praesentium facilis omnis laudantium fugit ad iusto nihil nesciunt', 'completed': False}, {'userId': 6, 'id': 108, 'title': 'a eos eaque nihil et exercitationem incidunt delectus', 'completed': True}, {'userId': 6, 'id': 109, 'title': 'autem temporibus harum quisquam in culpa', 'completed': True}, {'userId': 6, 'id': 110, 'title': 'aut aut ea corporis', 'completed': True}, {'userId': 6, 'id': 111, 'title': 'magni accusantium labore et id quis provident', 'completed': False}, {'userId': 6, 'id': 112, 'title': 'consectetur impedit quisquam qui deserunt non rerum consequuntur eius', 'completed': False}, {'userId': 6, 'id': 113, 'title': 'quia atque aliquam sunt impedit voluptatum rerum assumenda nisi', 'completed': False}, {'userId': 6, 'id': 114, 'title': 'cupiditate quos possimus corporis quisquam exercitationem beatae', 'completed': False}, {'userId': 6, 'id': 115, 'title': 'sed et ea eum', 'completed': False}, {'userId': 6, 'id': 116, 'title': 'ipsa dolores vel facilis ut', 'completed': True}, {'userId': 6, 'id': 117, 'title': 'sequi quae est et qui qui eveniet asperiores', 'completed': False}, {'userId': 6, 'id': 118, 'title': 'quia modi consequatur vero fugiat', 'completed': False}, {'userId': 6, 'id': 119, 'title': 'corporis ducimus ea perspiciatis iste', 'completed': False}, {'userId': 6, 'id': 120, 'title': 'dolorem laboriosam vel voluptas et aliquam quasi', 'completed': False}, {'userId': 7, 'id': 121, 'title': 'inventore aut nihil minima laudantium hic qui omnis', 'completed': True}, {'userId': 7, 'id': 122, 'title': 'provident aut nobis culpa', 'completed': True}, {'userId': 7, 'id': 123, 'title': 'esse et quis iste est earum aut impedit', 'completed': False}, {'userId': 7, 'id': 124, 'title': 'qui consectetur id', 'completed': False}, {'userId': 7, 'id': 125, 'title': 'aut quasi autem iste tempore illum possimus', 'completed': False}, {'userId': 7, 'id': 126, 'title': 'ut asperiores perspiciatis veniam ipsum rerum saepe', 'completed': True}, {'userId': 7, 'id': 127, 'title': 'voluptatem libero consectetur rerum ut', 'completed': True}, {'userId': 7, 'id': 128, 'title': 'eius omnis est qui voluptatem autem', 'completed': False}, {'userId': 7, 'id': 129, 'title': 'rerum culpa quis harum', 'completed': False}, {'userId': 7, 'id': 130, 'title': 'nulla aliquid eveniet harum laborum libero alias ut unde', 'completed': True}, {'userId': 7, 'id': 131, 'title': 'qui ea incidunt quis', 'completed': False}, {'userId': 7, 'id': 132, 'title': 'qui molestiae voluptatibus velit iure harum quisquam', 'completed': True}, {'userId': 7, 'id': 133, 'title': 'et labore eos enim rerum consequatur sunt', 'completed': True}, {'userId': 7, 'id': 134, 'title': 'molestiae doloribus et laborum quod ea', 'completed': False}, {'userId': 7, 'id': 135, 'title': 'facere ipsa nam eum voluptates reiciendis vero qui', 'completed': False}, {'userId': 7, 'id': 136, 'title': 'asperiores illo tempora fuga sed ut quasi adipisci', 'completed': False}, {'userId': 7, 'id': 137, 'title': 'qui sit non', 'completed': False}, {'userId': 7, 'id': 138, 'title': 'placeat minima consequatur rem qui ut', 'completed': True}, {'userId': 7, 'id': 139, 'title': 'consequatur doloribus id possimus voluptas a voluptatem', 'completed': False}, {'userId': 7, 'id': 140, 'title': 'aut consectetur in blanditiis deserunt quia sed laboriosam', 'completed': True}, {'userId': 8, 'id': 141, 'title': 'explicabo consectetur debitis voluptates quas quae culpa rerum non', 'completed': True}, {'userId': 8, 'id': 142, 'title': 'maiores accusantium architecto necessitatibus reiciendis ea aut', 'completed': True}, {'userId': 8, 'id': 143, 'title': 'eum non recusandae cupiditate animi', 'completed': False}, {'userId': 8, 'id': 144, 'title': 'ut eum exercitationem sint', 'completed': False}, {'userId': 8, 'id': 145, 'title': 'beatae qui ullam incidunt voluptatem non nisi aliquam', 'completed': False}, {'userId': 8, 'id': 146, 'title': 'molestiae suscipit ratione nihil odio libero impedit vero totam', 'completed': True}, {'userId': 8, 'id': 147, 'title': 'eum itaque quod reprehenderit et facilis dolor autem ut', 'completed': True}, {'userId': 8, 'id': 148, 'title': 'esse quas et quo quasi exercitationem', 'completed': False}, {'userId': 8, 'id': 149, 'title': 'animi voluptas quod perferendis est', 'completed': False}, {'userId': 8, 'id': 150, 'title': 'eos amet tempore laudantium fugit a', 'completed': False}, {'userId': 8, 'id': 151, 'title': 'accusamus adipisci dicta qui quo ea explicabo sed vero', 'completed': True}, {'userId': 8, 'id': 152, 'title': 'odit eligendi recusandae doloremque cumque non', 'completed': False}, {'userId': 8, 'id': 153, 'title': 'ea aperiam consequatur qui repellat eos', 'completed': False}, {'userId': 8, 'id': 154, 'title': 'rerum non ex sapiente', 'completed': True}, {'userId': 8, 'id': 155, 'title': 'voluptatem nobis consequatur et assumenda magnam', 'completed': True}, {'userId': 8, 'id': 156, 'title': 'nam quia quia nulla repellat assumenda quibusdam sit nobis', 'completed': True}, {'userId': 8, 'id': 157, 'title': 'dolorem veniam quisquam deserunt repellendus', 'completed': True}, {'userId': 8, 'id': 158, 'title': 'debitis vitae delectus et harum accusamus aut deleniti a', 'completed': True}, {'userId': 8, 'id': 159, 'title': 'debitis adipisci quibusdam aliquam sed dolore ea praesentium nobis', 'completed': True}, {'userId': 8, 'id': 160, 'title': 'et praesentium aliquam est', 'completed': False}, {'userId': 9, 'id': 161, 'title': 'ex hic consequuntur earum omnis alias ut occaecati culpa', 'completed': True}, {'userId': 9, 'id': 162, 'title': 'omnis laboriosam molestias animi sunt dolore', 'completed': True}, {'userId': 9, 'id': 163, 'title': 'natus corrupti maxime laudantium et voluptatem laboriosam odit', 'completed': False}, {'userId': 9, 'id': 164, 'title': 'reprehenderit quos aut aut consequatur est sed', 'completed': False}, {'userId': 9, 'id': 165, 'title': 'fugiat perferendis sed aut quidem', 'completed': False}, {'userId': 9, 'id': 166, 'title': 'quos quo possimus suscipit minima ut', 'completed': False}, {'userId': 9, 'id': 167, 'title': 'et quis minus quo a asperiores molestiae', 'completed': False}, {'userId': 9, 'id': 168, 'title': 'recusandae quia qui sunt libero', 'completed': False}, {'userId': 9, 'id': 169, 'title': 'ea odio perferendis officiis', 'completed': True}, {'userId': 9, 'id': 170, 'title': 'quisquam aliquam quia doloribus aut', 'completed': False}, {'userId': 9, 'id': 171, 'title': 'fugiat aut voluptatibus corrupti deleniti velit iste odio', 'completed': True}, {'userId': 9, 'id': 172, 'title': 'et provident amet rerum consectetur et voluptatum', 'completed': False}, {'userId': 9, 'id': 173, 'title': 'harum ad aperiam quis', 'completed': False}, {'userId': 9, 'id': 174, 'title': 'similique aut quo', 'completed': False}, {'userId': 9, 'id': 175, 'title': 'laudantium eius officia perferendis provident perspiciatis asperiores', 'completed': True}, {'userId': 9, 'id': 176, 'title': 'magni soluta corrupti ut maiores rem quidem', 'completed': False}, {'userId': 9, 'id': 177, 'title': 'et placeat temporibus voluptas est tempora quos quibusdam', 'completed': False}, {'userId': 9, 'id': 178, 'title': 'nesciunt itaque commodi tempore', 'completed': True}, {'userId': 9, 'id': 179, 'title': 'omnis consequuntur cupiditate impedit itaque ipsam quo', 'completed': True}, {'userId': 9, 'id': 180, 'title': 'debitis nisi et dolorem repellat et', 'completed': True}, {'userId': 10, 'id': 181, 'title': 'ut cupiditate sequi aliquam fuga maiores', 'completed': False}, {'userId': 10, 'id': 182, 'title': 'inventore saepe cumque et aut illum enim', 'completed': True}, {'userId': 10, 'id': 183, 'title': 'omnis nulla eum aliquam distinctio', 'completed': True}, {'userId': 10, 'id': 184, 'title': 'molestias modi perferendis perspiciatis', 'completed': False}, {'userId': 10, 'id': 185, 'title': 'voluptates dignissimos sed doloribus animi quaerat aut', 'completed': False}, {'userId': 10, 'id': 186, 'title': 'explicabo odio est et', 'completed': False}, {'userId': 10, 'id': 187, 'title': 'consequuntur animi possimus', 'completed': False}, {'userId': 10, 'id': 188, 'title': 'vel non beatae est', 'completed': True}, {'userId': 10, 'id': 189, 'title': 'culpa eius et voluptatem et', 'completed': True}, {'userId': 10, 'id': 190, 'title': 'accusamus sint iusto et voluptatem exercitationem', 'completed': True}, {'userId': 10, 'id': 191, 'title': 'temporibus atque distinctio omnis eius impedit tempore molestias pariatur', 'completed': True}, {'userId': 10, 'id': 192, 'title': 'ut quas possimus exercitationem sint voluptates', 'completed': False}, {'userId': 10, 'id': 193, 'title': 'rerum debitis voluptatem qui eveniet tempora distinctio a', 'completed': True}, {'userId': 10, 'id': 194, 'title': 'sed ut vero sit molestiae', 'completed': False}, {'userId': 10, 'id': 195, 'title': 'rerum ex veniam mollitia voluptatibus pariatur', 'completed': True}, {'userId': 10, 'id': 196, 'title': 'consequuntur aut ut fugit similique', 'completed': True}, {'userId': 10, 'id': 197, 'title': 'dignissimos quo nobis earum saepe', 'completed': True}, {'userId': 10, 'id': 198, 'title': 'quis eius est sint explicabo', 'completed': True}, {'userId': 10, 'id': 199, 'title': 'numquam repellendus a magnam', 'completed': True}, {'userId': 10, 'id': 200, 'title': 'ipsam aperiam voluptates qui', 'completed': False}]
2026-06-10 01:23:37,017 - INFO - 
add_post() finished

2026-06-10 01:23:37,022 - INFO - Program result: [{'userId': 1, 'id': 1, 'title': 'delectus aut autem', 'completed': False}, {'userId': 1, 'id': 2, 'title': 'quis ut nam facilis et officia qui', 'completed': False}, {'userId': 1, 'id': 3, 'title': 'fugiat veniam minus', 'completed': False}, {'userId': 1, 'id': 4, 'title': 'et porro tempora', 'completed': True}, {'userId': 1, 'id': 5, 'title': 'laboriosam mollitia et enim quasi adipisci quia provident illum', 'completed': False}, {'userId': 1, 'id': 6, 'title': 'qui ullam ratione quibusdam voluptatem quia omnis', 'completed': False}, {'userId': 1, 'id': 7, 'title': 'illo expedita consequatur quia in', 'completed': False}, {'userId': 1, 'id': 8, 'title': 'quo adipisci enim quam ut ab', 'completed': True}, {'userId': 1, 'id': 9, 'title': 'molestiae perspiciatis ipsa', 'completed': False}, {'userId': 1, 'id': 10, 'title': 'illo est ratione doloremque quia maiores aut', 'completed': True}, {'userId': 1, 'id': 11, 'title': 'vero rerum temporibus dolor', 'completed': True}, {'userId': 1, 'id': 12, 'title': 'ipsa repellendus fugit nisi', 'completed': True}, {'userId': 1, 'id': 13, 'title': 'et doloremque nulla', 'completed': False}, {'userId': 1, 'id': 14, 'title': 'repellendus sunt dolores architecto voluptatum', 'completed': True}, {'userId': 1, 'id': 15, 'title': 'ab voluptatum amet voluptas', 'completed': True}, {'userId': 1, 'id': 16, 'title': 'accusamus eos facilis sint et aut voluptatem', 'completed': True}, {'userId': 1, 'id': 17, 'title': 'quo laboriosam deleniti aut qui', 'completed': True}, {'userId': 1, 'id': 18, 'title': 'dolorum est consequatur ea mollitia in culpa', 'completed': False}, {'userId': 1, 'id': 19, 'title': 'molestiae ipsa aut voluptatibus pariatur dolor nihil', 'completed': True}, {'userId': 1, 'id': 20, 'title': 'ullam nobis libero sapiente ad optio sint', 'completed': True}, {'userId': 2, 'id': 21, 'title': 'suscipit repellat esse quibusdam voluptatem incidunt', 'completed': False}, {'userId': 2, 'id': 22, 'title': 'distinctio vitae autem nihil ut molestias quo', 'completed': True}, {'userId': 2, 'id': 23, 'title': 'et itaque necessitatibus maxime molestiae qui quas velit', 'completed': False}, {'userId': 2, 'id': 24, 'title': 'adipisci non ad dicta qui amet quaerat doloribus ea', 'completed': False}, {'userId': 2, 'id': 25, 'title': 'voluptas quo tenetur perspiciatis explicabo natus', 'completed': True}, {'userId': 2, 'id': 26, 'title': 'aliquam aut quasi', 'completed': True}, {'userId': 2, 'id': 27, 'title': 'veritatis pariatur delectus', 'completed': True}, {'userId': 2, 'id': 28, 'title': 'nesciunt totam sit blanditiis sit', 'completed': False}, {'userId': 2, 'id': 29, 'title': 'laborum aut in quam', 'completed': False}, {'userId': 2, 'id': 30, 'title': 'nemo perspiciatis repellat ut dolor libero commodi blanditiis omnis', 'completed': True}, {'userId': 2, 'id': 31, 'title': 'repudiandae totam in est sint facere fuga', 'completed': False}, {'userId': 2, 'id': 32, 'title': 'earum doloribus ea doloremque quis', 'completed': False}, {'userId': 2, 'id': 33, 'title': 'sint sit aut vero', 'completed': False}, {'userId': 2, 'id': 34, 'title': 'porro aut necessitatibus eaque distinctio', 'completed': False}, {'userId': 2, 'id': 35, 'title': 'repellendus veritatis molestias dicta incidunt', 'completed': True}, {'userId': 2, 'id': 36, 'title': 'excepturi deleniti adipisci voluptatem et neque optio illum ad', 'completed': True}, {'userId': 2, 'id': 37, 'title': 'sunt cum tempora', 'completed': False}, {'userId': 2, 'id': 38, 'title': 'totam quia non', 'completed': False}, {'userId': 2, 'id': 39, 'title': 'doloremque quibusdam asperiores libero corrupti illum qui omnis', 'completed': False}, {'userId': 2, 'id': 40, 'title': 'totam atque quo nesciunt', 'completed': True}, {'userId': 3, 'id': 41, 'title': 'aliquid amet impedit consequatur aspernatur placeat eaque fugiat suscipit', 'completed': False}, {'userId': 3, 'id': 42, 'title': 'rerum perferendis error quia ut eveniet', 'completed': False}, {'userId': 3, 'id': 43, 'title': 'tempore ut sint quis recusandae', 'completed': True}, {'userId': 3, 'id': 44, 'title': 'cum debitis quis accusamus doloremque ipsa natus sapiente omnis', 'completed': True}, {'userId': 3, 'id': 45, 'title': 'velit soluta adipisci molestias reiciendis harum', 'completed': False}, {'userId': 3, 'id': 46, 'title': 'vel voluptatem repellat nihil placeat corporis', 'completed': False}, {'userId': 3, 'id': 47, 'title': 'nam qui rerum fugiat accusamus', 'completed': False}, {'userId': 3, 'id': 48, 'title': 'sit reprehenderit omnis quia', 'completed': False}, {'userId': 3, 'id': 49, 'title': 'ut necessitatibus aut maiores debitis officia blanditiis velit et', 'completed': False}, {'userId': 3, 'id': 50, 'title': 'cupiditate necessitatibus ullam aut quis dolor voluptate', 'completed': True}, {'userId': 3, 'id': 51, 'title': 'distinctio exercitationem ab doloribus', 'completed': False}, {'userId': 3, 'id': 52, 'title': 'nesciunt dolorum quis recusandae ad pariatur ratione', 'completed': False}, {'userId': 3, 'id': 53, 'title': 'qui labore est occaecati recusandae aliquid quam', 'completed': False}, {'userId': 3, 'id': 54, 'title': 'quis et est ut voluptate quam dolor', 'completed': True}, {'userId': 3, 'id': 55, 'title': 'voluptatum omnis minima qui occaecati provident nulla voluptatem ratione', 'completed': True}, {'userId': 3, 'id': 56, 'title': 'deleniti ea temporibus enim', 'completed': True}, {'userId': 3, 'id': 57, 'title': 'pariatur et magnam ea doloribus similique voluptatem rerum quia', 'completed': False}, {'userId': 3, 'id': 58, 'title': 'est dicta totam qui explicabo doloribus qui dignissimos', 'completed': False}, {'userId': 3, 'id': 59, 'title': 'perspiciatis velit id laborum placeat iusto et aliquam odio', 'completed': False}, {'userId': 3, 'id': 60, 'title': 'et sequi qui architecto ut adipisci', 'completed': True}, {'userId': 4, 'id': 61, 'title': 'odit optio omnis qui sunt', 'completed': True}, {'userId': 4, 'id': 62, 'title': 'et placeat et tempore aspernatur sint numquam', 'completed': False}, {'userId': 4, 'id': 63, 'title': 'doloremque aut dolores quidem fuga qui nulla', 'completed': True}, {'userId': 4, 'id': 64, 'title': 'voluptas consequatur qui ut quia magnam nemo esse', 'completed': False}, {'userId': 4, 'id': 65, 'title': 'fugiat pariatur ratione ut asperiores necessitatibus magni', 'completed': False}, {'userId': 4, 'id': 66, 'title': 'rerum eum molestias autem voluptatum sit optio', 'completed': False}, {'userId': 4, 'id': 67, 'title': 'quia voluptatibus voluptatem quos similique maiores repellat', 'completed': False}, {'userId': 4, 'id': 68, 'title': 'aut id perspiciatis voluptatem iusto', 'completed': False}, {'userId': 4, 'id': 69, 'title': 'doloribus sint dolorum ab adipisci itaque dignissimos aliquam suscipit', 'completed': False}, {'userId': 4, 'id': 70, 'title': 'ut sequi accusantium et mollitia delectus sunt', 'completed': False}, {'userId': 4, 'id': 71, 'title': 'aut velit saepe ullam', 'completed': False}, {'userId': 4, 'id': 72, 'title': 'praesentium facilis facere quis harum voluptatibus voluptatem eum', 'completed': False}, {'userId': 4, 'id': 73, 'title': 'sint amet quia totam corporis qui exercitationem commodi', 'completed': True}, {'userId': 4, 'id': 74, 'title': 'expedita tempore nobis eveniet laborum maiores', 'completed': False}, {'userId': 4, 'id': 75, 'title': 'occaecati adipisci est possimus totam', 'completed': False}, {'userId': 4, 'id': 76, 'title': 'sequi dolorem sed', 'completed': True}, {'userId': 4, 'id': 77, 'title': 'maiores aut nesciunt delectus exercitationem vel assumenda eligendi at', 'completed': False}, {'userId': 4, 'id': 78, 'title': 'reiciendis est magnam amet nemo iste recusandae impedit quaerat', 'completed': False}, {'userId': 4, 'id': 79, 'title': 'eum ipsa maxime ut', 'completed': True}, {'userId': 4, 'id': 80, 'title': 'tempore molestias dolores rerum sequi voluptates ipsum consequatur', 'completed': True}, {'userId': 5, 'id': 81, 'title': 'suscipit qui totam', 'completed': True}, {'userId': 5, 'id': 82, 'title': 'voluptates eum voluptas et dicta', 'completed': False}, {'userId': 5, 'id': 83, 'title': 'quidem at rerum quis ex aut sit quam', 'completed': True}, {'userId': 5, 'id': 84, 'title': 'sunt veritatis ut voluptate', 'completed': False}, {'userId': 5, 'id': 85, 'title': 'et quia ad iste a', 'completed': True}, {'userId': 5, 'id': 86, 'title': 'incidunt ut saepe autem', 'completed': True}, {'userId': 5, 'id': 87, 'title': 'laudantium quae eligendi consequatur quia et vero autem', 'completed': True}, {'userId': 5, 'id': 88, 'title': 'vitae aut excepturi laboriosam sint aliquam et et accusantium', 'completed': False}, {'userId': 5, 'id': 89, 'title': 'sequi ut omnis et', 'completed': True}, {'userId': 5, 'id': 90, 'title': 'molestiae nisi accusantium tenetur dolorem et', 'completed': True}, {'userId': 5, 'id': 91, 'title': 'nulla quis consequatur saepe qui id expedita', 'completed': True}, {'userId': 5, 'id': 92, 'title': 'in omnis laboriosam', 'completed': True}, {'userId': 5, 'id': 93, 'title': 'odio iure consequatur molestiae quibusdam necessitatibus quia sint', 'completed': True}, {'userId': 5, 'id': 94, 'title': 'facilis modi saepe mollitia', 'completed': False}, {'userId': 5, 'id': 95, 'title': 'vel nihil et molestiae iusto assumenda nemo quo ut', 'completed': True}, {'userId': 5, 'id': 96, 'title': 'nobis suscipit ducimus enim asperiores voluptas', 'completed': False}, {'userId': 5, 'id': 97, 'title': 'dolorum laboriosam eos qui iure aliquam', 'completed': False}, {'userId': 5, 'id': 98, 'title': 'debitis accusantium ut quo facilis nihil quis sapiente necessitatibus', 'completed': True}, {'userId': 5, 'id': 99, 'title': 'neque voluptates ratione', 'completed': False}, {'userId': 5, 'id': 100, 'title': 'excepturi a et neque qui expedita vel voluptate', 'completed': False}, {'userId': 6, 'id': 101, 'title': 'explicabo enim cumque porro aperiam occaecati minima', 'completed': False}, {'userId': 6, 'id': 102, 'title': 'sed ab consequatur', 'completed': False}, {'userId': 6, 'id': 103, 'title': 'non sunt delectus illo nulla tenetur enim omnis', 'completed': False}, {'userId': 6, 'id': 104, 'title': 'excepturi non laudantium quo', 'completed': False}, {'userId': 6, 'id': 105, 'title': 'totam quia dolorem et illum repellat voluptas optio', 'completed': True}, {'userId': 6, 'id': 106, 'title': 'ad illo quis voluptatem temporibus', 'completed': True}, {'userId': 6, 'id': 107, 'title': 'praesentium facilis omnis laudantium fugit ad iusto nihil nesciunt', 'completed': False}, {'userId': 6, 'id': 108, 'title': 'a eos eaque nihil et exercitationem incidunt delectus', 'completed': True}, {'userId': 6, 'id': 109, 'title': 'autem temporibus harum quisquam in culpa', 'completed': True}, {'userId': 6, 'id': 110, 'title': 'aut aut ea corporis', 'completed': True}, {'userId': 6, 'id': 111, 'title': 'magni accusantium labore et id quis provident', 'completed': False}, {'userId': 6, 'id': 112, 'title': 'consectetur impedit quisquam qui deserunt non rerum consequuntur eius', 'completed': False}, {'userId': 6, 'id': 113, 'title': 'quia atque aliquam sunt impedit voluptatum rerum assumenda nisi', 'completed': False}, {'userId': 6, 'id': 114, 'title': 'cupiditate quos possimus corporis quisquam exercitationem beatae', 'completed': False}, {'userId': 6, 'id': 115, 'title': 'sed et ea eum', 'completed': False}, {'userId': 6, 'id': 116, 'title': 'ipsa dolores vel facilis ut', 'completed': True}, {'userId': 6, 'id': 117, 'title': 'sequi quae est et qui qui eveniet asperiores', 'completed': False}, {'userId': 6, 'id': 118, 'title': 'quia modi consequatur vero fugiat', 'completed': False}, {'userId': 6, 'id': 119, 'title': 'corporis ducimus ea perspiciatis iste', 'completed': False}, {'userId': 6, 'id': 120, 'title': 'dolorem laboriosam vel voluptas et aliquam quasi', 'completed': False}, {'userId': 7, 'id': 121, 'title': 'inventore aut nihil minima laudantium hic qui omnis', 'completed': True}, {'userId': 7, 'id': 122, 'title': 'provident aut nobis culpa', 'completed': True}, {'userId': 7, 'id': 123, 'title': 'esse et quis iste est earum aut impedit', 'completed': False}, {'userId': 7, 'id': 124, 'title': 'qui consectetur id', 'completed': False}, {'userId': 7, 'id': 125, 'title': 'aut quasi autem iste tempore illum possimus', 'completed': False}, {'userId': 7, 'id': 126, 'title': 'ut asperiores perspiciatis veniam ipsum rerum saepe', 'completed': True}, {'userId': 7, 'id': 127, 'title': 'voluptatem libero consectetur rerum ut', 'completed': True}, {'userId': 7, 'id': 128, 'title': 'eius omnis est qui voluptatem autem', 'completed': False}, {'userId': 7, 'id': 129, 'title': 'rerum culpa quis harum', 'completed': False}, {'userId': 7, 'id': 130, 'title': 'nulla aliquid eveniet harum laborum libero alias ut unde', 'completed': True}, {'userId': 7, 'id': 131, 'title': 'qui ea incidunt quis', 'completed': False}, {'userId': 7, 'id': 132, 'title': 'qui molestiae voluptatibus velit iure harum quisquam', 'completed': True}, {'userId': 7, 'id': 133, 'title': 'et labore eos enim rerum consequatur sunt', 'completed': True}, {'userId': 7, 'id': 134, 'title': 'molestiae doloribus et laborum quod ea', 'completed': False}, {'userId': 7, 'id': 135, 'title': 'facere ipsa nam eum voluptates reiciendis vero qui', 'completed': False}, {'userId': 7, 'id': 136, 'title': 'asperiores illo tempora fuga sed ut quasi adipisci', 'completed': False}, {'userId': 7, 'id': 137, 'title': 'qui sit non', 'completed': False}, {'userId': 7, 'id': 138, 'title': 'placeat minima consequatur rem qui ut', 'completed': True}, {'userId': 7, 'id': 139, 'title': 'consequatur doloribus id possimus voluptas a voluptatem', 'completed': False}, {'userId': 7, 'id': 140, 'title': 'aut consectetur in blanditiis deserunt quia sed laboriosam', 'completed': True}, {'userId': 8, 'id': 141, 'title': 'explicabo consectetur debitis voluptates quas quae culpa rerum non', 'completed': True}, {'userId': 8, 'id': 142, 'title': 'maiores accusantium architecto necessitatibus reiciendis ea aut', 'completed': True}, {'userId': 8, 'id': 143, 'title': 'eum non recusandae cupiditate animi', 'completed': False}, {'userId': 8, 'id': 144, 'title': 'ut eum exercitationem sint', 'completed': False}, {'userId': 8, 'id': 145, 'title': 'beatae qui ullam incidunt voluptatem non nisi aliquam', 'completed': False}, {'userId': 8, 'id': 146, 'title': 'molestiae suscipit ratione nihil odio libero impedit vero totam', 'completed': True}, {'userId': 8, 'id': 147, 'title': 'eum itaque quod reprehenderit et facilis dolor autem ut', 'completed': True}, {'userId': 8, 'id': 148, 'title': 'esse quas et quo quasi exercitationem', 'completed': False}, {'userId': 8, 'id': 149, 'title': 'animi voluptas quod perferendis est', 'completed': False}, {'userId': 8, 'id': 150, 'title': 'eos amet tempore laudantium fugit a', 'completed': False}, {'userId': 8, 'id': 151, 'title': 'accusamus adipisci dicta qui quo ea explicabo sed vero', 'completed': True}, {'userId': 8, 'id': 152, 'title': 'odit eligendi recusandae doloremque cumque non', 'completed': False}, {'userId': 8, 'id': 153, 'title': 'ea aperiam consequatur qui repellat eos', 'completed': False}, {'userId': 8, 'id': 154, 'title': 'rerum non ex sapiente', 'completed': True}, {'userId': 8, 'id': 155, 'title': 'voluptatem nobis consequatur et assumenda magnam', 'completed': True}, {'userId': 8, 'id': 156, 'title': 'nam quia quia nulla repellat assumenda quibusdam sit nobis', 'completed': True}, {'userId': 8, 'id': 157, 'title': 'dolorem veniam quisquam deserunt repellendus', 'completed': True}, {'userId': 8, 'id': 158, 'title': 'debitis vitae delectus et harum accusamus aut deleniti a', 'completed': True}, {'userId': 8, 'id': 159, 'title': 'debitis adipisci quibusdam aliquam sed dolore ea praesentium nobis', 'completed': True}, {'userId': 8, 'id': 160, 'title': 'et praesentium aliquam est', 'completed': False}, {'userId': 9, 'id': 161, 'title': 'ex hic consequuntur earum omnis alias ut occaecati culpa', 'completed': True}, {'userId': 9, 'id': 162, 'title': 'omnis laboriosam molestias animi sunt dolore', 'completed': True}, {'userId': 9, 'id': 163, 'title': 'natus corrupti maxime laudantium et voluptatem laboriosam odit', 'completed': False}, {'userId': 9, 'id': 164, 'title': 'reprehenderit quos aut aut consequatur est sed', 'completed': False}, {'userId': 9, 'id': 165, 'title': 'fugiat perferendis sed aut quidem', 'completed': False}, {'userId': 9, 'id': 166, 'title': 'quos quo possimus suscipit minima ut', 'completed': False}, {'userId': 9, 'id': 167, 'title': 'et quis minus quo a asperiores molestiae', 'completed': False}, {'userId': 9, 'id': 168, 'title': 'recusandae quia qui sunt libero', 'completed': False}, {'userId': 9, 'id': 169, 'title': 'ea odio perferendis officiis', 'completed': True}, {'userId': 9, 'id': 170, 'title': 'quisquam aliquam quia doloribus aut', 'completed': False}, {'userId': 9, 'id': 171, 'title': 'fugiat aut voluptatibus corrupti deleniti velit iste odio', 'completed': True}, {'userId': 9, 'id': 172, 'title': 'et provident amet rerum consectetur et voluptatum', 'completed': False}, {'userId': 9, 'id': 173, 'title': 'harum ad aperiam quis', 'completed': False}, {'userId': 9, 'id': 174, 'title': 'similique aut quo', 'completed': False}, {'userId': 9, 'id': 175, 'title': 'laudantium eius officia perferendis provident perspiciatis asperiores', 'completed': True}, {'userId': 9, 'id': 176, 'title': 'magni soluta corrupti ut maiores rem quidem', 'completed': False}, {'userId': 9, 'id': 177, 'title': 'et placeat temporibus voluptas est tempora quos quibusdam', 'completed': False}, {'userId': 9, 'id': 178, 'title': 'nesciunt itaque commodi tempore', 'completed': True}, {'userId': 9, 'id': 179, 'title': 'omnis consequuntur cupiditate impedit itaque ipsam quo', 'completed': True}, {'userId': 9, 'id': 180, 'title': 'debitis nisi et dolorem repellat et', 'completed': True}, {'userId': 10, 'id': 181, 'title': 'ut cupiditate sequi aliquam fuga maiores', 'completed': False}, {'userId': 10, 'id': 182, 'title': 'inventore saepe cumque et aut illum enim', 'completed': True}, {'userId': 10, 'id': 183, 'title': 'omnis nulla eum aliquam distinctio', 'completed': True}, {'userId': 10, 'id': 184, 'title': 'molestias modi perferendis perspiciatis', 'completed': False}, {'userId': 10, 'id': 185, 'title': 'voluptates dignissimos sed doloribus animi quaerat aut', 'completed': False}, {'userId': 10, 'id': 186, 'title': 'explicabo odio est et', 'completed': False}, {'userId': 10, 'id': 187, 'title': 'consequuntur animi possimus', 'completed': False}, {'userId': 10, 'id': 188, 'title': 'vel non beatae est', 'completed': True}, {'userId': 10, 'id': 189, 'title': 'culpa eius et voluptatem et', 'completed': True}, {'userId': 10, 'id': 190, 'title': 'accusamus sint iusto et voluptatem exercitationem', 'completed': True}, {'userId': 10, 'id': 191, 'title': 'temporibus atque distinctio omnis eius impedit tempore molestias pariatur', 'completed': True}, {'userId': 10, 'id': 192, 'title': 'ut quas possimus exercitationem sint voluptates', 'completed': False}, {'userId': 10, 'id': 193, 'title': 'rerum debitis voluptatem qui eveniet tempora distinctio a', 'completed': True}, {'userId': 10, 'id': 194, 'title': 'sed ut vero sit molestiae', 'completed': False}, {'userId': 10, 'id': 195, 'title': 'rerum ex veniam mollitia voluptatibus pariatur', 'completed': True}, {'userId': 10, 'id': 196, 'title': 'consequuntur aut ut fugit similique', 'completed': True}, {'userId': 10, 'id': 197, 'title': 'dignissimos quo nobis earum saepe', 'completed': True}, {'userId': 10, 'id': 198, 'title': 'quis eius est sint explicabo', 'completed': True}, {'userId': 10, 'id': 199, 'title': 'numquam repellendus a magnam', 'completed': True}, {'userId': 10, 'id': 200, 'title': 'ipsam aperiam voluptates qui', 'completed': False}]
2026-06-10 01:23:37,023 - INFO - Program finished
2026-06-10 01:27:07,266 - DEBUG - Using proactor: IocpProactor
2026-06-10 01:27:07,270 - INFO - Program started
2026-06-10 01:27:08,776 - DEBUG - HTTP client created
2026-06-10 01:27:08,798 - DEBUG - connect_tcp.started host='127.0.0.1' port=50422 local_address=None timeout=5.0 socket_options=None
2026-06-10 01:27:08,801 - DEBUG - connect_tcp.complete return_value=<httpcore._backends.anyio.AnyIOStream object at 0x0000021DF2029E80>
2026-06-10 01:27:08,803 - DEBUG - send_request_headers.started request=<Request [b'CONNECT']>
2026-06-10 01:27:08,804 - DEBUG - send_request_headers.complete
2026-06-10 01:27:08,804 - DEBUG - send_request_body.started request=<Request [b'CONNECT']>
2026-06-10 01:27:08,805 - DEBUG - send_request_body.complete
2026-06-10 01:27:08,805 - DEBUG - receive_response_headers.started request=<Request [b'CONNECT']>
2026-06-10 01:27:08,853 - DEBUG - receive_response_headers.complete return_value=(b'HTTP/1.1', 200, b'OK', [])
2026-06-10 01:27:08,853 - DEBUG - start_tls.started ssl_context=<ssl.SSLContext object at 0x0000021DF1DCBAD0> server_hostname='jsonplaceholder.typicode.com' timeout=5.0
2026-06-10 01:27:08,890 - DEBUG - start_tls.complete return_value=<httpcore._backends.anyio.AnyIOStream object at 0x0000021DF1FEB750>
2026-06-10 01:27:08,892 - DEBUG - send_request_headers.started request=<Request [b'GET']>
2026-06-10 01:27:08,893 - DEBUG - send_request_headers.complete
2026-06-10 01:27:08,893 - DEBUG - send_request_body.started request=<Request [b'GET']>
2026-06-10 01:27:08,893 - DEBUG - send_request_body.complete
2026-06-10 01:27:08,893 - DEBUG - receive_response_headers.started request=<Request [b'GET']>
2026-06-10 01:27:08,962 - DEBUG - receive_response_headers.complete return_value=(b'HTTP/1.1', 200, b'OK', [(b'Date', b'Tue, 09 Jun 2026 21:27:11 GMT'), (b'Content-Type', b'application/json; charset=utf-8'), (b'Content-Length', b'4005'), (b'Connection', b'keep-alive'), (b'Access-Control-Allow-Credentials', b'true'), (b'Cache-Control', b'max-age=43200'), (b'Content-Encoding', b'gzip'), (b'Etag', b'W/"5ef7-4Ad6/n39KWY9q6Ykm/ULNQ2F5IM"'), (b'Expires', b'-1'), (b'Nel', b'{"report_to":"heroku-nel","response_headers":["Via"],"max_age":3600,"success_fraction":0.01,"failure_fraction":0.1}'), (b'Pragma', b'no-cache'), (b'Report-To', b'{"group":"heroku-nel","endpoints":[{"url":"https://nel.heroku.com/reports?s=7JNnv9o2PggVMWLNhwTuiJctGFcQCA%2F7Ug0%2Fds8nXfU%3D\\u0026sid=e11707d5-02a7-43ef-b45e-2cf4d2036f7d\\u0026ts=1780844949"}],"max_age":3600}'), (b'Reporting-Endpoints', b'heroku-nel="https://nel.heroku.com/reports?s=7JNnv9o2PggVMWLNhwTuiJctGFcQCA%2F7Ug0%2Fds8nXfU%3D&sid=e11707d5-02a7-43ef-b45e-2cf4d2036f7d&ts=1780844949"'), (b'Server', b'cloudflare'), (b'Vary', b'Origin, Accept-Encoding'), (b'Via', b'2.0 heroku-router'), (b'X-Content-Type-Options', b'nosniff'), (b'X-Powered-By', b'Express'), (b'X-Ratelimit-Limit', b'1000'), (b'X-Ratelimit-Remaining', b'999'), (b'X-Ratelimit-Reset', b'1780844956'), (b'Age', b'1683'), (b'Accept-Ranges', b'bytes'), (b'Cf-Cache-Status', b'HIT'), (b'CF-RAY', b'a093380a7ac7e784-TBS'), (b'alt-svc', b'h3=":443"; ma=86400')])
2026-06-10 01:27:08,963 - INFO - HTTP Request: GET https://jsonplaceholder.typicode.com/todos "HTTP/1.1 200 OK"
2026-06-10 01:27:08,964 - DEBUG - receive_response_body.started request=<Request [b'GET']>
2026-06-10 01:27:08,982 - DEBUG - receive_response_body.complete
2026-06-10 01:27:08,983 - DEBUG - response_closed.started
2026-06-10 01:27:08,983 - DEBUG - response_closed.complete
2026-06-10 01:27:08,985 - INFO - Request sent to https://jsonplaceholder.typicode.com/todos
2026-06-10 01:27:08,985 - INFO - Response status: 200 OK
2026-06-10 01:27:08,985 - DEBUG - Todos received: 200 items
2026-06-10 01:27:08,987 - INFO - First user found: [{'userId': 1, 'id': 1, 'title': 'delectus aut autem', 'completed': False}, {'userId': 1, 'id': 2, 'title': 'quis ut nam facilis et officia qui', 'completed': False}, {'userId': 1, 'id': 3, 'title': 'fugiat veniam minus', 'completed': False}, {'userId': 1, 'id': 4, 'title': 'et porro tempora', 'completed': True}, {'userId': 1, 'id': 5, 'title': 'laboriosam mollitia et enim quasi adipisci quia provident illum', 'completed': False}, {'userId': 1, 'id': 6, 'title': 'qui ullam ratione quibusdam voluptatem quia omnis', 'completed': False}, {'userId': 1, 'id': 7, 'title': 'illo expedita consequatur quia in', 'completed': False}, {'userId': 1, 'id': 8, 'title': 'quo adipisci enim quam ut ab', 'completed': True}, {'userId': 1, 'id': 9, 'title': 'molestiae perspiciatis ipsa', 'completed': False}, {'userId': 1, 'id': 10, 'title': 'illo est ratione doloremque quia maiores aut', 'completed': True}, {'userId': 1, 'id': 11, 'title': 'vero rerum temporibus dolor', 'completed': True}, {'userId': 1, 'id': 12, 'title': 'ipsa repellendus fugit nisi', 'completed': True}, {'userId': 1, 'id': 13, 'title': 'et doloremque nulla', 'completed': False}, {'userId': 1, 'id': 14, 'title': 'repellendus sunt dolores architecto voluptatum', 'completed': True}, {'userId': 1, 'id': 15, 'title': 'ab voluptatum amet voluptas', 'completed': True}, {'userId': 1, 'id': 16, 'title': 'accusamus eos facilis sint et aut voluptatem', 'completed': True}, {'userId': 1, 'id': 17, 'title': 'quo laboriosam deleniti aut qui', 'completed': True}, {'userId': 1, 'id': 18, 'title': 'dolorum est consequatur ea mollitia in culpa', 'completed': False}, {'userId': 1, 'id': 19, 'title': 'molestiae ipsa aut voluptatibus pariatur dolor nihil', 'completed': True}, {'userId': 1, 'id': 20, 'title': 'ullam nobis libero sapiente ad optio sint', 'completed': True}, {'userId': 2, 'id': 21, 'title': 'suscipit repellat esse quibusdam voluptatem incidunt', 'completed': False}, {'userId': 2, 'id': 22, 'title': 'distinctio vitae autem nihil ut molestias quo', 'completed': True}, {'userId': 2, 'id': 23, 'title': 'et itaque necessitatibus maxime molestiae qui quas velit', 'completed': False}, {'userId': 2, 'id': 24, 'title': 'adipisci non ad dicta qui amet quaerat doloribus ea', 'completed': False}, {'userId': 2, 'id': 25, 'title': 'voluptas quo tenetur perspiciatis explicabo natus', 'completed': True}, {'userId': 2, 'id': 26, 'title': 'aliquam aut quasi', 'completed': True}, {'userId': 2, 'id': 27, 'title': 'veritatis pariatur delectus', 'completed': True}, {'userId': 2, 'id': 28, 'title': 'nesciunt totam sit blanditiis sit', 'completed': False}, {'userId': 2, 'id': 29, 'title': 'laborum aut in quam', 'completed': False}, {'userId': 2, 'id': 30, 'title': 'nemo perspiciatis repellat ut dolor libero commodi blanditiis omnis', 'completed': True}, {'userId': 2, 'id': 31, 'title': 'repudiandae totam in est sint facere fuga', 'completed': False}, {'userId': 2, 'id': 32, 'title': 'earum doloribus ea doloremque quis', 'completed': False}, {'userId': 2, 'id': 33, 'title': 'sint sit aut vero', 'completed': False}, {'userId': 2, 'id': 34, 'title': 'porro aut necessitatibus eaque distinctio', 'completed': False}, {'userId': 2, 'id': 35, 'title': 'repellendus veritatis molestias dicta incidunt', 'completed': True}, {'userId': 2, 'id': 36, 'title': 'excepturi deleniti adipisci voluptatem et neque optio illum ad', 'completed': True}, {'userId': 2, 'id': 37, 'title': 'sunt cum tempora', 'completed': False}, {'userId': 2, 'id': 38, 'title': 'totam quia non', 'completed': False}, {'userId': 2, 'id': 39, 'title': 'doloremque quibusdam asperiores libero corrupti illum qui omnis', 'completed': False}, {'userId': 2, 'id': 40, 'title': 'totam atque quo nesciunt', 'completed': True}, {'userId': 3, 'id': 41, 'title': 'aliquid amet impedit consequatur aspernatur placeat eaque fugiat suscipit', 'completed': False}, {'userId': 3, 'id': 42, 'title': 'rerum perferendis error quia ut eveniet', 'completed': False}, {'userId': 3, 'id': 43, 'title': 'tempore ut sint quis recusandae', 'completed': True}, {'userId': 3, 'id': 44, 'title': 'cum debitis quis accusamus doloremque ipsa natus sapiente omnis', 'completed': True}, {'userId': 3, 'id': 45, 'title': 'velit soluta adipisci molestias reiciendis harum', 'completed': False}, {'userId': 3, 'id': 46, 'title': 'vel voluptatem repellat nihil placeat corporis', 'completed': False}, {'userId': 3, 'id': 47, 'title': 'nam qui rerum fugiat accusamus', 'completed': False}, {'userId': 3, 'id': 48, 'title': 'sit reprehenderit omnis quia', 'completed': False}, {'userId': 3, 'id': 49, 'title': 'ut necessitatibus aut maiores debitis officia blanditiis velit et', 'completed': False}, {'userId': 3, 'id': 50, 'title': 'cupiditate necessitatibus ullam aut quis dolor voluptate', 'completed': True}, {'userId': 3, 'id': 51, 'title': 'distinctio exercitationem ab doloribus', 'completed': False}, {'userId': 3, 'id': 52, 'title': 'nesciunt dolorum quis recusandae ad pariatur ratione', 'completed': False}, {'userId': 3, 'id': 53, 'title': 'qui labore est occaecati recusandae aliquid quam', 'completed': False}, {'userId': 3, 'id': 54, 'title': 'quis et est ut voluptate quam dolor', 'completed': True}, {'userId': 3, 'id': 55, 'title': 'voluptatum omnis minima qui occaecati provident nulla voluptatem ratione', 'completed': True}, {'userId': 3, 'id': 56, 'title': 'deleniti ea temporibus enim', 'completed': True}, {'userId': 3, 'id': 57, 'title': 'pariatur et magnam ea doloribus similique voluptatem rerum quia', 'completed': False}, {'userId': 3, 'id': 58, 'title': 'est dicta totam qui explicabo doloribus qui dignissimos', 'completed': False}, {'userId': 3, 'id': 59, 'title': 'perspiciatis velit id laborum placeat iusto et aliquam odio', 'completed': False}, {'userId': 3, 'id': 60, 'title': 'et sequi qui architecto ut adipisci', 'completed': True}, {'userId': 4, 'id': 61, 'title': 'odit optio omnis qui sunt', 'completed': True}, {'userId': 4, 'id': 62, 'title': 'et placeat et tempore aspernatur sint numquam', 'completed': False}, {'userId': 4, 'id': 63, 'title': 'doloremque aut dolores quidem fuga qui nulla', 'completed': True}, {'userId': 4, 'id': 64, 'title': 'voluptas consequatur qui ut quia magnam nemo esse', 'completed': False}, {'userId': 4, 'id': 65, 'title': 'fugiat pariatur ratione ut asperiores necessitatibus magni', 'completed': False}, {'userId': 4, 'id': 66, 'title': 'rerum eum molestias autem voluptatum sit optio', 'completed': False}, {'userId': 4, 'id': 67, 'title': 'quia voluptatibus voluptatem quos similique maiores repellat', 'completed': False}, {'userId': 4, 'id': 68, 'title': 'aut id perspiciatis voluptatem iusto', 'completed': False}, {'userId': 4, 'id': 69, 'title': 'doloribus sint dolorum ab adipisci itaque dignissimos aliquam suscipit', 'completed': False}, {'userId': 4, 'id': 70, 'title': 'ut sequi accusantium et mollitia delectus sunt', 'completed': False}, {'userId': 4, 'id': 71, 'title': 'aut velit saepe ullam', 'completed': False}, {'userId': 4, 'id': 72, 'title': 'praesentium facilis facere quis harum voluptatibus voluptatem eum', 'completed': False}, {'userId': 4, 'id': 73, 'title': 'sint amet quia totam corporis qui exercitationem commodi', 'completed': True}, {'userId': 4, 'id': 74, 'title': 'expedita tempore nobis eveniet laborum maiores', 'completed': False}, {'userId': 4, 'id': 75, 'title': 'occaecati adipisci est possimus totam', 'completed': False}, {'userId': 4, 'id': 76, 'title': 'sequi dolorem sed', 'completed': True}, {'userId': 4, 'id': 77, 'title': 'maiores aut nesciunt delectus exercitationem vel assumenda eligendi at', 'completed': False}, {'userId': 4, 'id': 78, 'title': 'reiciendis est magnam amet nemo iste recusandae impedit quaerat', 'completed': False}, {'userId': 4, 'id': 79, 'title': 'eum ipsa maxime ut', 'completed': True}, {'userId': 4, 'id': 80, 'title': 'tempore molestias dolores rerum sequi voluptates ipsum consequatur', 'completed': True}, {'userId': 5, 'id': 81, 'title': 'suscipit qui totam', 'completed': True}, {'userId': 5, 'id': 82, 'title': 'voluptates eum voluptas et dicta', 'completed': False}, {'userId': 5, 'id': 83, 'title': 'quidem at rerum quis ex aut sit quam', 'completed': True}, {'userId': 5, 'id': 84, 'title': 'sunt veritatis ut voluptate', 'completed': False}, {'userId': 5, 'id': 85, 'title': 'et quia ad iste a', 'completed': True}, {'userId': 5, 'id': 86, 'title': 'incidunt ut saepe autem', 'completed': True}, {'userId': 5, 'id': 87, 'title': 'laudantium quae eligendi consequatur quia et vero autem', 'completed': True}, {'userId': 5, 'id': 88, 'title': 'vitae aut excepturi laboriosam sint aliquam et et accusantium', 'completed': False}, {'userId': 5, 'id': 89, 'title': 'sequi ut omnis et', 'completed': True}, {'userId': 5, 'id': 90, 'title': 'molestiae nisi accusantium tenetur dolorem et', 'completed': True}, {'userId': 5, 'id': 91, 'title': 'nulla quis consequatur saepe qui id expedita', 'completed': True}, {'userId': 5, 'id': 92, 'title': 'in omnis laboriosam', 'completed': True}, {'userId': 5, 'id': 93, 'title': 'odio iure consequatur molestiae quibusdam necessitatibus quia sint', 'completed': True}, {'userId': 5, 'id': 94, 'title': 'facilis modi saepe mollitia', 'completed': False}, {'userId': 5, 'id': 95, 'title': 'vel nihil et molestiae iusto assumenda nemo quo ut', 'completed': True}, {'userId': 5, 'id': 96, 'title': 'nobis suscipit ducimus enim asperiores voluptas', 'completed': False}, {'userId': 5, 'id': 97, 'title': 'dolorum laboriosam eos qui iure aliquam', 'completed': False}, {'userId': 5, 'id': 98, 'title': 'debitis accusantium ut quo facilis nihil quis sapiente necessitatibus', 'completed': True}, {'userId': 5, 'id': 99, 'title': 'neque voluptates ratione', 'completed': False}, {'userId': 5, 'id': 100, 'title': 'excepturi a et neque qui expedita vel voluptate', 'completed': False}, {'userId': 6, 'id': 101, 'title': 'explicabo enim cumque porro aperiam occaecati minima', 'completed': False}, {'userId': 6, 'id': 102, 'title': 'sed ab consequatur', 'completed': False}, {'userId': 6, 'id': 103, 'title': 'non sunt delectus illo nulla tenetur enim omnis', 'completed': False}, {'userId': 6, 'id': 104, 'title': 'excepturi non laudantium quo', 'completed': False}, {'userId': 6, 'id': 105, 'title': 'totam quia dolorem et illum repellat voluptas optio', 'completed': True}, {'userId': 6, 'id': 106, 'title': 'ad illo quis voluptatem temporibus', 'completed': True}, {'userId': 6, 'id': 107, 'title': 'praesentium facilis omnis laudantium fugit ad iusto nihil nesciunt', 'completed': False}, {'userId': 6, 'id': 108, 'title': 'a eos eaque nihil et exercitationem incidunt delectus', 'completed': True}, {'userId': 6, 'id': 109, 'title': 'autem temporibus harum quisquam in culpa', 'completed': True}, {'userId': 6, 'id': 110, 'title': 'aut aut ea corporis', 'completed': True}, {'userId': 6, 'id': 111, 'title': 'magni accusantium labore et id quis provident', 'completed': False}, {'userId': 6, 'id': 112, 'title': 'consectetur impedit quisquam qui deserunt non rerum consequuntur eius', 'completed': False}, {'userId': 6, 'id': 113, 'title': 'quia atque aliquam sunt impedit voluptatum rerum assumenda nisi', 'completed': False}, {'userId': 6, 'id': 114, 'title': 'cupiditate quos possimus corporis quisquam exercitationem beatae', 'completed': False}, {'userId': 6, 'id': 115, 'title': 'sed et ea eum', 'completed': False}, {'userId': 6, 'id': 116, 'title': 'ipsa dolores vel facilis ut', 'completed': True}, {'userId': 6, 'id': 117, 'title': 'sequi quae est et qui qui eveniet asperiores', 'completed': False}, {'userId': 6, 'id': 118, 'title': 'quia modi consequatur vero fugiat', 'completed': False}, {'userId': 6, 'id': 119, 'title': 'corporis ducimus ea perspiciatis iste', 'completed': False}, {'userId': 6, 'id': 120, 'title': 'dolorem laboriosam vel voluptas et aliquam quasi', 'completed': False}, {'userId': 7, 'id': 121, 'title': 'inventore aut nihil minima laudantium hic qui omnis', 'completed': True}, {'userId': 7, 'id': 122, 'title': 'provident aut nobis culpa', 'completed': True}, {'userId': 7, 'id': 123, 'title': 'esse et quis iste est earum aut impedit', 'completed': False}, {'userId': 7, 'id': 124, 'title': 'qui consectetur id', 'completed': False}, {'userId': 7, 'id': 125, 'title': 'aut quasi autem iste tempore illum possimus', 'completed': False}, {'userId': 7, 'id': 126, 'title': 'ut asperiores perspiciatis veniam ipsum rerum saepe', 'completed': True}, {'userId': 7, 'id': 127, 'title': 'voluptatem libero consectetur rerum ut', 'completed': True}, {'userId': 7, 'id': 128, 'title': 'eius omnis est qui voluptatem autem', 'completed': False}, {'userId': 7, 'id': 129, 'title': 'rerum culpa quis harum', 'completed': False}, {'userId': 7, 'id': 130, 'title': 'nulla aliquid eveniet harum laborum libero alias ut unde', 'completed': True}, {'userId': 7, 'id': 131, 'title': 'qui ea incidunt quis', 'completed': False}, {'userId': 7, 'id': 132, 'title': 'qui molestiae voluptatibus velit iure harum quisquam', 'completed': True}, {'userId': 7, 'id': 133, 'title': 'et labore eos enim rerum consequatur sunt', 'completed': True}, {'userId': 7, 'id': 134, 'title': 'molestiae doloribus et laborum quod ea', 'completed': False}, {'userId': 7, 'id': 135, 'title': 'facere ipsa nam eum voluptates reiciendis vero qui', 'completed': False}, {'userId': 7, 'id': 136, 'title': 'asperiores illo tempora fuga sed ut quasi adipisci', 'completed': False}, {'userId': 7, 'id': 137, 'title': 'qui sit non', 'completed': False}, {'userId': 7, 'id': 138, 'title': 'placeat minima consequatur rem qui ut', 'completed': True}, {'userId': 7, 'id': 139, 'title': 'consequatur doloribus id possimus voluptas a voluptatem', 'completed': False}, {'userId': 7, 'id': 140, 'title': 'aut consectetur in blanditiis deserunt quia sed laboriosam', 'completed': True}, {'userId': 8, 'id': 141, 'title': 'explicabo consectetur debitis voluptates quas quae culpa rerum non', 'completed': True}, {'userId': 8, 'id': 142, 'title': 'maiores accusantium architecto necessitatibus reiciendis ea aut', 'completed': True}, {'userId': 8, 'id': 143, 'title': 'eum non recusandae cupiditate animi', 'completed': False}, {'userId': 8, 'id': 144, 'title': 'ut eum exercitationem sint', 'completed': False}, {'userId': 8, 'id': 145, 'title': 'beatae qui ullam incidunt voluptatem non nisi aliquam', 'completed': False}, {'userId': 8, 'id': 146, 'title': 'molestiae suscipit ratione nihil odio libero impedit vero totam', 'completed': True}, {'userId': 8, 'id': 147, 'title': 'eum itaque quod reprehenderit et facilis dolor autem ut', 'completed': True}, {'userId': 8, 'id': 148, 'title': 'esse quas et quo quasi exercitationem', 'completed': False}, {'userId': 8, 'id': 149, 'title': 'animi voluptas quod perferendis est', 'completed': False}, {'userId': 8, 'id': 150, 'title': 'eos amet tempore laudantium fugit a', 'completed': False}, {'userId': 8, 'id': 151, 'title': 'accusamus adipisci dicta qui quo ea explicabo sed vero', 'completed': True}, {'userId': 8, 'id': 152, 'title': 'odit eligendi recusandae doloremque cumque non', 'completed': False}, {'userId': 8, 'id': 153, 'title': 'ea aperiam consequatur qui repellat eos', 'completed': False}, {'userId': 8, 'id': 154, 'title': 'rerum non ex sapiente', 'completed': True}, {'userId': 8, 'id': 155, 'title': 'voluptatem nobis consequatur et assumenda magnam', 'completed': True}, {'userId': 8, 'id': 156, 'title': 'nam quia quia nulla repellat assumenda quibusdam sit nobis', 'completed': True}, {'userId': 8, 'id': 157, 'title': 'dolorem veniam quisquam deserunt repellendus', 'completed': True}, {'userId': 8, 'id': 158, 'title': 'debitis vitae delectus et harum accusamus aut deleniti a', 'completed': True}, {'userId': 8, 'id': 159, 'title': 'debitis adipisci quibusdam aliquam sed dolore ea praesentium nobis', 'completed': True}, {'userId': 8, 'id': 160, 'title': 'et praesentium aliquam est', 'completed': False}, {'userId': 9, 'id': 161, 'title': 'ex hic consequuntur earum omnis alias ut occaecati culpa', 'completed': True}, {'userId': 9, 'id': 162, 'title': 'omnis laboriosam molestias animi sunt dolore', 'completed': True}, {'userId': 9, 'id': 163, 'title': 'natus corrupti maxime laudantium et voluptatem laboriosam odit', 'completed': False}, {'userId': 9, 'id': 164, 'title': 'reprehenderit quos aut aut consequatur est sed', 'completed': False}, {'userId': 9, 'id': 165, 'title': 'fugiat perferendis sed aut quidem', 'completed': False}, {'userId': 9, 'id': 166, 'title': 'quos quo possimus suscipit minima ut', 'completed': False}, {'userId': 9, 'id': 167, 'title': 'et quis minus quo a asperiores molestiae', 'completed': False}, {'userId': 9, 'id': 168, 'title': 'recusandae quia qui sunt libero', 'completed': False}, {'userId': 9, 'id': 169, 'title': 'ea odio perferendis officiis', 'completed': True}, {'userId': 9, 'id': 170, 'title': 'quisquam aliquam quia doloribus aut', 'completed': False}, {'userId': 9, 'id': 171, 'title': 'fugiat aut voluptatibus corrupti deleniti velit iste odio', 'completed': True}, {'userId': 9, 'id': 172, 'title': 'et provident amet rerum consectetur et voluptatum', 'completed': False}, {'userId': 9, 'id': 173, 'title': 'harum ad aperiam quis', 'completed': False}, {'userId': 9, 'id': 174, 'title': 'similique aut quo', 'completed': False}, {'userId': 9, 'id': 175, 'title': 'laudantium eius officia perferendis provident perspiciatis asperiores', 'completed': True}, {'userId': 9, 'id': 176, 'title': 'magni soluta corrupti ut maiores rem quidem', 'completed': False}, {'userId': 9, 'id': 177, 'title': 'et placeat temporibus voluptas est tempora quos quibusdam', 'completed': False}, {'userId': 9, 'id': 178, 'title': 'nesciunt itaque commodi tempore', 'completed': True}, {'userId': 9, 'id': 179, 'title': 'omnis consequuntur cupiditate impedit itaque ipsam quo', 'completed': True}, {'userId': 9, 'id': 180, 'title': 'debitis nisi et dolorem repellat et', 'completed': True}, {'userId': 10, 'id': 181, 'title': 'ut cupiditate sequi aliquam fuga maiores', 'completed': False}, {'userId': 10, 'id': 182, 'title': 'inventore saepe cumque et aut illum enim', 'completed': True}, {'userId': 10, 'id': 183, 'title': 'omnis nulla eum aliquam distinctio', 'completed': True}, {'userId': 10, 'id': 184, 'title': 'molestias modi perferendis perspiciatis', 'completed': False}, {'userId': 10, 'id': 185, 'title': 'voluptates dignissimos sed doloribus animi quaerat aut', 'completed': False}, {'userId': 10, 'id': 186, 'title': 'explicabo odio est et', 'completed': False}, {'userId': 10, 'id': 187, 'title': 'consequuntur animi possimus', 'completed': False}, {'userId': 10, 'id': 188, 'title': 'vel non beatae est', 'completed': True}, {'userId': 10, 'id': 189, 'title': 'culpa eius et voluptatem et', 'completed': True}, {'userId': 10, 'id': 190, 'title': 'accusamus sint iusto et voluptatem exercitationem', 'completed': True}, {'userId': 10, 'id': 191, 'title': 'temporibus atque distinctio omnis eius impedit tempore molestias pariatur', 'completed': True}, {'userId': 10, 'id': 192, 'title': 'ut quas possimus exercitationem sint voluptates', 'completed': False}, {'userId': 10, 'id': 193, 'title': 'rerum debitis voluptatem qui eveniet tempora distinctio a', 'completed': True}, {'userId': 10, 'id': 194, 'title': 'sed ut vero sit molestiae', 'completed': False}, {'userId': 10, 'id': 195, 'title': 'rerum ex veniam mollitia voluptatibus pariatur', 'completed': True}, {'userId': 10, 'id': 196, 'title': 'consequuntur aut ut fugit similique', 'completed': True}, {'userId': 10, 'id': 197, 'title': 'dignissimos quo nobis earum saepe', 'completed': True}, {'userId': 10, 'id': 198, 'title': 'quis eius est sint explicabo', 'completed': True}, {'userId': 10, 'id': 199, 'title': 'numquam repellendus a magnam', 'completed': True}, {'userId': 10, 'id': 200, 'title': 'ipsam aperiam voluptates qui', 'completed': False}]
2026-06-10 01:27:08,991 - INFO - 
add_post() finished

2026-06-10 01:27:08,994 - INFO - Program result: {'userId': 1, 'id': 1, 'title': 'delectus aut autem', 'completed': False}
2026-06-10 01:27:08,994 - INFO - Program finished
2026-06-10 01:27:35,015 - DEBUG - Using proactor: IocpProactor
2026-06-10 01:27:35,017 - INFO - Program started
2026-06-10 01:27:36,443 - DEBUG - HTTP client created
2026-06-10 01:27:36,460 - DEBUG - connect_tcp.started host='127.0.0.1' port=50422 local_address=None timeout=5.0 socket_options=None
2026-06-10 01:27:36,462 - DEBUG - connect_tcp.complete return_value=<httpcore._backends.anyio.AnyIOStream object at 0x00000135F1C49E80>
2026-06-10 01:27:36,463 - DEBUG - send_request_headers.started request=<Request [b'CONNECT']>
2026-06-10 01:27:36,464 - DEBUG - send_request_headers.complete
2026-06-10 01:27:36,464 - DEBUG - send_request_body.started request=<Request [b'CONNECT']>
2026-06-10 01:27:36,464 - DEBUG - send_request_body.complete
2026-06-10 01:27:36,464 - DEBUG - receive_response_headers.started request=<Request [b'CONNECT']>
2026-06-10 01:27:36,492 - DEBUG - receive_response_headers.complete return_value=(b'HTTP/1.1', 200, b'OK', [])
2026-06-10 01:27:36,492 - DEBUG - start_tls.started ssl_context=<ssl.SSLContext object at 0x00000135F19EBAD0> server_hostname='jsonplaceholder.typicode.com' timeout=5.0
2026-06-10 01:27:36,528 - DEBUG - start_tls.complete return_value=<httpcore._backends.anyio.AnyIOStream object at 0x00000135F1C0B750>
2026-06-10 01:27:36,529 - DEBUG - send_request_headers.started request=<Request [b'GET']>
2026-06-10 01:27:36,530 - DEBUG - send_request_headers.complete
2026-06-10 01:27:36,530 - DEBUG - send_request_body.started request=<Request [b'GET']>
2026-06-10 01:27:36,530 - DEBUG - send_request_body.complete
2026-06-10 01:27:36,530 - DEBUG - receive_response_headers.started request=<Request [b'GET']>
2026-06-10 01:27:36,611 - DEBUG - receive_response_headers.complete return_value=(b'HTTP/1.1', 200, b'OK', [(b'Date', b'Tue, 09 Jun 2026 21:27:39 GMT'), (b'Content-Type', b'application/json; charset=utf-8'), (b'Content-Length', b'4005'), (b'Connection', b'keep-alive'), (b'Access-Control-Allow-Credentials', b'true'), (b'Cache-Control', b'max-age=43200'), (b'Content-Encoding', b'gzip'), (b'Etag', b'W/"5ef7-4Ad6/n39KWY9q6Ykm/ULNQ2F5IM"'), (b'Expires', b'-1'), (b'Nel', b'{"report_to":"heroku-nel","response_headers":["Via"],"max_age":3600,"success_fraction":0.01,"failure_fraction":0.1}'), (b'Pragma', b'no-cache'), (b'Report-To', b'{"group":"heroku-nel","endpoints":[{"url":"https://nel.heroku.com/reports?s=7JNnv9o2PggVMWLNhwTuiJctGFcQCA%2F7Ug0%2Fds8nXfU%3D\\u0026sid=e11707d5-02a7-43ef-b45e-2cf4d2036f7d\\u0026ts=1780844949"}],"max_age":3600}'), (b'Reporting-Endpoints', b'heroku-nel="https://nel.heroku.com/reports?s=7JNnv9o2PggVMWLNhwTuiJctGFcQCA%2F7Ug0%2Fds8nXfU%3D&sid=e11707d5-02a7-43ef-b45e-2cf4d2036f7d&ts=1780844949"'), (b'Server', b'cloudflare'), (b'Vary', b'Origin, Accept-Encoding'), (b'Via', b'2.0 heroku-router'), (b'X-Content-Type-Options', b'nosniff'), (b'X-Powered-By', b'Express'), (b'X-Ratelimit-Limit', b'1000'), (b'X-Ratelimit-Remaining', b'999'), (b'X-Ratelimit-Reset', b'1780844956'), (b'Age', b'1710'), (b'Accept-Ranges', b'bytes'), (b'Cf-Cache-Status', b'HIT'), (b'CF-RAY', b'a09338b738605e15-TBS'), (b'alt-svc', b'h3=":443"; ma=86400')])
2026-06-10 01:27:36,612 - INFO - HTTP Request: GET https://jsonplaceholder.typicode.com/todos "HTTP/1.1 200 OK"
2026-06-10 01:27:36,612 - DEBUG - receive_response_body.started request=<Request [b'GET']>
2026-06-10 01:27:36,622 - DEBUG - receive_response_body.complete
2026-06-10 01:27:36,623 - DEBUG - response_closed.started
2026-06-10 01:27:36,624 - DEBUG - response_closed.complete
2026-06-10 01:27:36,625 - INFO - Request sent to https://jsonplaceholder.typicode.com/todos
2026-06-10 01:27:36,625 - INFO - Response status: 200 OK
2026-06-10 01:27:36,625 - DEBUG - Todos received: 200 items
2026-06-10 01:27:36,626 - INFO - First user found: [{'userId': 1, 'id': 1, 'title': 'delectus aut autem', 'completed': False}, {'userId': 1, 'id': 2, 'title': 'quis ut nam facilis et officia qui', 'completed': False}, {'userId': 1, 'id': 3, 'title': 'fugiat veniam minus', 'completed': False}, {'userId': 1, 'id': 4, 'title': 'et porro tempora', 'completed': True}, {'userId': 1, 'id': 5, 'title': 'laboriosam mollitia et enim quasi adipisci quia provident illum', 'completed': False}, {'userId': 1, 'id': 6, 'title': 'qui ullam ratione quibusdam voluptatem quia omnis', 'completed': False}, {'userId': 1, 'id': 7, 'title': 'illo expedita consequatur quia in', 'completed': False}, {'userId': 1, 'id': 8, 'title': 'quo adipisci enim quam ut ab', 'completed': True}, {'userId': 1, 'id': 9, 'title': 'molestiae perspiciatis ipsa', 'completed': False}, {'userId': 1, 'id': 10, 'title': 'illo est ratione doloremque quia maiores aut', 'completed': True}, {'userId': 1, 'id': 11, 'title': 'vero rerum temporibus dolor', 'completed': True}, {'userId': 1, 'id': 12, 'title': 'ipsa repellendus fugit nisi', 'completed': True}, {'userId': 1, 'id': 13, 'title': 'et doloremque nulla', 'completed': False}, {'userId': 1, 'id': 14, 'title': 'repellendus sunt dolores architecto voluptatum', 'completed': True}, {'userId': 1, 'id': 15, 'title': 'ab voluptatum amet voluptas', 'completed': True}, {'userId': 1, 'id': 16, 'title': 'accusamus eos facilis sint et aut voluptatem', 'completed': True}, {'userId': 1, 'id': 17, 'title': 'quo laboriosam deleniti aut qui', 'completed': True}, {'userId': 1, 'id': 18, 'title': 'dolorum est consequatur ea mollitia in culpa', 'completed': False}, {'userId': 1, 'id': 19, 'title': 'molestiae ipsa aut voluptatibus pariatur dolor nihil', 'completed': True}, {'userId': 1, 'id': 20, 'title': 'ullam nobis libero sapiente ad optio sint', 'completed': True}, {'userId': 2, 'id': 21, 'title': 'suscipit repellat esse quibusdam voluptatem incidunt', 'completed': False}, {'userId': 2, 'id': 22, 'title': 'distinctio vitae autem nihil ut molestias quo', 'completed': True}, {'userId': 2, 'id': 23, 'title': 'et itaque necessitatibus maxime molestiae qui quas velit', 'completed': False}, {'userId': 2, 'id': 24, 'title': 'adipisci non ad dicta qui amet quaerat doloribus ea', 'completed': False}, {'userId': 2, 'id': 25, 'title': 'voluptas quo tenetur perspiciatis explicabo natus', 'completed': True}, {'userId': 2, 'id': 26, 'title': 'aliquam aut quasi', 'completed': True}, {'userId': 2, 'id': 27, 'title': 'veritatis pariatur delectus', 'completed': True}, {'userId': 2, 'id': 28, 'title': 'nesciunt totam sit blanditiis sit', 'completed': False}, {'userId': 2, 'id': 29, 'title': 'laborum aut in quam', 'completed': False}, {'userId': 2, 'id': 30, 'title': 'nemo perspiciatis repellat ut dolor libero commodi blanditiis omnis', 'completed': True}, {'userId': 2, 'id': 31, 'title': 'repudiandae totam in est sint facere fuga', 'completed': False}, {'userId': 2, 'id': 32, 'title': 'earum doloribus ea doloremque quis', 'completed': False}, {'userId': 2, 'id': 33, 'title': 'sint sit aut vero', 'completed': False}, {'userId': 2, 'id': 34, 'title': 'porro aut necessitatibus eaque distinctio', 'completed': False}, {'userId': 2, 'id': 35, 'title': 'repellendus veritatis molestias dicta incidunt', 'completed': True}, {'userId': 2, 'id': 36, 'title': 'excepturi deleniti adipisci voluptatem et neque optio illum ad', 'completed': True}, {'userId': 2, 'id': 37, 'title': 'sunt cum tempora', 'completed': False}, {'userId': 2, 'id': 38, 'title': 'totam quia non', 'completed': False}, {'userId': 2, 'id': 39, 'title': 'doloremque quibusdam asperiores libero corrupti illum qui omnis', 'completed': False}, {'userId': 2, 'id': 40, 'title': 'totam atque quo nesciunt', 'completed': True}, {'userId': 3, 'id': 41, 'title': 'aliquid amet impedit consequatur aspernatur placeat eaque fugiat suscipit', 'completed': False}, {'userId': 3, 'id': 42, 'title': 'rerum perferendis error quia ut eveniet', 'completed': False}, {'userId': 3, 'id': 43, 'title': 'tempore ut sint quis recusandae', 'completed': True}, {'userId': 3, 'id': 44, 'title': 'cum debitis quis accusamus doloremque ipsa natus sapiente omnis', 'completed': True}, {'userId': 3, 'id': 45, 'title': 'velit soluta adipisci molestias reiciendis harum', 'completed': False}, {'userId': 3, 'id': 46, 'title': 'vel voluptatem repellat nihil placeat corporis', 'completed': False}, {'userId': 3, 'id': 47, 'title': 'nam qui rerum fugiat accusamus', 'completed': False}, {'userId': 3, 'id': 48, 'title': 'sit reprehenderit omnis quia', 'completed': False}, {'userId': 3, 'id': 49, 'title': 'ut necessitatibus aut maiores debitis officia blanditiis velit et', 'completed': False}, {'userId': 3, 'id': 50, 'title': 'cupiditate necessitatibus ullam aut quis dolor voluptate', 'completed': True}, {'userId': 3, 'id': 51, 'title': 'distinctio exercitationem ab doloribus', 'completed': False}, {'userId': 3, 'id': 52, 'title': 'nesciunt dolorum quis recusandae ad pariatur ratione', 'completed': False}, {'userId': 3, 'id': 53, 'title': 'qui labore est occaecati recusandae aliquid quam', 'completed': False}, {'userId': 3, 'id': 54, 'title': 'quis et est ut voluptate quam dolor', 'completed': True}, {'userId': 3, 'id': 55, 'title': 'voluptatum omnis minima qui occaecati provident nulla voluptatem ratione', 'completed': True}, {'userId': 3, 'id': 56, 'title': 'deleniti ea temporibus enim', 'completed': True}, {'userId': 3, 'id': 57, 'title': 'pariatur et magnam ea doloribus similique voluptatem rerum quia', 'completed': False}, {'userId': 3, 'id': 58, 'title': 'est dicta totam qui explicabo doloribus qui dignissimos', 'completed': False}, {'userId': 3, 'id': 59, 'title': 'perspiciatis velit id laborum placeat iusto et aliquam odio', 'completed': False}, {'userId': 3, 'id': 60, 'title': 'et sequi qui architecto ut adipisci', 'completed': True}, {'userId': 4, 'id': 61, 'title': 'odit optio omnis qui sunt', 'completed': True}, {'userId': 4, 'id': 62, 'title': 'et placeat et tempore aspernatur sint numquam', 'completed': False}, {'userId': 4, 'id': 63, 'title': 'doloremque aut dolores quidem fuga qui nulla', 'completed': True}, {'userId': 4, 'id': 64, 'title': 'voluptas consequatur qui ut quia magnam nemo esse', 'completed': False}, {'userId': 4, 'id': 65, 'title': 'fugiat pariatur ratione ut asperiores necessitatibus magni', 'completed': False}, {'userId': 4, 'id': 66, 'title': 'rerum eum molestias autem voluptatum sit optio', 'completed': False}, {'userId': 4, 'id': 67, 'title': 'quia voluptatibus voluptatem quos similique maiores repellat', 'completed': False}, {'userId': 4, 'id': 68, 'title': 'aut id perspiciatis voluptatem iusto', 'completed': False}, {'userId': 4, 'id': 69, 'title': 'doloribus sint dolorum ab adipisci itaque dignissimos aliquam suscipit', 'completed': False}, {'userId': 4, 'id': 70, 'title': 'ut sequi accusantium et mollitia delectus sunt', 'completed': False}, {'userId': 4, 'id': 71, 'title': 'aut velit saepe ullam', 'completed': False}, {'userId': 4, 'id': 72, 'title': 'praesentium facilis facere quis harum voluptatibus voluptatem eum', 'completed': False}, {'userId': 4, 'id': 73, 'title': 'sint amet quia totam corporis qui exercitationem commodi', 'completed': True}, {'userId': 4, 'id': 74, 'title': 'expedita tempore nobis eveniet laborum maiores', 'completed': False}, {'userId': 4, 'id': 75, 'title': 'occaecati adipisci est possimus totam', 'completed': False}, {'userId': 4, 'id': 76, 'title': 'sequi dolorem sed', 'completed': True}, {'userId': 4, 'id': 77, 'title': 'maiores aut nesciunt delectus exercitationem vel assumenda eligendi at', 'completed': False}, {'userId': 4, 'id': 78, 'title': 'reiciendis est magnam amet nemo iste recusandae impedit quaerat', 'completed': False}, {'userId': 4, 'id': 79, 'title': 'eum ipsa maxime ut', 'completed': True}, {'userId': 4, 'id': 80, 'title': 'tempore molestias dolores rerum sequi voluptates ipsum consequatur', 'completed': True}, {'userId': 5, 'id': 81, 'title': 'suscipit qui totam', 'completed': True}, {'userId': 5, 'id': 82, 'title': 'voluptates eum voluptas et dicta', 'completed': False}, {'userId': 5, 'id': 83, 'title': 'quidem at rerum quis ex aut sit quam', 'completed': True}, {'userId': 5, 'id': 84, 'title': 'sunt veritatis ut voluptate', 'completed': False}, {'userId': 5, 'id': 85, 'title': 'et quia ad iste a', 'completed': True}, {'userId': 5, 'id': 86, 'title': 'incidunt ut saepe autem', 'completed': True}, {'userId': 5, 'id': 87, 'title': 'laudantium quae eligendi consequatur quia et vero autem', 'completed': True}, {'userId': 5, 'id': 88, 'title': 'vitae aut excepturi laboriosam sint aliquam et et accusantium', 'completed': False}, {'userId': 5, 'id': 89, 'title': 'sequi ut omnis et', 'completed': True}, {'userId': 5, 'id': 90, 'title': 'molestiae nisi accusantium tenetur dolorem et', 'completed': True}, {'userId': 5, 'id': 91, 'title': 'nulla quis consequatur saepe qui id expedita', 'completed': True}, {'userId': 5, 'id': 92, 'title': 'in omnis laboriosam', 'completed': True}, {'userId': 5, 'id': 93, 'title': 'odio iure consequatur molestiae quibusdam necessitatibus quia sint', 'completed': True}, {'userId': 5, 'id': 94, 'title': 'facilis modi saepe mollitia', 'completed': False}, {'userId': 5, 'id': 95, 'title': 'vel nihil et molestiae iusto assumenda nemo quo ut', 'completed': True}, {'userId': 5, 'id': 96, 'title': 'nobis suscipit ducimus enim asperiores voluptas', 'completed': False}, {'userId': 5, 'id': 97, 'title': 'dolorum laboriosam eos qui iure aliquam', 'completed': False}, {'userId': 5, 'id': 98, 'title': 'debitis accusantium ut quo facilis nihil quis sapiente necessitatibus', 'completed': True}, {'userId': 5, 'id': 99, 'title': 'neque voluptates ratione', 'completed': False}, {'userId': 5, 'id': 100, 'title': 'excepturi a et neque qui expedita vel voluptate', 'completed': False}, {'userId': 6, 'id': 101, 'title': 'explicabo enim cumque porro aperiam occaecati minima', 'completed': False}, {'userId': 6, 'id': 102, 'title': 'sed ab consequatur', 'completed': False}, {'userId': 6, 'id': 103, 'title': 'non sunt delectus illo nulla tenetur enim omnis', 'completed': False}, {'userId': 6, 'id': 104, 'title': 'excepturi non laudantium quo', 'completed': False}, {'userId': 6, 'id': 105, 'title': 'totam quia dolorem et illum repellat voluptas optio', 'completed': True}, {'userId': 6, 'id': 106, 'title': 'ad illo quis voluptatem temporibus', 'completed': True}, {'userId': 6, 'id': 107, 'title': 'praesentium facilis omnis laudantium fugit ad iusto nihil nesciunt', 'completed': False}, {'userId': 6, 'id': 108, 'title': 'a eos eaque nihil et exercitationem incidunt delectus', 'completed': True}, {'userId': 6, 'id': 109, 'title': 'autem temporibus harum quisquam in culpa', 'completed': True}, {'userId': 6, 'id': 110, 'title': 'aut aut ea corporis', 'completed': True}, {'userId': 6, 'id': 111, 'title': 'magni accusantium labore et id quis provident', 'completed': False}, {'userId': 6, 'id': 112, 'title': 'consectetur impedit quisquam qui deserunt non rerum consequuntur eius', 'completed': False}, {'userId': 6, 'id': 113, 'title': 'quia atque aliquam sunt impedit voluptatum rerum assumenda nisi', 'completed': False}, {'userId': 6, 'id': 114, 'title': 'cupiditate quos possimus corporis quisquam exercitationem beatae', 'completed': False}, {'userId': 6, 'id': 115, 'title': 'sed et ea eum', 'completed': False}, {'userId': 6, 'id': 116, 'title': 'ipsa dolores vel facilis ut', 'completed': True}, {'userId': 6, 'id': 117, 'title': 'sequi quae est et qui qui eveniet asperiores', 'completed': False}, {'userId': 6, 'id': 118, 'title': 'quia modi consequatur vero fugiat', 'completed': False}, {'userId': 6, 'id': 119, 'title': 'corporis ducimus ea perspiciatis iste', 'completed': False}, {'userId': 6, 'id': 120, 'title': 'dolorem laboriosam vel voluptas et aliquam quasi', 'completed': False}, {'userId': 7, 'id': 121, 'title': 'inventore aut nihil minima laudantium hic qui omnis', 'completed': True}, {'userId': 7, 'id': 122, 'title': 'provident aut nobis culpa', 'completed': True}, {'userId': 7, 'id': 123, 'title': 'esse et quis iste est earum aut impedit', 'completed': False}, {'userId': 7, 'id': 124, 'title': 'qui consectetur id', 'completed': False}, {'userId': 7, 'id': 125, 'title': 'aut quasi autem iste tempore illum possimus', 'completed': False}, {'userId': 7, 'id': 126, 'title': 'ut asperiores perspiciatis veniam ipsum rerum saepe', 'completed': True}, {'userId': 7, 'id': 127, 'title': 'voluptatem libero consectetur rerum ut', 'completed': True}, {'userId': 7, 'id': 128, 'title': 'eius omnis est qui voluptatem autem', 'completed': False}, {'userId': 7, 'id': 129, 'title': 'rerum culpa quis harum', 'completed': False}, {'userId': 7, 'id': 130, 'title': 'nulla aliquid eveniet harum laborum libero alias ut unde', 'completed': True}, {'userId': 7, 'id': 131, 'title': 'qui ea incidunt quis', 'completed': False}, {'userId': 7, 'id': 132, 'title': 'qui molestiae voluptatibus velit iure harum quisquam', 'completed': True}, {'userId': 7, 'id': 133, 'title': 'et labore eos enim rerum consequatur sunt', 'completed': True}, {'userId': 7, 'id': 134, 'title': 'molestiae doloribus et laborum quod ea', 'completed': False}, {'userId': 7, 'id': 135, 'title': 'facere ipsa nam eum voluptates reiciendis vero qui', 'completed': False}, {'userId': 7, 'id': 136, 'title': 'asperiores illo tempora fuga sed ut quasi adipisci', 'completed': False}, {'userId': 7, 'id': 137, 'title': 'qui sit non', 'completed': False}, {'userId': 7, 'id': 138, 'title': 'placeat minima consequatur rem qui ut', 'completed': True}, {'userId': 7, 'id': 139, 'title': 'consequatur doloribus id possimus voluptas a voluptatem', 'completed': False}, {'userId': 7, 'id': 140, 'title': 'aut consectetur in blanditiis deserunt quia sed laboriosam', 'completed': True}, {'userId': 8, 'id': 141, 'title': 'explicabo consectetur debitis voluptates quas quae culpa rerum non', 'completed': True}, {'userId': 8, 'id': 142, 'title': 'maiores accusantium architecto necessitatibus reiciendis ea aut', 'completed': True}, {'userId': 8, 'id': 143, 'title': 'eum non recusandae cupiditate animi', 'completed': False}, {'userId': 8, 'id': 144, 'title': 'ut eum exercitationem sint', 'completed': False}, {'userId': 8, 'id': 145, 'title': 'beatae qui ullam incidunt voluptatem non nisi aliquam', 'completed': False}, {'userId': 8, 'id': 146, 'title': 'molestiae suscipit ratione nihil odio libero impedit vero totam', 'completed': True}, {'userId': 8, 'id': 147, 'title': 'eum itaque quod reprehenderit et facilis dolor autem ut', 'completed': True}, {'userId': 8, 'id': 148, 'title': 'esse quas et quo quasi exercitationem', 'completed': False}, {'userId': 8, 'id': 149, 'title': 'animi voluptas quod perferendis est', 'completed': False}, {'userId': 8, 'id': 150, 'title': 'eos amet tempore laudantium fugit a', 'completed': False}, {'userId': 8, 'id': 151, 'title': 'accusamus adipisci dicta qui quo ea explicabo sed vero', 'completed': True}, {'userId': 8, 'id': 152, 'title': 'odit eligendi recusandae doloremque cumque non', 'completed': False}, {'userId': 8, 'id': 153, 'title': 'ea aperiam consequatur qui repellat eos', 'completed': False}, {'userId': 8, 'id': 154, 'title': 'rerum non ex sapiente', 'completed': True}, {'userId': 8, 'id': 155, 'title': 'voluptatem nobis consequatur et assumenda magnam', 'completed': True}, {'userId': 8, 'id': 156, 'title': 'nam quia quia nulla repellat assumenda quibusdam sit nobis', 'completed': True}, {'userId': 8, 'id': 157, 'title': 'dolorem veniam quisquam deserunt repellendus', 'completed': True}, {'userId': 8, 'id': 158, 'title': 'debitis vitae delectus et harum accusamus aut deleniti a', 'completed': True}, {'userId': 8, 'id': 159, 'title': 'debitis adipisci quibusdam aliquam sed dolore ea praesentium nobis', 'completed': True}, {'userId': 8, 'id': 160, 'title': 'et praesentium aliquam est', 'completed': False}, {'userId': 9, 'id': 161, 'title': 'ex hic consequuntur earum omnis alias ut occaecati culpa', 'completed': True}, {'userId': 9, 'id': 162, 'title': 'omnis laboriosam molestias animi sunt dolore', 'completed': True}, {'userId': 9, 'id': 163, 'title': 'natus corrupti maxime laudantium et voluptatem laboriosam odit', 'completed': False}, {'userId': 9, 'id': 164, 'title': 'reprehenderit quos aut aut consequatur est sed', 'completed': False}, {'userId': 9, 'id': 165, 'title': 'fugiat perferendis sed aut quidem', 'completed': False}, {'userId': 9, 'id': 166, 'title': 'quos quo possimus suscipit minima ut', 'completed': False}, {'userId': 9, 'id': 167, 'title': 'et quis minus quo a asperiores molestiae', 'completed': False}, {'userId': 9, 'id': 168, 'title': 'recusandae quia qui sunt libero', 'completed': False}, {'userId': 9, 'id': 169, 'title': 'ea odio perferendis officiis', 'completed': True}, {'userId': 9, 'id': 170, 'title': 'quisquam aliquam quia doloribus aut', 'completed': False}, {'userId': 9, 'id': 171, 'title': 'fugiat aut voluptatibus corrupti deleniti velit iste odio', 'completed': True}, {'userId': 9, 'id': 172, 'title': 'et provident amet rerum consectetur et voluptatum', 'completed': False}, {'userId': 9, 'id': 173, 'title': 'harum ad aperiam quis', 'completed': False}, {'userId': 9, 'id': 174, 'title': 'similique aut quo', 'completed': False}, {'userId': 9, 'id': 175, 'title': 'laudantium eius officia perferendis provident perspiciatis asperiores', 'completed': True}, {'userId': 9, 'id': 176, 'title': 'magni soluta corrupti ut maiores rem quidem', 'completed': False}, {'userId': 9, 'id': 177, 'title': 'et placeat temporibus voluptas est tempora quos quibusdam', 'completed': False}, {'userId': 9, 'id': 178, 'title': 'nesciunt itaque commodi tempore', 'completed': True}, {'userId': 9, 'id': 179, 'title': 'omnis consequuntur cupiditate impedit itaque ipsam quo', 'completed': True}, {'userId': 9, 'id': 180, 'title': 'debitis nisi et dolorem repellat et', 'completed': True}, {'userId': 10, 'id': 181, 'title': 'ut cupiditate sequi aliquam fuga maiores', 'completed': False}, {'userId': 10, 'id': 182, 'title': 'inventore saepe cumque et aut illum enim', 'completed': True}, {'userId': 10, 'id': 183, 'title': 'omnis nulla eum aliquam distinctio', 'completed': True}, {'userId': 10, 'id': 184, 'title': 'molestias modi perferendis perspiciatis', 'completed': False}, {'userId': 10, 'id': 185, 'title': 'voluptates dignissimos sed doloribus animi quaerat aut', 'completed': False}, {'userId': 10, 'id': 186, 'title': 'explicabo odio est et', 'completed': False}, {'userId': 10, 'id': 187, 'title': 'consequuntur animi possimus', 'completed': False}, {'userId': 10, 'id': 188, 'title': 'vel non beatae est', 'completed': True}, {'userId': 10, 'id': 189, 'title': 'culpa eius et voluptatem et', 'completed': True}, {'userId': 10, 'id': 190, 'title': 'accusamus sint iusto et voluptatem exercitationem', 'completed': True}, {'userId': 10, 'id': 191, 'title': 'temporibus atque distinctio omnis eius impedit tempore molestias pariatur', 'completed': True}, {'userId': 10, 'id': 192, 'title': 'ut quas possimus exercitationem sint voluptates', 'completed': False}, {'userId': 10, 'id': 193, 'title': 'rerum debitis voluptatem qui eveniet tempora distinctio a', 'completed': True}, {'userId': 10, 'id': 194, 'title': 'sed ut vero sit molestiae', 'completed': False}, {'userId': 10, 'id': 195, 'title': 'rerum ex veniam mollitia voluptatibus pariatur', 'completed': True}, {'userId': 10, 'id': 196, 'title': 'consequuntur aut ut fugit similique', 'completed': True}, {'userId': 10, 'id': 197, 'title': 'dignissimos quo nobis earum saepe', 'completed': True}, {'userId': 10, 'id': 198, 'title': 'quis eius est sint explicabo', 'completed': True}, {'userId': 10, 'id': 199, 'title': 'numquam repellendus a magnam', 'completed': True}, {'userId': 10, 'id': 200, 'title': 'ipsam aperiam voluptates qui', 'completed': False}]
2026-06-10 01:27:36,628 - INFO - 
add_post() finished

2026-06-10 01:27:36,636 - INFO - Program result: [{'userId': 1, 'id': 1, 'title': 'delectus aut autem', 'completed': False}, {'userId': 1, 'id': 2, 'title': 'quis ut nam facilis et officia qui', 'completed': False}, {'userId': 1, 'id': 3, 'title': 'fugiat veniam minus', 'completed': False}, {'userId': 1, 'id': 4, 'title': 'et porro tempora', 'completed': True}, {'userId': 1, 'id': 5, 'title': 'laboriosam mollitia et enim quasi adipisci quia provident illum', 'completed': False}, {'userId': 1, 'id': 6, 'title': 'qui ullam ratione quibusdam voluptatem quia omnis', 'completed': False}, {'userId': 1, 'id': 7, 'title': 'illo expedita consequatur quia in', 'completed': False}, {'userId': 1, 'id': 8, 'title': 'quo adipisci enim quam ut ab', 'completed': True}, {'userId': 1, 'id': 9, 'title': 'molestiae perspiciatis ipsa', 'completed': False}, {'userId': 1, 'id': 10, 'title': 'illo est ratione doloremque quia maiores aut', 'completed': True}, {'userId': 1, 'id': 11, 'title': 'vero rerum temporibus dolor', 'completed': True}, {'userId': 1, 'id': 12, 'title': 'ipsa repellendus fugit nisi', 'completed': True}, {'userId': 1, 'id': 13, 'title': 'et doloremque nulla', 'completed': False}, {'userId': 1, 'id': 14, 'title': 'repellendus sunt dolores architecto voluptatum', 'completed': True}, {'userId': 1, 'id': 15, 'title': 'ab voluptatum amet voluptas', 'completed': True}, {'userId': 1, 'id': 16, 'title': 'accusamus eos facilis sint et aut voluptatem', 'completed': True}, {'userId': 1, 'id': 17, 'title': 'quo laboriosam deleniti aut qui', 'completed': True}, {'userId': 1, 'id': 18, 'title': 'dolorum est consequatur ea mollitia in culpa', 'completed': False}, {'userId': 1, 'id': 19, 'title': 'molestiae ipsa aut voluptatibus pariatur dolor nihil', 'completed': True}, {'userId': 1, 'id': 20, 'title': 'ullam nobis libero sapiente ad optio sint', 'completed': True}, {'userId': 2, 'id': 21, 'title': 'suscipit repellat esse quibusdam voluptatem incidunt', 'completed': False}, {'userId': 2, 'id': 22, 'title': 'distinctio vitae autem nihil ut molestias quo', 'completed': True}, {'userId': 2, 'id': 23, 'title': 'et itaque necessitatibus maxime molestiae qui quas velit', 'completed': False}, {'userId': 2, 'id': 24, 'title': 'adipisci non ad dicta qui amet quaerat doloribus ea', 'completed': False}, {'userId': 2, 'id': 25, 'title': 'voluptas quo tenetur perspiciatis explicabo natus', 'completed': True}, {'userId': 2, 'id': 26, 'title': 'aliquam aut quasi', 'completed': True}, {'userId': 2, 'id': 27, 'title': 'veritatis pariatur delectus', 'completed': True}, {'userId': 2, 'id': 28, 'title': 'nesciunt totam sit blanditiis sit', 'completed': False}, {'userId': 2, 'id': 29, 'title': 'laborum aut in quam', 'completed': False}, {'userId': 2, 'id': 30, 'title': 'nemo perspiciatis repellat ut dolor libero commodi blanditiis omnis', 'completed': True}, {'userId': 2, 'id': 31, 'title': 'repudiandae totam in est sint facere fuga', 'completed': False}, {'userId': 2, 'id': 32, 'title': 'earum doloribus ea doloremque quis', 'completed': False}, {'userId': 2, 'id': 33, 'title': 'sint sit aut vero', 'completed': False}, {'userId': 2, 'id': 34, 'title': 'porro aut necessitatibus eaque distinctio', 'completed': False}, {'userId': 2, 'id': 35, 'title': 'repellendus veritatis molestias dicta incidunt', 'completed': True}, {'userId': 2, 'id': 36, 'title': 'excepturi deleniti adipisci voluptatem et neque optio illum ad', 'completed': True}, {'userId': 2, 'id': 37, 'title': 'sunt cum tempora', 'completed': False}, {'userId': 2, 'id': 38, 'title': 'totam quia non', 'completed': False}, {'userId': 2, 'id': 39, 'title': 'doloremque quibusdam asperiores libero corrupti illum qui omnis', 'completed': False}, {'userId': 2, 'id': 40, 'title': 'totam atque quo nesciunt', 'completed': True}, {'userId': 3, 'id': 41, 'title': 'aliquid amet impedit consequatur aspernatur placeat eaque fugiat suscipit', 'completed': False}, {'userId': 3, 'id': 42, 'title': 'rerum perferendis error quia ut eveniet', 'completed': False}, {'userId': 3, 'id': 43, 'title': 'tempore ut sint quis recusandae', 'completed': True}, {'userId': 3, 'id': 44, 'title': 'cum debitis quis accusamus doloremque ipsa natus sapiente omnis', 'completed': True}, {'userId': 3, 'id': 45, 'title': 'velit soluta adipisci molestias reiciendis harum', 'completed': False}, {'userId': 3, 'id': 46, 'title': 'vel voluptatem repellat nihil placeat corporis', 'completed': False}, {'userId': 3, 'id': 47, 'title': 'nam qui rerum fugiat accusamus', 'completed': False}, {'userId': 3, 'id': 48, 'title': 'sit reprehenderit omnis quia', 'completed': False}, {'userId': 3, 'id': 49, 'title': 'ut necessitatibus aut maiores debitis officia blanditiis velit et', 'completed': False}, {'userId': 3, 'id': 50, 'title': 'cupiditate necessitatibus ullam aut quis dolor voluptate', 'completed': True}, {'userId': 3, 'id': 51, 'title': 'distinctio exercitationem ab doloribus', 'completed': False}, {'userId': 3, 'id': 52, 'title': 'nesciunt dolorum quis recusandae ad pariatur ratione', 'completed': False}, {'userId': 3, 'id': 53, 'title': 'qui labore est occaecati recusandae aliquid quam', 'completed': False}, {'userId': 3, 'id': 54, 'title': 'quis et est ut voluptate quam dolor', 'completed': True}, {'userId': 3, 'id': 55, 'title': 'voluptatum omnis minima qui occaecati provident nulla voluptatem ratione', 'completed': True}, {'userId': 3, 'id': 56, 'title': 'deleniti ea temporibus enim', 'completed': True}, {'userId': 3, 'id': 57, 'title': 'pariatur et magnam ea doloribus similique voluptatem rerum quia', 'completed': False}, {'userId': 3, 'id': 58, 'title': 'est dicta totam qui explicabo doloribus qui dignissimos', 'completed': False}, {'userId': 3, 'id': 59, 'title': 'perspiciatis velit id laborum placeat iusto et aliquam odio', 'completed': False}, {'userId': 3, 'id': 60, 'title': 'et sequi qui architecto ut adipisci', 'completed': True}, {'userId': 4, 'id': 61, 'title': 'odit optio omnis qui sunt', 'completed': True}, {'userId': 4, 'id': 62, 'title': 'et placeat et tempore aspernatur sint numquam', 'completed': False}, {'userId': 4, 'id': 63, 'title': 'doloremque aut dolores quidem fuga qui nulla', 'completed': True}, {'userId': 4, 'id': 64, 'title': 'voluptas consequatur qui ut quia magnam nemo esse', 'completed': False}, {'userId': 4, 'id': 65, 'title': 'fugiat pariatur ratione ut asperiores necessitatibus magni', 'completed': False}, {'userId': 4, 'id': 66, 'title': 'rerum eum molestias autem voluptatum sit optio', 'completed': False}, {'userId': 4, 'id': 67, 'title': 'quia voluptatibus voluptatem quos similique maiores repellat', 'completed': False}, {'userId': 4, 'id': 68, 'title': 'aut id perspiciatis voluptatem iusto', 'completed': False}, {'userId': 4, 'id': 69, 'title': 'doloribus sint dolorum ab adipisci itaque dignissimos aliquam suscipit', 'completed': False}, {'userId': 4, 'id': 70, 'title': 'ut sequi accusantium et mollitia delectus sunt', 'completed': False}, {'userId': 4, 'id': 71, 'title': 'aut velit saepe ullam', 'completed': False}, {'userId': 4, 'id': 72, 'title': 'praesentium facilis facere quis harum voluptatibus voluptatem eum', 'completed': False}, {'userId': 4, 'id': 73, 'title': 'sint amet quia totam corporis qui exercitationem commodi', 'completed': True}, {'userId': 4, 'id': 74, 'title': 'expedita tempore nobis eveniet laborum maiores', 'completed': False}, {'userId': 4, 'id': 75, 'title': 'occaecati adipisci est possimus totam', 'completed': False}, {'userId': 4, 'id': 76, 'title': 'sequi dolorem sed', 'completed': True}, {'userId': 4, 'id': 77, 'title': 'maiores aut nesciunt delectus exercitationem vel assumenda eligendi at', 'completed': False}, {'userId': 4, 'id': 78, 'title': 'reiciendis est magnam amet nemo iste recusandae impedit quaerat', 'completed': False}, {'userId': 4, 'id': 79, 'title': 'eum ipsa maxime ut', 'completed': True}, {'userId': 4, 'id': 80, 'title': 'tempore molestias dolores rerum sequi voluptates ipsum consequatur', 'completed': True}, {'userId': 5, 'id': 81, 'title': 'suscipit qui totam', 'completed': True}, {'userId': 5, 'id': 82, 'title': 'voluptates eum voluptas et dicta', 'completed': False}, {'userId': 5, 'id': 83, 'title': 'quidem at rerum quis ex aut sit quam', 'completed': True}, {'userId': 5, 'id': 84, 'title': 'sunt veritatis ut voluptate', 'completed': False}, {'userId': 5, 'id': 85, 'title': 'et quia ad iste a', 'completed': True}, {'userId': 5, 'id': 86, 'title': 'incidunt ut saepe autem', 'completed': True}, {'userId': 5, 'id': 87, 'title': 'laudantium quae eligendi consequatur quia et vero autem', 'completed': True}, {'userId': 5, 'id': 88, 'title': 'vitae aut excepturi laboriosam sint aliquam et et accusantium', 'completed': False}, {'userId': 5, 'id': 89, 'title': 'sequi ut omnis et', 'completed': True}, {'userId': 5, 'id': 90, 'title': 'molestiae nisi accusantium tenetur dolorem et', 'completed': True}, {'userId': 5, 'id': 91, 'title': 'nulla quis consequatur saepe qui id expedita', 'completed': True}, {'userId': 5, 'id': 92, 'title': 'in omnis laboriosam', 'completed': True}, {'userId': 5, 'id': 93, 'title': 'odio iure consequatur molestiae quibusdam necessitatibus quia sint', 'completed': True}, {'userId': 5, 'id': 94, 'title': 'facilis modi saepe mollitia', 'completed': False}, {'userId': 5, 'id': 95, 'title': 'vel nihil et molestiae iusto assumenda nemo quo ut', 'completed': True}, {'userId': 5, 'id': 96, 'title': 'nobis suscipit ducimus enim asperiores voluptas', 'completed': False}, {'userId': 5, 'id': 97, 'title': 'dolorum laboriosam eos qui iure aliquam', 'completed': False}, {'userId': 5, 'id': 98, 'title': 'debitis accusantium ut quo facilis nihil quis sapiente necessitatibus', 'completed': True}, {'userId': 5, 'id': 99, 'title': 'neque voluptates ratione', 'completed': False}, {'userId': 5, 'id': 100, 'title': 'excepturi a et neque qui expedita vel voluptate', 'completed': False}, {'userId': 6, 'id': 101, 'title': 'explicabo enim cumque porro aperiam occaecati minima', 'completed': False}, {'userId': 6, 'id': 102, 'title': 'sed ab consequatur', 'completed': False}, {'userId': 6, 'id': 103, 'title': 'non sunt delectus illo nulla tenetur enim omnis', 'completed': False}, {'userId': 6, 'id': 104, 'title': 'excepturi non laudantium quo', 'completed': False}, {'userId': 6, 'id': 105, 'title': 'totam quia dolorem et illum repellat voluptas optio', 'completed': True}, {'userId': 6, 'id': 106, 'title': 'ad illo quis voluptatem temporibus', 'completed': True}, {'userId': 6, 'id': 107, 'title': 'praesentium facilis omnis laudantium fugit ad iusto nihil nesciunt', 'completed': False}, {'userId': 6, 'id': 108, 'title': 'a eos eaque nihil et exercitationem incidunt delectus', 'completed': True}, {'userId': 6, 'id': 109, 'title': 'autem temporibus harum quisquam in culpa', 'completed': True}, {'userId': 6, 'id': 110, 'title': 'aut aut ea corporis', 'completed': True}, {'userId': 6, 'id': 111, 'title': 'magni accusantium labore et id quis provident', 'completed': False}, {'userId': 6, 'id': 112, 'title': 'consectetur impedit quisquam qui deserunt non rerum consequuntur eius', 'completed': False}, {'userId': 6, 'id': 113, 'title': 'quia atque aliquam sunt impedit voluptatum rerum assumenda nisi', 'completed': False}, {'userId': 6, 'id': 114, 'title': 'cupiditate quos possimus corporis quisquam exercitationem beatae', 'completed': False}, {'userId': 6, 'id': 115, 'title': 'sed et ea eum', 'completed': False}, {'userId': 6, 'id': 116, 'title': 'ipsa dolores vel facilis ut', 'completed': True}, {'userId': 6, 'id': 117, 'title': 'sequi quae est et qui qui eveniet asperiores', 'completed': False}, {'userId': 6, 'id': 118, 'title': 'quia modi consequatur vero fugiat', 'completed': False}, {'userId': 6, 'id': 119, 'title': 'corporis ducimus ea perspiciatis iste', 'completed': False}, {'userId': 6, 'id': 120, 'title': 'dolorem laboriosam vel voluptas et aliquam quasi', 'completed': False}, {'userId': 7, 'id': 121, 'title': 'inventore aut nihil minima laudantium hic qui omnis', 'completed': True}, {'userId': 7, 'id': 122, 'title': 'provident aut nobis culpa', 'completed': True}, {'userId': 7, 'id': 123, 'title': 'esse et quis iste est earum aut impedit', 'completed': False}, {'userId': 7, 'id': 124, 'title': 'qui consectetur id', 'completed': False}, {'userId': 7, 'id': 125, 'title': 'aut quasi autem iste tempore illum possimus', 'completed': False}, {'userId': 7, 'id': 126, 'title': 'ut asperiores perspiciatis veniam ipsum rerum saepe', 'completed': True}, {'userId': 7, 'id': 127, 'title': 'voluptatem libero consectetur rerum ut', 'completed': True}, {'userId': 7, 'id': 128, 'title': 'eius omnis est qui voluptatem autem', 'completed': False}, {'userId': 7, 'id': 129, 'title': 'rerum culpa quis harum', 'completed': False}, {'userId': 7, 'id': 130, 'title': 'nulla aliquid eveniet harum laborum libero alias ut unde', 'completed': True}, {'userId': 7, 'id': 131, 'title': 'qui ea incidunt quis', 'completed': False}, {'userId': 7, 'id': 132, 'title': 'qui molestiae voluptatibus velit iure harum quisquam', 'completed': True}, {'userId': 7, 'id': 133, 'title': 'et labore eos enim rerum consequatur sunt', 'completed': True}, {'userId': 7, 'id': 134, 'title': 'molestiae doloribus et laborum quod ea', 'completed': False}, {'userId': 7, 'id': 135, 'title': 'facere ipsa nam eum voluptates reiciendis vero qui', 'completed': False}, {'userId': 7, 'id': 136, 'title': 'asperiores illo tempora fuga sed ut quasi adipisci', 'completed': False}, {'userId': 7, 'id': 137, 'title': 'qui sit non', 'completed': False}, {'userId': 7, 'id': 138, 'title': 'placeat minima consequatur rem qui ut', 'completed': True}, {'userId': 7, 'id': 139, 'title': 'consequatur doloribus id possimus voluptas a voluptatem', 'completed': False}, {'userId': 7, 'id': 140, 'title': 'aut consectetur in blanditiis deserunt quia sed laboriosam', 'completed': True}, {'userId': 8, 'id': 141, 'title': 'explicabo consectetur debitis voluptates quas quae culpa rerum non', 'completed': True}, {'userId': 8, 'id': 142, 'title': 'maiores accusantium architecto necessitatibus reiciendis ea aut', 'completed': True}, {'userId': 8, 'id': 143, 'title': 'eum non recusandae cupiditate animi', 'completed': False}, {'userId': 8, 'id': 144, 'title': 'ut eum exercitationem sint', 'completed': False}, {'userId': 8, 'id': 145, 'title': 'beatae qui ullam incidunt voluptatem non nisi aliquam', 'completed': False}, {'userId': 8, 'id': 146, 'title': 'molestiae suscipit ratione nihil odio libero impedit vero totam', 'completed': True}, {'userId': 8, 'id': 147, 'title': 'eum itaque quod reprehenderit et facilis dolor autem ut', 'completed': True}, {'userId': 8, 'id': 148, 'title': 'esse quas et quo quasi exercitationem', 'completed': False}, {'userId': 8, 'id': 149, 'title': 'animi voluptas quod perferendis est', 'completed': False}, {'userId': 8, 'id': 150, 'title': 'eos amet tempore laudantium fugit a', 'completed': False}, {'userId': 8, 'id': 151, 'title': 'accusamus adipisci dicta qui quo ea explicabo sed vero', 'completed': True}, {'userId': 8, 'id': 152, 'title': 'odit eligendi recusandae doloremque cumque non', 'completed': False}, {'userId': 8, 'id': 153, 'title': 'ea aperiam consequatur qui repellat eos', 'completed': False}, {'userId': 8, 'id': 154, 'title': 'rerum non ex sapiente', 'completed': True}, {'userId': 8, 'id': 155, 'title': 'voluptatem nobis consequatur et assumenda magnam', 'completed': True}, {'userId': 8, 'id': 156, 'title': 'nam quia quia nulla repellat assumenda quibusdam sit nobis', 'completed': True}, {'userId': 8, 'id': 157, 'title': 'dolorem veniam quisquam deserunt repellendus', 'completed': True}, {'userId': 8, 'id': 158, 'title': 'debitis vitae delectus et harum accusamus aut deleniti a', 'completed': True}, {'userId': 8, 'id': 159, 'title': 'debitis adipisci quibusdam aliquam sed dolore ea praesentium nobis', 'completed': True}, {'userId': 8, 'id': 160, 'title': 'et praesentium aliquam est', 'completed': False}, {'userId': 9, 'id': 161, 'title': 'ex hic consequuntur earum omnis alias ut occaecati culpa', 'completed': True}, {'userId': 9, 'id': 162, 'title': 'omnis laboriosam molestias animi sunt dolore', 'completed': True}, {'userId': 9, 'id': 163, 'title': 'natus corrupti maxime laudantium et voluptatem laboriosam odit', 'completed': False}, {'userId': 9, 'id': 164, 'title': 'reprehenderit quos aut aut consequatur est sed', 'completed': False}, {'userId': 9, 'id': 165, 'title': 'fugiat perferendis sed aut quidem', 'completed': False}, {'userId': 9, 'id': 166, 'title': 'quos quo possimus suscipit minima ut', 'completed': False}, {'userId': 9, 'id': 167, 'title': 'et quis minus quo a asperiores molestiae', 'completed': False}, {'userId': 9, 'id': 168, 'title': 'recusandae quia qui sunt libero', 'completed': False}, {'userId': 9, 'id': 169, 'title': 'ea odio perferendis officiis', 'completed': True}, {'userId': 9, 'id': 170, 'title': 'quisquam aliquam quia doloribus aut', 'completed': False}, {'userId': 9, 'id': 171, 'title': 'fugiat aut voluptatibus corrupti deleniti velit iste odio', 'completed': True}, {'userId': 9, 'id': 172, 'title': 'et provident amet rerum consectetur et voluptatum', 'completed': False}, {'userId': 9, 'id': 173, 'title': 'harum ad aperiam quis', 'completed': False}, {'userId': 9, 'id': 174, 'title': 'similique aut quo', 'completed': False}, {'userId': 9, 'id': 175, 'title': 'laudantium eius officia perferendis provident perspiciatis asperiores', 'completed': True}, {'userId': 9, 'id': 176, 'title': 'magni soluta corrupti ut maiores rem quidem', 'completed': False}, {'userId': 9, 'id': 177, 'title': 'et placeat temporibus voluptas est tempora quos quibusdam', 'completed': False}, {'userId': 9, 'id': 178, 'title': 'nesciunt itaque commodi tempore', 'completed': True}, {'userId': 9, 'id': 179, 'title': 'omnis consequuntur cupiditate impedit itaque ipsam quo', 'completed': True}, {'userId': 9, 'id': 180, 'title': 'debitis nisi et dolorem repellat et', 'completed': True}, {'userId': 10, 'id': 181, 'title': 'ut cupiditate sequi aliquam fuga maiores', 'completed': False}, {'userId': 10, 'id': 182, 'title': 'inventore saepe cumque et aut illum enim', 'completed': True}, {'userId': 10, 'id': 183, 'title': 'omnis nulla eum aliquam distinctio', 'completed': True}, {'userId': 10, 'id': 184, 'title': 'molestias modi perferendis perspiciatis', 'completed': False}, {'userId': 10, 'id': 185, 'title': 'voluptates dignissimos sed doloribus animi quaerat aut', 'completed': False}, {'userId': 10, 'id': 186, 'title': 'explicabo odio est et', 'completed': False}, {'userId': 10, 'id': 187, 'title': 'consequuntur animi possimus', 'completed': False}, {'userId': 10, 'id': 188, 'title': 'vel non beatae est', 'completed': True}, {'userId': 10, 'id': 189, 'title': 'culpa eius et voluptatem et', 'completed': True}, {'userId': 10, 'id': 190, 'title': 'accusamus sint iusto et voluptatem exercitationem', 'completed': True}, {'userId': 10, 'id': 191, 'title': 'temporibus atque distinctio omnis eius impedit tempore molestias pariatur', 'completed': True}, {'userId': 10, 'id': 192, 'title': 'ut quas possimus exercitationem sint voluptates', 'completed': False}, {'userId': 10, 'id': 193, 'title': 'rerum debitis voluptatem qui eveniet tempora distinctio a', 'completed': True}, {'userId': 10, 'id': 194, 'title': 'sed ut vero sit molestiae', 'completed': False}, {'userId': 10, 'id': 195, 'title': 'rerum ex veniam mollitia voluptatibus pariatur', 'completed': True}, {'userId': 10, 'id': 196, 'title': 'consequuntur aut ut fugit similique', 'completed': True}, {'userId': 10, 'id': 197, 'title': 'dignissimos quo nobis earum saepe', 'completed': True}, {'userId': 10, 'id': 198, 'title': 'quis eius est sint explicabo', 'completed': True}, {'userId': 10, 'id': 199, 'title': 'numquam repellendus a magnam', 'completed': True}, {'userId': 10, 'id': 200, 'title': 'ipsam aperiam voluptates qui', 'completed': False}]
2026-06-10 01:27:36,636 - INFO - Program finished
2026-06-10 01:28:39,730 - DEBUG - Using proactor: IocpProactor
2026-06-10 01:28:39,732 - INFO - Program started
2026-06-10 01:28:41,167 - DEBUG - HTTP client created
2026-06-10 01:28:41,183 - DEBUG - connect_tcp.started host='127.0.0.1' port=50422 local_address=None timeout=5.0 socket_options=None
2026-06-10 01:28:41,185 - DEBUG - connect_tcp.complete return_value=<httpcore._backends.anyio.AnyIOStream object at 0x00000232FDD69E80>
2026-06-10 01:28:41,186 - DEBUG - send_request_headers.started request=<Request [b'CONNECT']>
2026-06-10 01:28:41,187 - DEBUG - send_request_headers.complete
2026-06-10 01:28:41,187 - DEBUG - send_request_body.started request=<Request [b'CONNECT']>
2026-06-10 01:28:41,187 - DEBUG - send_request_body.complete
2026-06-10 01:28:41,187 - DEBUG - receive_response_headers.started request=<Request [b'CONNECT']>
2026-06-10 01:28:41,233 - DEBUG - receive_response_headers.complete return_value=(b'HTTP/1.1', 200, b'OK', [])
2026-06-10 01:28:41,233 - DEBUG - start_tls.started ssl_context=<ssl.SSLContext object at 0x00000232FDB0BAD0> server_hostname='jsonplaceholder.typicode.com' timeout=5.0
2026-06-10 01:28:41,269 - DEBUG - start_tls.complete return_value=<httpcore._backends.anyio.AnyIOStream object at 0x00000232FDD2B750>
2026-06-10 01:28:41,271 - DEBUG - send_request_headers.started request=<Request [b'GET']>
2026-06-10 01:28:41,271 - DEBUG - send_request_headers.complete
2026-06-10 01:28:41,271 - DEBUG - send_request_body.started request=<Request [b'GET']>
2026-06-10 01:28:41,272 - DEBUG - send_request_body.complete
2026-06-10 01:28:41,272 - DEBUG - receive_response_headers.started request=<Request [b'GET']>
2026-06-10 01:28:41,346 - DEBUG - receive_response_headers.complete return_value=(b'HTTP/1.1', 200, b'OK', [(b'Date', b'Tue, 09 Jun 2026 21:28:44 GMT'), (b'Content-Type', b'application/json; charset=utf-8'), (b'Content-Length', b'4005'), (b'Connection', b'keep-alive'), (b'Access-Control-Allow-Credentials', b'true'), (b'Cache-Control', b'max-age=43200'), (b'Content-Encoding', b'gzip'), (b'Etag', b'W/"5ef7-4Ad6/n39KWY9q6Ykm/ULNQ2F5IM"'), (b'Expires', b'-1'), (b'Nel', b'{"report_to":"heroku-nel","response_headers":["Via"],"max_age":3600,"success_fraction":0.01,"failure_fraction":0.1}'), (b'Pragma', b'no-cache'), (b'Report-To', b'{"group":"heroku-nel","endpoints":[{"url":"https://nel.heroku.com/reports?s=7JNnv9o2PggVMWLNhwTuiJctGFcQCA%2F7Ug0%2Fds8nXfU%3D\\u0026sid=e11707d5-02a7-43ef-b45e-2cf4d2036f7d\\u0026ts=1780844949"}],"max_age":3600}'), (b'Reporting-Endpoints', b'heroku-nel="https://nel.heroku.com/reports?s=7JNnv9o2PggVMWLNhwTuiJctGFcQCA%2F7Ug0%2Fds8nXfU%3D&sid=e11707d5-02a7-43ef-b45e-2cf4d2036f7d&ts=1780844949"'), (b'Server', b'cloudflare'), (b'Vary', b'Origin, Accept-Encoding'), (b'Via', b'2.0 heroku-router'), (b'X-Content-Type-Options', b'nosniff'), (b'X-Powered-By', b'Express'), (b'X-Ratelimit-Limit', b'1000'), (b'X-Ratelimit-Remaining', b'999'), (b'X-Ratelimit-Reset', b'1780844956'), (b'Age', b'1775'), (b'Accept-Ranges', b'bytes'), (b'Cf-Cache-Status', b'HIT'), (b'CF-RAY', b'a0933a4bd9045e15-TBS'), (b'alt-svc', b'h3=":443"; ma=86400')])
2026-06-10 01:28:41,347 - INFO - HTTP Request: GET https://jsonplaceholder.typicode.com/todos "HTTP/1.1 200 OK"
2026-06-10 01:28:41,347 - DEBUG - receive_response_body.started request=<Request [b'GET']>
2026-06-10 01:28:41,363 - DEBUG - receive_response_body.complete
2026-06-10 01:28:41,364 - DEBUG - response_closed.started
2026-06-10 01:28:41,364 - DEBUG - response_closed.complete
2026-06-10 01:28:41,366 - INFO - Request sent to https://jsonplaceholder.typicode.com/todos
2026-06-10 01:28:41,366 - INFO - Response status: 200 OK
2026-06-10 01:28:41,367 - DEBUG - Todos received: 200 items
2026-06-10 01:28:41,367 - INFO - First user found: [{'userId': 1, 'id': 1, 'title': 'delectus aut autem', 'completed': False}, {'userId': 1, 'id': 2, 'title': 'quis ut nam facilis et officia qui', 'completed': False}, {'userId': 1, 'id': 3, 'title': 'fugiat veniam minus', 'completed': False}, {'userId': 1, 'id': 4, 'title': 'et porro tempora', 'completed': True}, {'userId': 1, 'id': 5, 'title': 'laboriosam mollitia et enim quasi adipisci quia provident illum', 'completed': False}, {'userId': 1, 'id': 6, 'title': 'qui ullam ratione quibusdam voluptatem quia omnis', 'completed': False}, {'userId': 1, 'id': 7, 'title': 'illo expedita consequatur quia in', 'completed': False}, {'userId': 1, 'id': 8, 'title': 'quo adipisci enim quam ut ab', 'completed': True}, {'userId': 1, 'id': 9, 'title': 'molestiae perspiciatis ipsa', 'completed': False}, {'userId': 1, 'id': 10, 'title': 'illo est ratione doloremque quia maiores aut', 'completed': True}, {'userId': 1, 'id': 11, 'title': 'vero rerum temporibus dolor', 'completed': True}, {'userId': 1, 'id': 12, 'title': 'ipsa repellendus fugit nisi', 'completed': True}, {'userId': 1, 'id': 13, 'title': 'et doloremque nulla', 'completed': False}, {'userId': 1, 'id': 14, 'title': 'repellendus sunt dolores architecto voluptatum', 'completed': True}, {'userId': 1, 'id': 15, 'title': 'ab voluptatum amet voluptas', 'completed': True}, {'userId': 1, 'id': 16, 'title': 'accusamus eos facilis sint et aut voluptatem', 'completed': True}, {'userId': 1, 'id': 17, 'title': 'quo laboriosam deleniti aut qui', 'completed': True}, {'userId': 1, 'id': 18, 'title': 'dolorum est consequatur ea mollitia in culpa', 'completed': False}, {'userId': 1, 'id': 19, 'title': 'molestiae ipsa aut voluptatibus pariatur dolor nihil', 'completed': True}, {'userId': 1, 'id': 20, 'title': 'ullam nobis libero sapiente ad optio sint', 'completed': True}, {'userId': 2, 'id': 21, 'title': 'suscipit repellat esse quibusdam voluptatem incidunt', 'completed': False}, {'userId': 2, 'id': 22, 'title': 'distinctio vitae autem nihil ut molestias quo', 'completed': True}, {'userId': 2, 'id': 23, 'title': 'et itaque necessitatibus maxime molestiae qui quas velit', 'completed': False}, {'userId': 2, 'id': 24, 'title': 'adipisci non ad dicta qui amet quaerat doloribus ea', 'completed': False}, {'userId': 2, 'id': 25, 'title': 'voluptas quo tenetur perspiciatis explicabo natus', 'completed': True}, {'userId': 2, 'id': 26, 'title': 'aliquam aut quasi', 'completed': True}, {'userId': 2, 'id': 27, 'title': 'veritatis pariatur delectus', 'completed': True}, {'userId': 2, 'id': 28, 'title': 'nesciunt totam sit blanditiis sit', 'completed': False}, {'userId': 2, 'id': 29, 'title': 'laborum aut in quam', 'completed': False}, {'userId': 2, 'id': 30, 'title': 'nemo perspiciatis repellat ut dolor libero commodi blanditiis omnis', 'completed': True}, {'userId': 2, 'id': 31, 'title': 'repudiandae totam in est sint facere fuga', 'completed': False}, {'userId': 2, 'id': 32, 'title': 'earum doloribus ea doloremque quis', 'completed': False}, {'userId': 2, 'id': 33, 'title': 'sint sit aut vero', 'completed': False}, {'userId': 2, 'id': 34, 'title': 'porro aut necessitatibus eaque distinctio', 'completed': False}, {'userId': 2, 'id': 35, 'title': 'repellendus veritatis molestias dicta incidunt', 'completed': True}, {'userId': 2, 'id': 36, 'title': 'excepturi deleniti adipisci voluptatem et neque optio illum ad', 'completed': True}, {'userId': 2, 'id': 37, 'title': 'sunt cum tempora', 'completed': False}, {'userId': 2, 'id': 38, 'title': 'totam quia non', 'completed': False}, {'userId': 2, 'id': 39, 'title': 'doloremque quibusdam asperiores libero corrupti illum qui omnis', 'completed': False}, {'userId': 2, 'id': 40, 'title': 'totam atque quo nesciunt', 'completed': True}, {'userId': 3, 'id': 41, 'title': 'aliquid amet impedit consequatur aspernatur placeat eaque fugiat suscipit', 'completed': False}, {'userId': 3, 'id': 42, 'title': 'rerum perferendis error quia ut eveniet', 'completed': False}, {'userId': 3, 'id': 43, 'title': 'tempore ut sint quis recusandae', 'completed': True}, {'userId': 3, 'id': 44, 'title': 'cum debitis quis accusamus doloremque ipsa natus sapiente omnis', 'completed': True}, {'userId': 3, 'id': 45, 'title': 'velit soluta adipisci molestias reiciendis harum', 'completed': False}, {'userId': 3, 'id': 46, 'title': 'vel voluptatem repellat nihil placeat corporis', 'completed': False}, {'userId': 3, 'id': 47, 'title': 'nam qui rerum fugiat accusamus', 'completed': False}, {'userId': 3, 'id': 48, 'title': 'sit reprehenderit omnis quia', 'completed': False}, {'userId': 3, 'id': 49, 'title': 'ut necessitatibus aut maiores debitis officia blanditiis velit et', 'completed': False}, {'userId': 3, 'id': 50, 'title': 'cupiditate necessitatibus ullam aut quis dolor voluptate', 'completed': True}, {'userId': 3, 'id': 51, 'title': 'distinctio exercitationem ab doloribus', 'completed': False}, {'userId': 3, 'id': 52, 'title': 'nesciunt dolorum quis recusandae ad pariatur ratione', 'completed': False}, {'userId': 3, 'id': 53, 'title': 'qui labore est occaecati recusandae aliquid quam', 'completed': False}, {'userId': 3, 'id': 54, 'title': 'quis et est ut voluptate quam dolor', 'completed': True}, {'userId': 3, 'id': 55, 'title': 'voluptatum omnis minima qui occaecati provident nulla voluptatem ratione', 'completed': True}, {'userId': 3, 'id': 56, 'title': 'deleniti ea temporibus enim', 'completed': True}, {'userId': 3, 'id': 57, 'title': 'pariatur et magnam ea doloribus similique voluptatem rerum quia', 'completed': False}, {'userId': 3, 'id': 58, 'title': 'est dicta totam qui explicabo doloribus qui dignissimos', 'completed': False}, {'userId': 3, 'id': 59, 'title': 'perspiciatis velit id laborum placeat iusto et aliquam odio', 'completed': False}, {'userId': 3, 'id': 60, 'title': 'et sequi qui architecto ut adipisci', 'completed': True}, {'userId': 4, 'id': 61, 'title': 'odit optio omnis qui sunt', 'completed': True}, {'userId': 4, 'id': 62, 'title': 'et placeat et tempore aspernatur sint numquam', 'completed': False}, {'userId': 4, 'id': 63, 'title': 'doloremque aut dolores quidem fuga qui nulla', 'completed': True}, {'userId': 4, 'id': 64, 'title': 'voluptas consequatur qui ut quia magnam nemo esse', 'completed': False}, {'userId': 4, 'id': 65, 'title': 'fugiat pariatur ratione ut asperiores necessitatibus magni', 'completed': False}, {'userId': 4, 'id': 66, 'title': 'rerum eum molestias autem voluptatum sit optio', 'completed': False}, {'userId': 4, 'id': 67, 'title': 'quia voluptatibus voluptatem quos similique maiores repellat', 'completed': False}, {'userId': 4, 'id': 68, 'title': 'aut id perspiciatis voluptatem iusto', 'completed': False}, {'userId': 4, 'id': 69, 'title': 'doloribus sint dolorum ab adipisci itaque dignissimos aliquam suscipit', 'completed': False}, {'userId': 4, 'id': 70, 'title': 'ut sequi accusantium et mollitia delectus sunt', 'completed': False}, {'userId': 4, 'id': 71, 'title': 'aut velit saepe ullam', 'completed': False}, {'userId': 4, 'id': 72, 'title': 'praesentium facilis facere quis harum voluptatibus voluptatem eum', 'completed': False}, {'userId': 4, 'id': 73, 'title': 'sint amet quia totam corporis qui exercitationem commodi', 'completed': True}, {'userId': 4, 'id': 74, 'title': 'expedita tempore nobis eveniet laborum maiores', 'completed': False}, {'userId': 4, 'id': 75, 'title': 'occaecati adipisci est possimus totam', 'completed': False}, {'userId': 4, 'id': 76, 'title': 'sequi dolorem sed', 'completed': True}, {'userId': 4, 'id': 77, 'title': 'maiores aut nesciunt delectus exercitationem vel assumenda eligendi at', 'completed': False}, {'userId': 4, 'id': 78, 'title': 'reiciendis est magnam amet nemo iste recusandae impedit quaerat', 'completed': False}, {'userId': 4, 'id': 79, 'title': 'eum ipsa maxime ut', 'completed': True}, {'userId': 4, 'id': 80, 'title': 'tempore molestias dolores rerum sequi voluptates ipsum consequatur', 'completed': True}, {'userId': 5, 'id': 81, 'title': 'suscipit qui totam', 'completed': True}, {'userId': 5, 'id': 82, 'title': 'voluptates eum voluptas et dicta', 'completed': False}, {'userId': 5, 'id': 83, 'title': 'quidem at rerum quis ex aut sit quam', 'completed': True}, {'userId': 5, 'id': 84, 'title': 'sunt veritatis ut voluptate', 'completed': False}, {'userId': 5, 'id': 85, 'title': 'et quia ad iste a', 'completed': True}, {'userId': 5, 'id': 86, 'title': 'incidunt ut saepe autem', 'completed': True}, {'userId': 5, 'id': 87, 'title': 'laudantium quae eligendi consequatur quia et vero autem', 'completed': True}, {'userId': 5, 'id': 88, 'title': 'vitae aut excepturi laboriosam sint aliquam et et accusantium', 'completed': False}, {'userId': 5, 'id': 89, 'title': 'sequi ut omnis et', 'completed': True}, {'userId': 5, 'id': 90, 'title': 'molestiae nisi accusantium tenetur dolorem et', 'completed': True}, {'userId': 5, 'id': 91, 'title': 'nulla quis consequatur saepe qui id expedita', 'completed': True}, {'userId': 5, 'id': 92, 'title': 'in omnis laboriosam', 'completed': True}, {'userId': 5, 'id': 93, 'title': 'odio iure consequatur molestiae quibusdam necessitatibus quia sint', 'completed': True}, {'userId': 5, 'id': 94, 'title': 'facilis modi saepe mollitia', 'completed': False}, {'userId': 5, 'id': 95, 'title': 'vel nihil et molestiae iusto assumenda nemo quo ut', 'completed': True}, {'userId': 5, 'id': 96, 'title': 'nobis suscipit ducimus enim asperiores voluptas', 'completed': False}, {'userId': 5, 'id': 97, 'title': 'dolorum laboriosam eos qui iure aliquam', 'completed': False}, {'userId': 5, 'id': 98, 'title': 'debitis accusantium ut quo facilis nihil quis sapiente necessitatibus', 'completed': True}, {'userId': 5, 'id': 99, 'title': 'neque voluptates ratione', 'completed': False}, {'userId': 5, 'id': 100, 'title': 'excepturi a et neque qui expedita vel voluptate', 'completed': False}, {'userId': 6, 'id': 101, 'title': 'explicabo enim cumque porro aperiam occaecati minima', 'completed': False}, {'userId': 6, 'id': 102, 'title': 'sed ab consequatur', 'completed': False}, {'userId': 6, 'id': 103, 'title': 'non sunt delectus illo nulla tenetur enim omnis', 'completed': False}, {'userId': 6, 'id': 104, 'title': 'excepturi non laudantium quo', 'completed': False}, {'userId': 6, 'id': 105, 'title': 'totam quia dolorem et illum repellat voluptas optio', 'completed': True}, {'userId': 6, 'id': 106, 'title': 'ad illo quis voluptatem temporibus', 'completed': True}, {'userId': 6, 'id': 107, 'title': 'praesentium facilis omnis laudantium fugit ad iusto nihil nesciunt', 'completed': False}, {'userId': 6, 'id': 108, 'title': 'a eos eaque nihil et exercitationem incidunt delectus', 'completed': True}, {'userId': 6, 'id': 109, 'title': 'autem temporibus harum quisquam in culpa', 'completed': True}, {'userId': 6, 'id': 110, 'title': 'aut aut ea corporis', 'completed': True}, {'userId': 6, 'id': 111, 'title': 'magni accusantium labore et id quis provident', 'completed': False}, {'userId': 6, 'id': 112, 'title': 'consectetur impedit quisquam qui deserunt non rerum consequuntur eius', 'completed': False}, {'userId': 6, 'id': 113, 'title': 'quia atque aliquam sunt impedit voluptatum rerum assumenda nisi', 'completed': False}, {'userId': 6, 'id': 114, 'title': 'cupiditate quos possimus corporis quisquam exercitationem beatae', 'completed': False}, {'userId': 6, 'id': 115, 'title': 'sed et ea eum', 'completed': False}, {'userId': 6, 'id': 116, 'title': 'ipsa dolores vel facilis ut', 'completed': True}, {'userId': 6, 'id': 117, 'title': 'sequi quae est et qui qui eveniet asperiores', 'completed': False}, {'userId': 6, 'id': 118, 'title': 'quia modi consequatur vero fugiat', 'completed': False}, {'userId': 6, 'id': 119, 'title': 'corporis ducimus ea perspiciatis iste', 'completed': False}, {'userId': 6, 'id': 120, 'title': 'dolorem laboriosam vel voluptas et aliquam quasi', 'completed': False}, {'userId': 7, 'id': 121, 'title': 'inventore aut nihil minima laudantium hic qui omnis', 'completed': True}, {'userId': 7, 'id': 122, 'title': 'provident aut nobis culpa', 'completed': True}, {'userId': 7, 'id': 123, 'title': 'esse et quis iste est earum aut impedit', 'completed': False}, {'userId': 7, 'id': 124, 'title': 'qui consectetur id', 'completed': False}, {'userId': 7, 'id': 125, 'title': 'aut quasi autem iste tempore illum possimus', 'completed': False}, {'userId': 7, 'id': 126, 'title': 'ut asperiores perspiciatis veniam ipsum rerum saepe', 'completed': True}, {'userId': 7, 'id': 127, 'title': 'voluptatem libero consectetur rerum ut', 'completed': True}, {'userId': 7, 'id': 128, 'title': 'eius omnis est qui voluptatem autem', 'completed': False}, {'userId': 7, 'id': 129, 'title': 'rerum culpa quis harum', 'completed': False}, {'userId': 7, 'id': 130, 'title': 'nulla aliquid eveniet harum laborum libero alias ut unde', 'completed': True}, {'userId': 7, 'id': 131, 'title': 'qui ea incidunt quis', 'completed': False}, {'userId': 7, 'id': 132, 'title': 'qui molestiae voluptatibus velit iure harum quisquam', 'completed': True}, {'userId': 7, 'id': 133, 'title': 'et labore eos enim rerum consequatur sunt', 'completed': True}, {'userId': 7, 'id': 134, 'title': 'molestiae doloribus et laborum quod ea', 'completed': False}, {'userId': 7, 'id': 135, 'title': 'facere ipsa nam eum voluptates reiciendis vero qui', 'completed': False}, {'userId': 7, 'id': 136, 'title': 'asperiores illo tempora fuga sed ut quasi adipisci', 'completed': False}, {'userId': 7, 'id': 137, 'title': 'qui sit non', 'completed': False}, {'userId': 7, 'id': 138, 'title': 'placeat minima consequatur rem qui ut', 'completed': True}, {'userId': 7, 'id': 139, 'title': 'consequatur doloribus id possimus voluptas a voluptatem', 'completed': False}, {'userId': 7, 'id': 140, 'title': 'aut consectetur in blanditiis deserunt quia sed laboriosam', 'completed': True}, {'userId': 8, 'id': 141, 'title': 'explicabo consectetur debitis voluptates quas quae culpa rerum non', 'completed': True}, {'userId': 8, 'id': 142, 'title': 'maiores accusantium architecto necessitatibus reiciendis ea aut', 'completed': True}, {'userId': 8, 'id': 143, 'title': 'eum non recusandae cupiditate animi', 'completed': False}, {'userId': 8, 'id': 144, 'title': 'ut eum exercitationem sint', 'completed': False}, {'userId': 8, 'id': 145, 'title': 'beatae qui ullam incidunt voluptatem non nisi aliquam', 'completed': False}, {'userId': 8, 'id': 146, 'title': 'molestiae suscipit ratione nihil odio libero impedit vero totam', 'completed': True}, {'userId': 8, 'id': 147, 'title': 'eum itaque quod reprehenderit et facilis dolor autem ut', 'completed': True}, {'userId': 8, 'id': 148, 'title': 'esse quas et quo quasi exercitationem', 'completed': False}, {'userId': 8, 'id': 149, 'title': 'animi voluptas quod perferendis est', 'completed': False}, {'userId': 8, 'id': 150, 'title': 'eos amet tempore laudantium fugit a', 'completed': False}, {'userId': 8, 'id': 151, 'title': 'accusamus adipisci dicta qui quo ea explicabo sed vero', 'completed': True}, {'userId': 8, 'id': 152, 'title': 'odit eligendi recusandae doloremque cumque non', 'completed': False}, {'userId': 8, 'id': 153, 'title': 'ea aperiam consequatur qui repellat eos', 'completed': False}, {'userId': 8, 'id': 154, 'title': 'rerum non ex sapiente', 'completed': True}, {'userId': 8, 'id': 155, 'title': 'voluptatem nobis consequatur et assumenda magnam', 'completed': True}, {'userId': 8, 'id': 156, 'title': 'nam quia quia nulla repellat assumenda quibusdam sit nobis', 'completed': True}, {'userId': 8, 'id': 157, 'title': 'dolorem veniam quisquam deserunt repellendus', 'completed': True}, {'userId': 8, 'id': 158, 'title': 'debitis vitae delectus et harum accusamus aut deleniti a', 'completed': True}, {'userId': 8, 'id': 159, 'title': 'debitis adipisci quibusdam aliquam sed dolore ea praesentium nobis', 'completed': True}, {'userId': 8, 'id': 160, 'title': 'et praesentium aliquam est', 'completed': False}, {'userId': 9, 'id': 161, 'title': 'ex hic consequuntur earum omnis alias ut occaecati culpa', 'completed': True}, {'userId': 9, 'id': 162, 'title': 'omnis laboriosam molestias animi sunt dolore', 'completed': True}, {'userId': 9, 'id': 163, 'title': 'natus corrupti maxime laudantium et voluptatem laboriosam odit', 'completed': False}, {'userId': 9, 'id': 164, 'title': 'reprehenderit quos aut aut consequatur est sed', 'completed': False}, {'userId': 9, 'id': 165, 'title': 'fugiat perferendis sed aut quidem', 'completed': False}, {'userId': 9, 'id': 166, 'title': 'quos quo possimus suscipit minima ut', 'completed': False}, {'userId': 9, 'id': 167, 'title': 'et quis minus quo a asperiores molestiae', 'completed': False}, {'userId': 9, 'id': 168, 'title': 'recusandae quia qui sunt libero', 'completed': False}, {'userId': 9, 'id': 169, 'title': 'ea odio perferendis officiis', 'completed': True}, {'userId': 9, 'id': 170, 'title': 'quisquam aliquam quia doloribus aut', 'completed': False}, {'userId': 9, 'id': 171, 'title': 'fugiat aut voluptatibus corrupti deleniti velit iste odio', 'completed': True}, {'userId': 9, 'id': 172, 'title': 'et provident amet rerum consectetur et voluptatum', 'completed': False}, {'userId': 9, 'id': 173, 'title': 'harum ad aperiam quis', 'completed': False}, {'userId': 9, 'id': 174, 'title': 'similique aut quo', 'completed': False}, {'userId': 9, 'id': 175, 'title': 'laudantium eius officia perferendis provident perspiciatis asperiores', 'completed': True}, {'userId': 9, 'id': 176, 'title': 'magni soluta corrupti ut maiores rem quidem', 'completed': False}, {'userId': 9, 'id': 177, 'title': 'et placeat temporibus voluptas est tempora quos quibusdam', 'completed': False}, {'userId': 9, 'id': 178, 'title': 'nesciunt itaque commodi tempore', 'completed': True}, {'userId': 9, 'id': 179, 'title': 'omnis consequuntur cupiditate impedit itaque ipsam quo', 'completed': True}, {'userId': 9, 'id': 180, 'title': 'debitis nisi et dolorem repellat et', 'completed': True}, {'userId': 10, 'id': 181, 'title': 'ut cupiditate sequi aliquam fuga maiores', 'completed': False}, {'userId': 10, 'id': 182, 'title': 'inventore saepe cumque et aut illum enim', 'completed': True}, {'userId': 10, 'id': 183, 'title': 'omnis nulla eum aliquam distinctio', 'completed': True}, {'userId': 10, 'id': 184, 'title': 'molestias modi perferendis perspiciatis', 'completed': False}, {'userId': 10, 'id': 185, 'title': 'voluptates dignissimos sed doloribus animi quaerat aut', 'completed': False}, {'userId': 10, 'id': 186, 'title': 'explicabo odio est et', 'completed': False}, {'userId': 10, 'id': 187, 'title': 'consequuntur animi possimus', 'completed': False}, {'userId': 10, 'id': 188, 'title': 'vel non beatae est', 'completed': True}, {'userId': 10, 'id': 189, 'title': 'culpa eius et voluptatem et', 'completed': True}, {'userId': 10, 'id': 190, 'title': 'accusamus sint iusto et voluptatem exercitationem', 'completed': True}, {'userId': 10, 'id': 191, 'title': 'temporibus atque distinctio omnis eius impedit tempore molestias pariatur', 'completed': True}, {'userId': 10, 'id': 192, 'title': 'ut quas possimus exercitationem sint voluptates', 'completed': False}, {'userId': 10, 'id': 193, 'title': 'rerum debitis voluptatem qui eveniet tempora distinctio a', 'completed': True}, {'userId': 10, 'id': 194, 'title': 'sed ut vero sit molestiae', 'completed': False}, {'userId': 10, 'id': 195, 'title': 'rerum ex veniam mollitia voluptatibus pariatur', 'completed': True}, {'userId': 10, 'id': 196, 'title': 'consequuntur aut ut fugit similique', 'completed': True}, {'userId': 10, 'id': 197, 'title': 'dignissimos quo nobis earum saepe', 'completed': True}, {'userId': 10, 'id': 198, 'title': 'quis eius est sint explicabo', 'completed': True}, {'userId': 10, 'id': 199, 'title': 'numquam repellendus a magnam', 'completed': True}, {'userId': 10, 'id': 200, 'title': 'ipsam aperiam voluptates qui', 'completed': False}]
2026-06-10 01:28:41,371 - INFO - 
add_post() finished

2026-06-10 01:28:41,379 - INFO - Program result: [{'userId': 1, 'id': 1, 'title': 'delectus aut autem', 'completed': False}, {'userId': 1, 'id': 2, 'title': 'quis ut nam facilis et officia qui', 'completed': False}, {'userId': 1, 'id': 3, 'title': 'fugiat veniam minus', 'completed': False}, {'userId': 1, 'id': 4, 'title': 'et porro tempora', 'completed': True}, {'userId': 1, 'id': 5, 'title': 'laboriosam mollitia et enim quasi adipisci quia provident illum', 'completed': False}, {'userId': 1, 'id': 6, 'title': 'qui ullam ratione quibusdam voluptatem quia omnis', 'completed': False}, {'userId': 1, 'id': 7, 'title': 'illo expedita consequatur quia in', 'completed': False}, {'userId': 1, 'id': 8, 'title': 'quo adipisci enim quam ut ab', 'completed': True}, {'userId': 1, 'id': 9, 'title': 'molestiae perspiciatis ipsa', 'completed': False}, {'userId': 1, 'id': 10, 'title': 'illo est ratione doloremque quia maiores aut', 'completed': True}, {'userId': 1, 'id': 11, 'title': 'vero rerum temporibus dolor', 'completed': True}, {'userId': 1, 'id': 12, 'title': 'ipsa repellendus fugit nisi', 'completed': True}, {'userId': 1, 'id': 13, 'title': 'et doloremque nulla', 'completed': False}, {'userId': 1, 'id': 14, 'title': 'repellendus sunt dolores architecto voluptatum', 'completed': True}, {'userId': 1, 'id': 15, 'title': 'ab voluptatum amet voluptas', 'completed': True}, {'userId': 1, 'id': 16, 'title': 'accusamus eos facilis sint et aut voluptatem', 'completed': True}, {'userId': 1, 'id': 17, 'title': 'quo laboriosam deleniti aut qui', 'completed': True}, {'userId': 1, 'id': 18, 'title': 'dolorum est consequatur ea mollitia in culpa', 'completed': False}, {'userId': 1, 'id': 19, 'title': 'molestiae ipsa aut voluptatibus pariatur dolor nihil', 'completed': True}, {'userId': 1, 'id': 20, 'title': 'ullam nobis libero sapiente ad optio sint', 'completed': True}, {'userId': 2, 'id': 21, 'title': 'suscipit repellat esse quibusdam voluptatem incidunt', 'completed': False}, {'userId': 2, 'id': 22, 'title': 'distinctio vitae autem nihil ut molestias quo', 'completed': True}, {'userId': 2, 'id': 23, 'title': 'et itaque necessitatibus maxime molestiae qui quas velit', 'completed': False}, {'userId': 2, 'id': 24, 'title': 'adipisci non ad dicta qui amet quaerat doloribus ea', 'completed': False}, {'userId': 2, 'id': 25, 'title': 'voluptas quo tenetur perspiciatis explicabo natus', 'completed': True}, {'userId': 2, 'id': 26, 'title': 'aliquam aut quasi', 'completed': True}, {'userId': 2, 'id': 27, 'title': 'veritatis pariatur delectus', 'completed': True}, {'userId': 2, 'id': 28, 'title': 'nesciunt totam sit blanditiis sit', 'completed': False}, {'userId': 2, 'id': 29, 'title': 'laborum aut in quam', 'completed': False}, {'userId': 2, 'id': 30, 'title': 'nemo perspiciatis repellat ut dolor libero commodi blanditiis omnis', 'completed': True}, {'userId': 2, 'id': 31, 'title': 'repudiandae totam in est sint facere fuga', 'completed': False}, {'userId': 2, 'id': 32, 'title': 'earum doloribus ea doloremque quis', 'completed': False}, {'userId': 2, 'id': 33, 'title': 'sint sit aut vero', 'completed': False}, {'userId': 2, 'id': 34, 'title': 'porro aut necessitatibus eaque distinctio', 'completed': False}, {'userId': 2, 'id': 35, 'title': 'repellendus veritatis molestias dicta incidunt', 'completed': True}, {'userId': 2, 'id': 36, 'title': 'excepturi deleniti adipisci voluptatem et neque optio illum ad', 'completed': True}, {'userId': 2, 'id': 37, 'title': 'sunt cum tempora', 'completed': False}, {'userId': 2, 'id': 38, 'title': 'totam quia non', 'completed': False}, {'userId': 2, 'id': 39, 'title': 'doloremque quibusdam asperiores libero corrupti illum qui omnis', 'completed': False}, {'userId': 2, 'id': 40, 'title': 'totam atque quo nesciunt', 'completed': True}, {'userId': 3, 'id': 41, 'title': 'aliquid amet impedit consequatur aspernatur placeat eaque fugiat suscipit', 'completed': False}, {'userId': 3, 'id': 42, 'title': 'rerum perferendis error quia ut eveniet', 'completed': False}, {'userId': 3, 'id': 43, 'title': 'tempore ut sint quis recusandae', 'completed': True}, {'userId': 3, 'id': 44, 'title': 'cum debitis quis accusamus doloremque ipsa natus sapiente omnis', 'completed': True}, {'userId': 3, 'id': 45, 'title': 'velit soluta adipisci molestias reiciendis harum', 'completed': False}, {'userId': 3, 'id': 46, 'title': 'vel voluptatem repellat nihil placeat corporis', 'completed': False}, {'userId': 3, 'id': 47, 'title': 'nam qui rerum fugiat accusamus', 'completed': False}, {'userId': 3, 'id': 48, 'title': 'sit reprehenderit omnis quia', 'completed': False}, {'userId': 3, 'id': 49, 'title': 'ut necessitatibus aut maiores debitis officia blanditiis velit et', 'completed': False}, {'userId': 3, 'id': 50, 'title': 'cupiditate necessitatibus ullam aut quis dolor voluptate', 'completed': True}, {'userId': 3, 'id': 51, 'title': 'distinctio exercitationem ab doloribus', 'completed': False}, {'userId': 3, 'id': 52, 'title': 'nesciunt dolorum quis recusandae ad pariatur ratione', 'completed': False}, {'userId': 3, 'id': 53, 'title': 'qui labore est occaecati recusandae aliquid quam', 'completed': False}, {'userId': 3, 'id': 54, 'title': 'quis et est ut voluptate quam dolor', 'completed': True}, {'userId': 3, 'id': 55, 'title': 'voluptatum omnis minima qui occaecati provident nulla voluptatem ratione', 'completed': True}, {'userId': 3, 'id': 56, 'title': 'deleniti ea temporibus enim', 'completed': True}, {'userId': 3, 'id': 57, 'title': 'pariatur et magnam ea doloribus similique voluptatem rerum quia', 'completed': False}, {'userId': 3, 'id': 58, 'title': 'est dicta totam qui explicabo doloribus qui dignissimos', 'completed': False}, {'userId': 3, 'id': 59, 'title': 'perspiciatis velit id laborum placeat iusto et aliquam odio', 'completed': False}, {'userId': 3, 'id': 60, 'title': 'et sequi qui architecto ut adipisci', 'completed': True}, {'userId': 4, 'id': 61, 'title': 'odit optio omnis qui sunt', 'completed': True}, {'userId': 4, 'id': 62, 'title': 'et placeat et tempore aspernatur sint numquam', 'completed': False}, {'userId': 4, 'id': 63, 'title': 'doloremque aut dolores quidem fuga qui nulla', 'completed': True}, {'userId': 4, 'id': 64, 'title': 'voluptas consequatur qui ut quia magnam nemo esse', 'completed': False}, {'userId': 4, 'id': 65, 'title': 'fugiat pariatur ratione ut asperiores necessitatibus magni', 'completed': False}, {'userId': 4, 'id': 66, 'title': 'rerum eum molestias autem voluptatum sit optio', 'completed': False}, {'userId': 4, 'id': 67, 'title': 'quia voluptatibus voluptatem quos similique maiores repellat', 'completed': False}, {'userId': 4, 'id': 68, 'title': 'aut id perspiciatis voluptatem iusto', 'completed': False}, {'userId': 4, 'id': 69, 'title': 'doloribus sint dolorum ab adipisci itaque dignissimos aliquam suscipit', 'completed': False}, {'userId': 4, 'id': 70, 'title': 'ut sequi accusantium et mollitia delectus sunt', 'completed': False}, {'userId': 4, 'id': 71, 'title': 'aut velit saepe ullam', 'completed': False}, {'userId': 4, 'id': 72, 'title': 'praesentium facilis facere quis harum voluptatibus voluptatem eum', 'completed': False}, {'userId': 4, 'id': 73, 'title': 'sint amet quia totam corporis qui exercitationem commodi', 'completed': True}, {'userId': 4, 'id': 74, 'title': 'expedita tempore nobis eveniet laborum maiores', 'completed': False}, {'userId': 4, 'id': 75, 'title': 'occaecati adipisci est possimus totam', 'completed': False}, {'userId': 4, 'id': 76, 'title': 'sequi dolorem sed', 'completed': True}, {'userId': 4, 'id': 77, 'title': 'maiores aut nesciunt delectus exercitationem vel assumenda eligendi at', 'completed': False}, {'userId': 4, 'id': 78, 'title': 'reiciendis est magnam amet nemo iste recusandae impedit quaerat', 'completed': False}, {'userId': 4, 'id': 79, 'title': 'eum ipsa maxime ut', 'completed': True}, {'userId': 4, 'id': 80, 'title': 'tempore molestias dolores rerum sequi voluptates ipsum consequatur', 'completed': True}, {'userId': 5, 'id': 81, 'title': 'suscipit qui totam', 'completed': True}, {'userId': 5, 'id': 82, 'title': 'voluptates eum voluptas et dicta', 'completed': False}, {'userId': 5, 'id': 83, 'title': 'quidem at rerum quis ex aut sit quam', 'completed': True}, {'userId': 5, 'id': 84, 'title': 'sunt veritatis ut voluptate', 'completed': False}, {'userId': 5, 'id': 85, 'title': 'et quia ad iste a', 'completed': True}, {'userId': 5, 'id': 86, 'title': 'incidunt ut saepe autem', 'completed': True}, {'userId': 5, 'id': 87, 'title': 'laudantium quae eligendi consequatur quia et vero autem', 'completed': True}, {'userId': 5, 'id': 88, 'title': 'vitae aut excepturi laboriosam sint aliquam et et accusantium', 'completed': False}, {'userId': 5, 'id': 89, 'title': 'sequi ut omnis et', 'completed': True}, {'userId': 5, 'id': 90, 'title': 'molestiae nisi accusantium tenetur dolorem et', 'completed': True}, {'userId': 5, 'id': 91, 'title': 'nulla quis consequatur saepe qui id expedita', 'completed': True}, {'userId': 5, 'id': 92, 'title': 'in omnis laboriosam', 'completed': True}, {'userId': 5, 'id': 93, 'title': 'odio iure consequatur molestiae quibusdam necessitatibus quia sint', 'completed': True}, {'userId': 5, 'id': 94, 'title': 'facilis modi saepe mollitia', 'completed': False}, {'userId': 5, 'id': 95, 'title': 'vel nihil et molestiae iusto assumenda nemo quo ut', 'completed': True}, {'userId': 5, 'id': 96, 'title': 'nobis suscipit ducimus enim asperiores voluptas', 'completed': False}, {'userId': 5, 'id': 97, 'title': 'dolorum laboriosam eos qui iure aliquam', 'completed': False}, {'userId': 5, 'id': 98, 'title': 'debitis accusantium ut quo facilis nihil quis sapiente necessitatibus', 'completed': True}, {'userId': 5, 'id': 99, 'title': 'neque voluptates ratione', 'completed': False}, {'userId': 5, 'id': 100, 'title': 'excepturi a et neque qui expedita vel voluptate', 'completed': False}, {'userId': 6, 'id': 101, 'title': 'explicabo enim cumque porro aperiam occaecati minima', 'completed': False}, {'userId': 6, 'id': 102, 'title': 'sed ab consequatur', 'completed': False}, {'userId': 6, 'id': 103, 'title': 'non sunt delectus illo nulla tenetur enim omnis', 'completed': False}, {'userId': 6, 'id': 104, 'title': 'excepturi non laudantium quo', 'completed': False}, {'userId': 6, 'id': 105, 'title': 'totam quia dolorem et illum repellat voluptas optio', 'completed': True}, {'userId': 6, 'id': 106, 'title': 'ad illo quis voluptatem temporibus', 'completed': True}, {'userId': 6, 'id': 107, 'title': 'praesentium facilis omnis laudantium fugit ad iusto nihil nesciunt', 'completed': False}, {'userId': 6, 'id': 108, 'title': 'a eos eaque nihil et exercitationem incidunt delectus', 'completed': True}, {'userId': 6, 'id': 109, 'title': 'autem temporibus harum quisquam in culpa', 'completed': True}, {'userId': 6, 'id': 110, 'title': 'aut aut ea corporis', 'completed': True}, {'userId': 6, 'id': 111, 'title': 'magni accusantium labore et id quis provident', 'completed': False}, {'userId': 6, 'id': 112, 'title': 'consectetur impedit quisquam qui deserunt non rerum consequuntur eius', 'completed': False}, {'userId': 6, 'id': 113, 'title': 'quia atque aliquam sunt impedit voluptatum rerum assumenda nisi', 'completed': False}, {'userId': 6, 'id': 114, 'title': 'cupiditate quos possimus corporis quisquam exercitationem beatae', 'completed': False}, {'userId': 6, 'id': 115, 'title': 'sed et ea eum', 'completed': False}, {'userId': 6, 'id': 116, 'title': 'ipsa dolores vel facilis ut', 'completed': True}, {'userId': 6, 'id': 117, 'title': 'sequi quae est et qui qui eveniet asperiores', 'completed': False}, {'userId': 6, 'id': 118, 'title': 'quia modi consequatur vero fugiat', 'completed': False}, {'userId': 6, 'id': 119, 'title': 'corporis ducimus ea perspiciatis iste', 'completed': False}, {'userId': 6, 'id': 120, 'title': 'dolorem laboriosam vel voluptas et aliquam quasi', 'completed': False}, {'userId': 7, 'id': 121, 'title': 'inventore aut nihil minima laudantium hic qui omnis', 'completed': True}, {'userId': 7, 'id': 122, 'title': 'provident aut nobis culpa', 'completed': True}, {'userId': 7, 'id': 123, 'title': 'esse et quis iste est earum aut impedit', 'completed': False}, {'userId': 7, 'id': 124, 'title': 'qui consectetur id', 'completed': False}, {'userId': 7, 'id': 125, 'title': 'aut quasi autem iste tempore illum possimus', 'completed': False}, {'userId': 7, 'id': 126, 'title': 'ut asperiores perspiciatis veniam ipsum rerum saepe', 'completed': True}, {'userId': 7, 'id': 127, 'title': 'voluptatem libero consectetur rerum ut', 'completed': True}, {'userId': 7, 'id': 128, 'title': 'eius omnis est qui voluptatem autem', 'completed': False}, {'userId': 7, 'id': 129, 'title': 'rerum culpa quis harum', 'completed': False}, {'userId': 7, 'id': 130, 'title': 'nulla aliquid eveniet harum laborum libero alias ut unde', 'completed': True}, {'userId': 7, 'id': 131, 'title': 'qui ea incidunt quis', 'completed': False}, {'userId': 7, 'id': 132, 'title': 'qui molestiae voluptatibus velit iure harum quisquam', 'completed': True}, {'userId': 7, 'id': 133, 'title': 'et labore eos enim rerum consequatur sunt', 'completed': True}, {'userId': 7, 'id': 134, 'title': 'molestiae doloribus et laborum quod ea', 'completed': False}, {'userId': 7, 'id': 135, 'title': 'facere ipsa nam eum voluptates reiciendis vero qui', 'completed': False}, {'userId': 7, 'id': 136, 'title': 'asperiores illo tempora fuga sed ut quasi adipisci', 'completed': False}, {'userId': 7, 'id': 137, 'title': 'qui sit non', 'completed': False}, {'userId': 7, 'id': 138, 'title': 'placeat minima consequatur rem qui ut', 'completed': True}, {'userId': 7, 'id': 139, 'title': 'consequatur doloribus id possimus voluptas a voluptatem', 'completed': False}, {'userId': 7, 'id': 140, 'title': 'aut consectetur in blanditiis deserunt quia sed laboriosam', 'completed': True}, {'userId': 8, 'id': 141, 'title': 'explicabo consectetur debitis voluptates quas quae culpa rerum non', 'completed': True}, {'userId': 8, 'id': 142, 'title': 'maiores accusantium architecto necessitatibus reiciendis ea aut', 'completed': True}, {'userId': 8, 'id': 143, 'title': 'eum non recusandae cupiditate animi', 'completed': False}, {'userId': 8, 'id': 144, 'title': 'ut eum exercitationem sint', 'completed': False}, {'userId': 8, 'id': 145, 'title': 'beatae qui ullam incidunt voluptatem non nisi aliquam', 'completed': False}, {'userId': 8, 'id': 146, 'title': 'molestiae suscipit ratione nihil odio libero impedit vero totam', 'completed': True}, {'userId': 8, 'id': 147, 'title': 'eum itaque quod reprehenderit et facilis dolor autem ut', 'completed': True}, {'userId': 8, 'id': 148, 'title': 'esse quas et quo quasi exercitationem', 'completed': False}, {'userId': 8, 'id': 149, 'title': 'animi voluptas quod perferendis est', 'completed': False}, {'userId': 8, 'id': 150, 'title': 'eos amet tempore laudantium fugit a', 'completed': False}, {'userId': 8, 'id': 151, 'title': 'accusamus adipisci dicta qui quo ea explicabo sed vero', 'completed': True}, {'userId': 8, 'id': 152, 'title': 'odit eligendi recusandae doloremque cumque non', 'completed': False}, {'userId': 8, 'id': 153, 'title': 'ea aperiam consequatur qui repellat eos', 'completed': False}, {'userId': 8, 'id': 154, 'title': 'rerum non ex sapiente', 'completed': True}, {'userId': 8, 'id': 155, 'title': 'voluptatem nobis consequatur et assumenda magnam', 'completed': True}, {'userId': 8, 'id': 156, 'title': 'nam quia quia nulla repellat assumenda quibusdam sit nobis', 'completed': True}, {'userId': 8, 'id': 157, 'title': 'dolorem veniam quisquam deserunt repellendus', 'completed': True}, {'userId': 8, 'id': 158, 'title': 'debitis vitae delectus et harum accusamus aut deleniti a', 'completed': True}, {'userId': 8, 'id': 159, 'title': 'debitis adipisci quibusdam aliquam sed dolore ea praesentium nobis', 'completed': True}, {'userId': 8, 'id': 160, 'title': 'et praesentium aliquam est', 'completed': False}, {'userId': 9, 'id': 161, 'title': 'ex hic consequuntur earum omnis alias ut occaecati culpa', 'completed': True}, {'userId': 9, 'id': 162, 'title': 'omnis laboriosam molestias animi sunt dolore', 'completed': True}, {'userId': 9, 'id': 163, 'title': 'natus corrupti maxime laudantium et voluptatem laboriosam odit', 'completed': False}, {'userId': 9, 'id': 164, 'title': 'reprehenderit quos aut aut consequatur est sed', 'completed': False}, {'userId': 9, 'id': 165, 'title': 'fugiat perferendis sed aut quidem', 'completed': False}, {'userId': 9, 'id': 166, 'title': 'quos quo possimus suscipit minima ut', 'completed': False}, {'userId': 9, 'id': 167, 'title': 'et quis minus quo a asperiores molestiae', 'completed': False}, {'userId': 9, 'id': 168, 'title': 'recusandae quia qui sunt libero', 'completed': False}, {'userId': 9, 'id': 169, 'title': 'ea odio perferendis officiis', 'completed': True}, {'userId': 9, 'id': 170, 'title': 'quisquam aliquam quia doloribus aut', 'completed': False}, {'userId': 9, 'id': 171, 'title': 'fugiat aut voluptatibus corrupti deleniti velit iste odio', 'completed': True}, {'userId': 9, 'id': 172, 'title': 'et provident amet rerum consectetur et voluptatum', 'completed': False}, {'userId': 9, 'id': 173, 'title': 'harum ad aperiam quis', 'completed': False}, {'userId': 9, 'id': 174, 'title': 'similique aut quo', 'completed': False}, {'userId': 9, 'id': 175, 'title': 'laudantium eius officia perferendis provident perspiciatis asperiores', 'completed': True}, {'userId': 9, 'id': 176, 'title': 'magni soluta corrupti ut maiores rem quidem', 'completed': False}, {'userId': 9, 'id': 177, 'title': 'et placeat temporibus voluptas est tempora quos quibusdam', 'completed': False}, {'userId': 9, 'id': 178, 'title': 'nesciunt itaque commodi tempore', 'completed': True}, {'userId': 9, 'id': 179, 'title': 'omnis consequuntur cupiditate impedit itaque ipsam quo', 'completed': True}, {'userId': 9, 'id': 180, 'title': 'debitis nisi et dolorem repellat et', 'completed': True}, {'userId': 10, 'id': 181, 'title': 'ut cupiditate sequi aliquam fuga maiores', 'completed': False}, {'userId': 10, 'id': 182, 'title': 'inventore saepe cumque et aut illum enim', 'completed': True}, {'userId': 10, 'id': 183, 'title': 'omnis nulla eum aliquam distinctio', 'completed': True}, {'userId': 10, 'id': 184, 'title': 'molestias modi perferendis perspiciatis', 'completed': False}, {'userId': 10, 'id': 185, 'title': 'voluptates dignissimos sed doloribus animi quaerat aut', 'completed': False}, {'userId': 10, 'id': 186, 'title': 'explicabo odio est et', 'completed': False}, {'userId': 10, 'id': 187, 'title': 'consequuntur animi possimus', 'completed': False}, {'userId': 10, 'id': 188, 'title': 'vel non beatae est', 'completed': True}, {'userId': 10, 'id': 189, 'title': 'culpa eius et voluptatem et', 'completed': True}, {'userId': 10, 'id': 190, 'title': 'accusamus sint iusto et voluptatem exercitationem', 'completed': True}, {'userId': 10, 'id': 191, 'title': 'temporibus atque distinctio omnis eius impedit tempore molestias pariatur', 'completed': True}, {'userId': 10, 'id': 192, 'title': 'ut quas possimus exercitationem sint voluptates', 'completed': False}, {'userId': 10, 'id': 193, 'title': 'rerum debitis voluptatem qui eveniet tempora distinctio a', 'completed': True}, {'userId': 10, 'id': 194, 'title': 'sed ut vero sit molestiae', 'completed': False}, {'userId': 10, 'id': 195, 'title': 'rerum ex veniam mollitia voluptatibus pariatur', 'completed': True}, {'userId': 10, 'id': 196, 'title': 'consequuntur aut ut fugit similique', 'completed': True}, {'userId': 10, 'id': 197, 'title': 'dignissimos quo nobis earum saepe', 'completed': True}, {'userId': 10, 'id': 198, 'title': 'quis eius est sint explicabo', 'completed': True}, {'userId': 10, 'id': 199, 'title': 'numquam repellendus a magnam', 'completed': True}, {'userId': 10, 'id': 200, 'title': 'ipsam aperiam voluptates qui', 'completed': False}]
2026-06-10 01:28:41,379 - INFO - Program finished
2026-06-10 01:31:03,166 - DEBUG - Using proactor: IocpProactor
2026-06-10 01:31:03,171 - INFO - Program started
2026-06-10 01:31:05,463 - DEBUG - HTTP client created
2026-06-10 01:31:05,485 - DEBUG - connect_tcp.started host='127.0.0.1' port=50422 local_address=None timeout=5.0 socket_options=None
2026-06-10 01:31:05,489 - DEBUG - connect_tcp.complete return_value=<httpcore._backends.anyio.AnyIOStream object at 0x0000018114899E80>
2026-06-10 01:31:05,490 - DEBUG - send_request_headers.started request=<Request [b'CONNECT']>
2026-06-10 01:31:05,491 - DEBUG - send_request_headers.complete
2026-06-10 01:31:05,491 - DEBUG - send_request_body.started request=<Request [b'CONNECT']>
2026-06-10 01:31:05,492 - DEBUG - send_request_body.complete
2026-06-10 01:31:05,492 - DEBUG - receive_response_headers.started request=<Request [b'CONNECT']>
2026-06-10 01:31:05,546 - DEBUG - receive_response_headers.complete return_value=(b'HTTP/1.1', 200, b'OK', [])
2026-06-10 01:31:05,546 - DEBUG - start_tls.started ssl_context=<ssl.SSLContext object at 0x000001811463BAD0> server_hostname='jsonplaceholder.typicode.com' timeout=5.0
2026-06-10 01:31:05,584 - DEBUG - start_tls.complete return_value=<httpcore._backends.anyio.AnyIOStream object at 0x000001811485B750>
2026-06-10 01:31:05,585 - DEBUG - send_request_headers.started request=<Request [b'GET']>
2026-06-10 01:31:05,586 - DEBUG - send_request_headers.complete
2026-06-10 01:31:05,586 - DEBUG - send_request_body.started request=<Request [b'GET']>
2026-06-10 01:31:05,586 - DEBUG - send_request_body.complete
2026-06-10 01:31:05,586 - DEBUG - receive_response_headers.started request=<Request [b'GET']>
2026-06-10 01:31:05,676 - DEBUG - receive_response_headers.complete return_value=(b'HTTP/1.1', 200, b'OK', [(b'Date', b'Tue, 09 Jun 2026 21:31:08 GMT'), (b'Content-Type', b'application/json; charset=utf-8'), (b'Content-Length', b'4005'), (b'Connection', b'keep-alive'), (b'Access-Control-Allow-Credentials', b'true'), (b'Cache-Control', b'max-age=43200'), (b'Content-Encoding', b'gzip'), (b'Etag', b'W/"5ef7-4Ad6/n39KWY9q6Ykm/ULNQ2F5IM"'), (b'Expires', b'-1'), (b'Nel', b'{"report_to":"heroku-nel","response_headers":["Via"],"max_age":3600,"success_fraction":0.01,"failure_fraction":0.1}'), (b'Pragma', b'no-cache'), (b'Report-To', b'{"group":"heroku-nel","endpoints":[{"url":"https://nel.heroku.com/reports?s=7JNnv9o2PggVMWLNhwTuiJctGFcQCA%2F7Ug0%2Fds8nXfU%3D\\u0026sid=e11707d5-02a7-43ef-b45e-2cf4d2036f7d\\u0026ts=1780844949"}],"max_age":3600}'), (b'Reporting-Endpoints', b'heroku-nel="https://nel.heroku.com/reports?s=7JNnv9o2PggVMWLNhwTuiJctGFcQCA%2F7Ug0%2Fds8nXfU%3D&sid=e11707d5-02a7-43ef-b45e-2cf4d2036f7d&ts=1780844949"'), (b'Server', b'cloudflare'), (b'Vary', b'Origin, Accept-Encoding'), (b'Via', b'2.0 heroku-router'), (b'X-Content-Type-Options', b'nosniff'), (b'X-Powered-By', b'Express'), (b'X-Ratelimit-Limit', b'1000'), (b'X-Ratelimit-Remaining', b'999'), (b'X-Ratelimit-Reset', b'1780844956'), (b'Age', b'1920'), (b'Accept-Ranges', b'bytes'), (b'Cf-Cache-Status', b'HIT'), (b'CF-RAY', b'a0933dd1c917959d-TBS'), (b'alt-svc', b'h3=":443"; ma=86400')])
2026-06-10 01:31:05,677 - INFO - HTTP Request: GET https://jsonplaceholder.typicode.com/todos "HTTP/1.1 200 OK"
2026-06-10 01:31:05,678 - DEBUG - receive_response_body.started request=<Request [b'GET']>
2026-06-10 01:31:05,694 - DEBUG - receive_response_body.complete
2026-06-10 01:31:05,696 - DEBUG - response_closed.started
2026-06-10 01:31:05,696 - DEBUG - response_closed.complete
2026-06-10 01:31:05,698 - INFO - Request sent to https://jsonplaceholder.typicode.com/todos
2026-06-10 01:31:05,698 - INFO - Response status: 200 OK
2026-06-10 01:31:05,699 - DEBUG - Todos received: 200 items
2026-06-10 01:31:05,700 - INFO - First user found: [{'userId': 1, 'id': 1, 'title': 'delectus aut autem', 'completed': False}, {'userId': 1, 'id': 2, 'title': 'quis ut nam facilis et officia qui', 'completed': False}, {'userId': 1, 'id': 3, 'title': 'fugiat veniam minus', 'completed': False}, {'userId': 1, 'id': 4, 'title': 'et porro tempora', 'completed': True}, {'userId': 1, 'id': 5, 'title': 'laboriosam mollitia et enim quasi adipisci quia provident illum', 'completed': False}, {'userId': 1, 'id': 6, 'title': 'qui ullam ratione quibusdam voluptatem quia omnis', 'completed': False}, {'userId': 1, 'id': 7, 'title': 'illo expedita consequatur quia in', 'completed': False}, {'userId': 1, 'id': 8, 'title': 'quo adipisci enim quam ut ab', 'completed': True}, {'userId': 1, 'id': 9, 'title': 'molestiae perspiciatis ipsa', 'completed': False}, {'userId': 1, 'id': 10, 'title': 'illo est ratione doloremque quia maiores aut', 'completed': True}, {'userId': 1, 'id': 11, 'title': 'vero rerum temporibus dolor', 'completed': True}, {'userId': 1, 'id': 12, 'title': 'ipsa repellendus fugit nisi', 'completed': True}, {'userId': 1, 'id': 13, 'title': 'et doloremque nulla', 'completed': False}, {'userId': 1, 'id': 14, 'title': 'repellendus sunt dolores architecto voluptatum', 'completed': True}, {'userId': 1, 'id': 15, 'title': 'ab voluptatum amet voluptas', 'completed': True}, {'userId': 1, 'id': 16, 'title': 'accusamus eos facilis sint et aut voluptatem', 'completed': True}, {'userId': 1, 'id': 17, 'title': 'quo laboriosam deleniti aut qui', 'completed': True}, {'userId': 1, 'id': 18, 'title': 'dolorum est consequatur ea mollitia in culpa', 'completed': False}, {'userId': 1, 'id': 19, 'title': 'molestiae ipsa aut voluptatibus pariatur dolor nihil', 'completed': True}, {'userId': 1, 'id': 20, 'title': 'ullam nobis libero sapiente ad optio sint', 'completed': True}, {'userId': 2, 'id': 21, 'title': 'suscipit repellat esse quibusdam voluptatem incidunt', 'completed': False}, {'userId': 2, 'id': 22, 'title': 'distinctio vitae autem nihil ut molestias quo', 'completed': True}, {'userId': 2, 'id': 23, 'title': 'et itaque necessitatibus maxime molestiae qui quas velit', 'completed': False}, {'userId': 2, 'id': 24, 'title': 'adipisci non ad dicta qui amet quaerat doloribus ea', 'completed': False}, {'userId': 2, 'id': 25, 'title': 'voluptas quo tenetur perspiciatis explicabo natus', 'completed': True}, {'userId': 2, 'id': 26, 'title': 'aliquam aut quasi', 'completed': True}, {'userId': 2, 'id': 27, 'title': 'veritatis pariatur delectus', 'completed': True}, {'userId': 2, 'id': 28, 'title': 'nesciunt totam sit blanditiis sit', 'completed': False}, {'userId': 2, 'id': 29, 'title': 'laborum aut in quam', 'completed': False}, {'userId': 2, 'id': 30, 'title': 'nemo perspiciatis repellat ut dolor libero commodi blanditiis omnis', 'completed': True}, {'userId': 2, 'id': 31, 'title': 'repudiandae totam in est sint facere fuga', 'completed': False}, {'userId': 2, 'id': 32, 'title': 'earum doloribus ea doloremque quis', 'completed': False}, {'userId': 2, 'id': 33, 'title': 'sint sit aut vero', 'completed': False}, {'userId': 2, 'id': 34, 'title': 'porro aut necessitatibus eaque distinctio', 'completed': False}, {'userId': 2, 'id': 35, 'title': 'repellendus veritatis molestias dicta incidunt', 'completed': True}, {'userId': 2, 'id': 36, 'title': 'excepturi deleniti adipisci voluptatem et neque optio illum ad', 'completed': True}, {'userId': 2, 'id': 37, 'title': 'sunt cum tempora', 'completed': False}, {'userId': 2, 'id': 38, 'title': 'totam quia non', 'completed': False}, {'userId': 2, 'id': 39, 'title': 'doloremque quibusdam asperiores libero corrupti illum qui omnis', 'completed': False}, {'userId': 2, 'id': 40, 'title': 'totam atque quo nesciunt', 'completed': True}, {'userId': 3, 'id': 41, 'title': 'aliquid amet impedit consequatur aspernatur placeat eaque fugiat suscipit', 'completed': False}, {'userId': 3, 'id': 42, 'title': 'rerum perferendis error quia ut eveniet', 'completed': False}, {'userId': 3, 'id': 43, 'title': 'tempore ut sint quis recusandae', 'completed': True}, {'userId': 3, 'id': 44, 'title': 'cum debitis quis accusamus doloremque ipsa natus sapiente omnis', 'completed': True}, {'userId': 3, 'id': 45, 'title': 'velit soluta adipisci molestias reiciendis harum', 'completed': False}, {'userId': 3, 'id': 46, 'title': 'vel voluptatem repellat nihil placeat corporis', 'completed': False}, {'userId': 3, 'id': 47, 'title': 'nam qui rerum fugiat accusamus', 'completed': False}, {'userId': 3, 'id': 48, 'title': 'sit reprehenderit omnis quia', 'completed': False}, {'userId': 3, 'id': 49, 'title': 'ut necessitatibus aut maiores debitis officia blanditiis velit et', 'completed': False}, {'userId': 3, 'id': 50, 'title': 'cupiditate necessitatibus ullam aut quis dolor voluptate', 'completed': True}, {'userId': 3, 'id': 51, 'title': 'distinctio exercitationem ab doloribus', 'completed': False}, {'userId': 3, 'id': 52, 'title': 'nesciunt dolorum quis recusandae ad pariatur ratione', 'completed': False}, {'userId': 3, 'id': 53, 'title': 'qui labore est occaecati recusandae aliquid quam', 'completed': False}, {'userId': 3, 'id': 54, 'title': 'quis et est ut voluptate quam dolor', 'completed': True}, {'userId': 3, 'id': 55, 'title': 'voluptatum omnis minima qui occaecati provident nulla voluptatem ratione', 'completed': True}, {'userId': 3, 'id': 56, 'title': 'deleniti ea temporibus enim', 'completed': True}, {'userId': 3, 'id': 57, 'title': 'pariatur et magnam ea doloribus similique voluptatem rerum quia', 'completed': False}, {'userId': 3, 'id': 58, 'title': 'est dicta totam qui explicabo doloribus qui dignissimos', 'completed': False}, {'userId': 3, 'id': 59, 'title': 'perspiciatis velit id laborum placeat iusto et aliquam odio', 'completed': False}, {'userId': 3, 'id': 60, 'title': 'et sequi qui architecto ut adipisci', 'completed': True}, {'userId': 4, 'id': 61, 'title': 'odit optio omnis qui sunt', 'completed': True}, {'userId': 4, 'id': 62, 'title': 'et placeat et tempore aspernatur sint numquam', 'completed': False}, {'userId': 4, 'id': 63, 'title': 'doloremque aut dolores quidem fuga qui nulla', 'completed': True}, {'userId': 4, 'id': 64, 'title': 'voluptas consequatur qui ut quia magnam nemo esse', 'completed': False}, {'userId': 4, 'id': 65, 'title': 'fugiat pariatur ratione ut asperiores necessitatibus magni', 'completed': False}, {'userId': 4, 'id': 66, 'title': 'rerum eum molestias autem voluptatum sit optio', 'completed': False}, {'userId': 4, 'id': 67, 'title': 'quia voluptatibus voluptatem quos similique maiores repellat', 'completed': False}, {'userId': 4, 'id': 68, 'title': 'aut id perspiciatis voluptatem iusto', 'completed': False}, {'userId': 4, 'id': 69, 'title': 'doloribus sint dolorum ab adipisci itaque dignissimos aliquam suscipit', 'completed': False}, {'userId': 4, 'id': 70, 'title': 'ut sequi accusantium et mollitia delectus sunt', 'completed': False}, {'userId': 4, 'id': 71, 'title': 'aut velit saepe ullam', 'completed': False}, {'userId': 4, 'id': 72, 'title': 'praesentium facilis facere quis harum voluptatibus voluptatem eum', 'completed': False}, {'userId': 4, 'id': 73, 'title': 'sint amet quia totam corporis qui exercitationem commodi', 'completed': True}, {'userId': 4, 'id': 74, 'title': 'expedita tempore nobis eveniet laborum maiores', 'completed': False}, {'userId': 4, 'id': 75, 'title': 'occaecati adipisci est possimus totam', 'completed': False}, {'userId': 4, 'id': 76, 'title': 'sequi dolorem sed', 'completed': True}, {'userId': 4, 'id': 77, 'title': 'maiores aut nesciunt delectus exercitationem vel assumenda eligendi at', 'completed': False}, {'userId': 4, 'id': 78, 'title': 'reiciendis est magnam amet nemo iste recusandae impedit quaerat', 'completed': False}, {'userId': 4, 'id': 79, 'title': 'eum ipsa maxime ut', 'completed': True}, {'userId': 4, 'id': 80, 'title': 'tempore molestias dolores rerum sequi voluptates ipsum consequatur', 'completed': True}, {'userId': 5, 'id': 81, 'title': 'suscipit qui totam', 'completed': True}, {'userId': 5, 'id': 82, 'title': 'voluptates eum voluptas et dicta', 'completed': False}, {'userId': 5, 'id': 83, 'title': 'quidem at rerum quis ex aut sit quam', 'completed': True}, {'userId': 5, 'id': 84, 'title': 'sunt veritatis ut voluptate', 'completed': False}, {'userId': 5, 'id': 85, 'title': 'et quia ad iste a', 'completed': True}, {'userId': 5, 'id': 86, 'title': 'incidunt ut saepe autem', 'completed': True}, {'userId': 5, 'id': 87, 'title': 'laudantium quae eligendi consequatur quia et vero autem', 'completed': True}, {'userId': 5, 'id': 88, 'title': 'vitae aut excepturi laboriosam sint aliquam et et accusantium', 'completed': False}, {'userId': 5, 'id': 89, 'title': 'sequi ut omnis et', 'completed': True}, {'userId': 5, 'id': 90, 'title': 'molestiae nisi accusantium tenetur dolorem et', 'completed': True}, {'userId': 5, 'id': 91, 'title': 'nulla quis consequatur saepe qui id expedita', 'completed': True}, {'userId': 5, 'id': 92, 'title': 'in omnis laboriosam', 'completed': True}, {'userId': 5, 'id': 93, 'title': 'odio iure consequatur molestiae quibusdam necessitatibus quia sint', 'completed': True}, {'userId': 5, 'id': 94, 'title': 'facilis modi saepe mollitia', 'completed': False}, {'userId': 5, 'id': 95, 'title': 'vel nihil et molestiae iusto assumenda nemo quo ut', 'completed': True}, {'userId': 5, 'id': 96, 'title': 'nobis suscipit ducimus enim asperiores voluptas', 'completed': False}, {'userId': 5, 'id': 97, 'title': 'dolorum laboriosam eos qui iure aliquam', 'completed': False}, {'userId': 5, 'id': 98, 'title': 'debitis accusantium ut quo facilis nihil quis sapiente necessitatibus', 'completed': True}, {'userId': 5, 'id': 99, 'title': 'neque voluptates ratione', 'completed': False}, {'userId': 5, 'id': 100, 'title': 'excepturi a et neque qui expedita vel voluptate', 'completed': False}, {'userId': 6, 'id': 101, 'title': 'explicabo enim cumque porro aperiam occaecati minima', 'completed': False}, {'userId': 6, 'id': 102, 'title': 'sed ab consequatur', 'completed': False}, {'userId': 6, 'id': 103, 'title': 'non sunt delectus illo nulla tenetur enim omnis', 'completed': False}, {'userId': 6, 'id': 104, 'title': 'excepturi non laudantium quo', 'completed': False}, {'userId': 6, 'id': 105, 'title': 'totam quia dolorem et illum repellat voluptas optio', 'completed': True}, {'userId': 6, 'id': 106, 'title': 'ad illo quis voluptatem temporibus', 'completed': True}, {'userId': 6, 'id': 107, 'title': 'praesentium facilis omnis laudantium fugit ad iusto nihil nesciunt', 'completed': False}, {'userId': 6, 'id': 108, 'title': 'a eos eaque nihil et exercitationem incidunt delectus', 'completed': True}, {'userId': 6, 'id': 109, 'title': 'autem temporibus harum quisquam in culpa', 'completed': True}, {'userId': 6, 'id': 110, 'title': 'aut aut ea corporis', 'completed': True}, {'userId': 6, 'id': 111, 'title': 'magni accusantium labore et id quis provident', 'completed': False}, {'userId': 6, 'id': 112, 'title': 'consectetur impedit quisquam qui deserunt non rerum consequuntur eius', 'completed': False}, {'userId': 6, 'id': 113, 'title': 'quia atque aliquam sunt impedit voluptatum rerum assumenda nisi', 'completed': False}, {'userId': 6, 'id': 114, 'title': 'cupiditate quos possimus corporis quisquam exercitationem beatae', 'completed': False}, {'userId': 6, 'id': 115, 'title': 'sed et ea eum', 'completed': False}, {'userId': 6, 'id': 116, 'title': 'ipsa dolores vel facilis ut', 'completed': True}, {'userId': 6, 'id': 117, 'title': 'sequi quae est et qui qui eveniet asperiores', 'completed': False}, {'userId': 6, 'id': 118, 'title': 'quia modi consequatur vero fugiat', 'completed': False}, {'userId': 6, 'id': 119, 'title': 'corporis ducimus ea perspiciatis iste', 'completed': False}, {'userId': 6, 'id': 120, 'title': 'dolorem laboriosam vel voluptas et aliquam quasi', 'completed': False}, {'userId': 7, 'id': 121, 'title': 'inventore aut nihil minima laudantium hic qui omnis', 'completed': True}, {'userId': 7, 'id': 122, 'title': 'provident aut nobis culpa', 'completed': True}, {'userId': 7, 'id': 123, 'title': 'esse et quis iste est earum aut impedit', 'completed': False}, {'userId': 7, 'id': 124, 'title': 'qui consectetur id', 'completed': False}, {'userId': 7, 'id': 125, 'title': 'aut quasi autem iste tempore illum possimus', 'completed': False}, {'userId': 7, 'id': 126, 'title': 'ut asperiores perspiciatis veniam ipsum rerum saepe', 'completed': True}, {'userId': 7, 'id': 127, 'title': 'voluptatem libero consectetur rerum ut', 'completed': True}, {'userId': 7, 'id': 128, 'title': 'eius omnis est qui voluptatem autem', 'completed': False}, {'userId': 7, 'id': 129, 'title': 'rerum culpa quis harum', 'completed': False}, {'userId': 7, 'id': 130, 'title': 'nulla aliquid eveniet harum laborum libero alias ut unde', 'completed': True}, {'userId': 7, 'id': 131, 'title': 'qui ea incidunt quis', 'completed': False}, {'userId': 7, 'id': 132, 'title': 'qui molestiae voluptatibus velit iure harum quisquam', 'completed': True}, {'userId': 7, 'id': 133, 'title': 'et labore eos enim rerum consequatur sunt', 'completed': True}, {'userId': 7, 'id': 134, 'title': 'molestiae doloribus et laborum quod ea', 'completed': False}, {'userId': 7, 'id': 135, 'title': 'facere ipsa nam eum voluptates reiciendis vero qui', 'completed': False}, {'userId': 7, 'id': 136, 'title': 'asperiores illo tempora fuga sed ut quasi adipisci', 'completed': False}, {'userId': 7, 'id': 137, 'title': 'qui sit non', 'completed': False}, {'userId': 7, 'id': 138, 'title': 'placeat minima consequatur rem qui ut', 'completed': True}, {'userId': 7, 'id': 139, 'title': 'consequatur doloribus id possimus voluptas a voluptatem', 'completed': False}, {'userId': 7, 'id': 140, 'title': 'aut consectetur in blanditiis deserunt quia sed laboriosam', 'completed': True}, {'userId': 8, 'id': 141, 'title': 'explicabo consectetur debitis voluptates quas quae culpa rerum non', 'completed': True}, {'userId': 8, 'id': 142, 'title': 'maiores accusantium architecto necessitatibus reiciendis ea aut', 'completed': True}, {'userId': 8, 'id': 143, 'title': 'eum non recusandae cupiditate animi', 'completed': False}, {'userId': 8, 'id': 144, 'title': 'ut eum exercitationem sint', 'completed': False}, {'userId': 8, 'id': 145, 'title': 'beatae qui ullam incidunt voluptatem non nisi aliquam', 'completed': False}, {'userId': 8, 'id': 146, 'title': 'molestiae suscipit ratione nihil odio libero impedit vero totam', 'completed': True}, {'userId': 8, 'id': 147, 'title': 'eum itaque quod reprehenderit et facilis dolor autem ut', 'completed': True}, {'userId': 8, 'id': 148, 'title': 'esse quas et quo quasi exercitationem', 'completed': False}, {'userId': 8, 'id': 149, 'title': 'animi voluptas quod perferendis est', 'completed': False}, {'userId': 8, 'id': 150, 'title': 'eos amet tempore laudantium fugit a', 'completed': False}, {'userId': 8, 'id': 151, 'title': 'accusamus adipisci dicta qui quo ea explicabo sed vero', 'completed': True}, {'userId': 8, 'id': 152, 'title': 'odit eligendi recusandae doloremque cumque non', 'completed': False}, {'userId': 8, 'id': 153, 'title': 'ea aperiam consequatur qui repellat eos', 'completed': False}, {'userId': 8, 'id': 154, 'title': 'rerum non ex sapiente', 'completed': True}, {'userId': 8, 'id': 155, 'title': 'voluptatem nobis consequatur et assumenda magnam', 'completed': True}, {'userId': 8, 'id': 156, 'title': 'nam quia quia nulla repellat assumenda quibusdam sit nobis', 'completed': True}, {'userId': 8, 'id': 157, 'title': 'dolorem veniam quisquam deserunt repellendus', 'completed': True}, {'userId': 8, 'id': 158, 'title': 'debitis vitae delectus et harum accusamus aut deleniti a', 'completed': True}, {'userId': 8, 'id': 159, 'title': 'debitis adipisci quibusdam aliquam sed dolore ea praesentium nobis', 'completed': True}, {'userId': 8, 'id': 160, 'title': 'et praesentium aliquam est', 'completed': False}, {'userId': 9, 'id': 161, 'title': 'ex hic consequuntur earum omnis alias ut occaecati culpa', 'completed': True}, {'userId': 9, 'id': 162, 'title': 'omnis laboriosam molestias animi sunt dolore', 'completed': True}, {'userId': 9, 'id': 163, 'title': 'natus corrupti maxime laudantium et voluptatem laboriosam odit', 'completed': False}, {'userId': 9, 'id': 164, 'title': 'reprehenderit quos aut aut consequatur est sed', 'completed': False}, {'userId': 9, 'id': 165, 'title': 'fugiat perferendis sed aut quidem', 'completed': False}, {'userId': 9, 'id': 166, 'title': 'quos quo possimus suscipit minima ut', 'completed': False}, {'userId': 9, 'id': 167, 'title': 'et quis minus quo a asperiores molestiae', 'completed': False}, {'userId': 9, 'id': 168, 'title': 'recusandae quia qui sunt libero', 'completed': False}, {'userId': 9, 'id': 169, 'title': 'ea odio perferendis officiis', 'completed': True}, {'userId': 9, 'id': 170, 'title': 'quisquam aliquam quia doloribus aut', 'completed': False}, {'userId': 9, 'id': 171, 'title': 'fugiat aut voluptatibus corrupti deleniti velit iste odio', 'completed': True}, {'userId': 9, 'id': 172, 'title': 'et provident amet rerum consectetur et voluptatum', 'completed': False}, {'userId': 9, 'id': 173, 'title': 'harum ad aperiam quis', 'completed': False}, {'userId': 9, 'id': 174, 'title': 'similique aut quo', 'completed': False}, {'userId': 9, 'id': 175, 'title': 'laudantium eius officia perferendis provident perspiciatis asperiores', 'completed': True}, {'userId': 9, 'id': 176, 'title': 'magni soluta corrupti ut maiores rem quidem', 'completed': False}, {'userId': 9, 'id': 177, 'title': 'et placeat temporibus voluptas est tempora quos quibusdam', 'completed': False}, {'userId': 9, 'id': 178, 'title': 'nesciunt itaque commodi tempore', 'completed': True}, {'userId': 9, 'id': 179, 'title': 'omnis consequuntur cupiditate impedit itaque ipsam quo', 'completed': True}, {'userId': 9, 'id': 180, 'title': 'debitis nisi et dolorem repellat et', 'completed': True}, {'userId': 10, 'id': 181, 'title': 'ut cupiditate sequi aliquam fuga maiores', 'completed': False}, {'userId': 10, 'id': 182, 'title': 'inventore saepe cumque et aut illum enim', 'completed': True}, {'userId': 10, 'id': 183, 'title': 'omnis nulla eum aliquam distinctio', 'completed': True}, {'userId': 10, 'id': 184, 'title': 'molestias modi perferendis perspiciatis', 'completed': False}, {'userId': 10, 'id': 185, 'title': 'voluptates dignissimos sed doloribus animi quaerat aut', 'completed': False}, {'userId': 10, 'id': 186, 'title': 'explicabo odio est et', 'completed': False}, {'userId': 10, 'id': 187, 'title': 'consequuntur animi possimus', 'completed': False}, {'userId': 10, 'id': 188, 'title': 'vel non beatae est', 'completed': True}, {'userId': 10, 'id': 189, 'title': 'culpa eius et voluptatem et', 'completed': True}, {'userId': 10, 'id': 190, 'title': 'accusamus sint iusto et voluptatem exercitationem', 'completed': True}, {'userId': 10, 'id': 191, 'title': 'temporibus atque distinctio omnis eius impedit tempore molestias pariatur', 'completed': True}, {'userId': 10, 'id': 192, 'title': 'ut quas possimus exercitationem sint voluptates', 'completed': False}, {'userId': 10, 'id': 193, 'title': 'rerum debitis voluptatem qui eveniet tempora distinctio a', 'completed': True}, {'userId': 10, 'id': 194, 'title': 'sed ut vero sit molestiae', 'completed': False}, {'userId': 10, 'id': 195, 'title': 'rerum ex veniam mollitia voluptatibus pariatur', 'completed': True}, {'userId': 10, 'id': 196, 'title': 'consequuntur aut ut fugit similique', 'completed': True}, {'userId': 10, 'id': 197, 'title': 'dignissimos quo nobis earum saepe', 'completed': True}, {'userId': 10, 'id': 198, 'title': 'quis eius est sint explicabo', 'completed': True}, {'userId': 10, 'id': 199, 'title': 'numquam repellendus a magnam', 'completed': True}, {'userId': 10, 'id': 200, 'title': 'ipsam aperiam voluptates qui', 'completed': False}]
2026-06-10 01:31:05,705 - INFO - Uncompleted todos count: 110
2026-06-10 01:31:05,709 - INFO - 
add_post() finished

2026-06-10 01:31:05,712 - INFO - Program result: 110
2026-06-10 01:31:05,712 - INFO - Program finished
2026-06-10 01:41:41,779 - DEBUG - Using proactor: IocpProactor
2026-06-10 01:41:41,783 - INFO - Program started
2026-06-10 01:41:43,226 - DEBUG - HTTP client created
2026-06-10 01:41:43,250 - DEBUG - connect_tcp.started host='127.0.0.1' port=50422 local_address=None timeout=5.0 socket_options=None
2026-06-10 01:41:43,255 - DEBUG - connect_tcp.complete return_value=<httpcore._backends.anyio.AnyIOStream object at 0x000001E0CE859E80>
2026-06-10 01:41:43,256 - DEBUG - send_request_headers.started request=<Request [b'CONNECT']>
2026-06-10 01:41:43,257 - DEBUG - send_request_headers.complete
2026-06-10 01:41:43,257 - DEBUG - send_request_body.started request=<Request [b'CONNECT']>
2026-06-10 01:41:43,257 - DEBUG - send_request_body.complete
2026-06-10 01:41:43,258 - DEBUG - receive_response_headers.started request=<Request [b'CONNECT']>
2026-06-10 01:41:43,304 - DEBUG - receive_response_headers.complete return_value=(b'HTTP/1.1', 200, b'OK', [])
2026-06-10 01:41:43,304 - DEBUG - start_tls.started ssl_context=<ssl.SSLContext object at 0x000001E0CE5FBAD0> server_hostname='jsonplaceholder.typicode.com' timeout=5.0
2026-06-10 01:41:43,341 - DEBUG - start_tls.complete return_value=<httpcore._backends.anyio.AnyIOStream object at 0x000001E0CE81B750>
2026-06-10 01:41:43,343 - DEBUG - send_request_headers.started request=<Request [b'GET']>
2026-06-10 01:41:43,344 - DEBUG - send_request_headers.complete
2026-06-10 01:41:43,344 - DEBUG - send_request_body.started request=<Request [b'GET']>
2026-06-10 01:41:43,344 - DEBUG - send_request_body.complete
2026-06-10 01:41:43,344 - DEBUG - receive_response_headers.started request=<Request [b'GET']>
2026-06-10 01:41:43,440 - DEBUG - receive_response_headers.complete return_value=(b'HTTP/1.1', 200, b'OK', [(b'Date', b'Tue, 09 Jun 2026 21:41:46 GMT'), (b'Content-Type', b'application/json; charset=utf-8'), (b'Transfer-Encoding', b'chunked'), (b'Connection', b'keep-alive'), (b'Access-Control-Allow-Credentials', b'true'), (b'Cache-Control', b'max-age=43200'), (b'Content-Encoding', b'gzip'), (b'Etag', b'W/"6b80-Ybsq/K6GwwqrYkAsFxqDXGC7DoM"'), (b'Expires', b'-1'), (b'Nel', b'{"report_to":"heroku-nel","response_headers":["Via"],"max_age":3600,"success_fraction":0.01,"failure_fraction":0.1}'), (b'Pragma', b'no-cache'), (b'Report-To', b'{"group":"heroku-nel","endpoints":[{"url":"https://nel.heroku.com/reports?s=%2BkY5bRCRB2vnnoThORuukqcFYPEKuF86%2BVOjhMRT11Y%3D\\u0026sid=e11707d5-02a7-43ef-b45e-2cf4d2036f7d\\u0026ts=1780678126"}],"max_age":3600}'), (b'Reporting-Endpoints', b'heroku-nel="https://nel.heroku.com/reports?s=%2BkY5bRCRB2vnnoThORuukqcFYPEKuF86%2BVOjhMRT11Y%3D&sid=e11707d5-02a7-43ef-b45e-2cf4d2036f7d&ts=1780678126"'), (b'Server', b'cloudflare'), (b'Vary', b'Origin, Accept-Encoding'), (b'Via', b'2.0 heroku-router'), (b'X-Content-Type-Options', b'nosniff'), (b'X-Powered-By', b'Express'), (b'X-Ratelimit-Limit', b'1000'), (b'X-Ratelimit-Remaining', b'999'), (b'X-Ratelimit-Reset', b'1780678135'), (b'Age', b'21246'), (b'Cf-Cache-Status', b'HIT'), (b'CF-RAY', b'a0934d63aa4a9cc7-TBS'), (b'alt-svc', b'h3=":443"; ma=86400')])
2026-06-10 01:41:43,441 - INFO - HTTP Request: GET https://jsonplaceholder.typicode.com/posts "HTTP/1.1 200 OK"
2026-06-10 01:41:43,442 - DEBUG - receive_response_body.started request=<Request [b'GET']>
2026-06-10 01:41:43,453 - DEBUG - receive_response_body.complete
2026-06-10 01:41:43,454 - DEBUG - response_closed.started
2026-06-10 01:41:43,454 - DEBUG - response_closed.complete
2026-06-10 01:41:43,455 - INFO - Request sent to https://jsonplaceholder.typicode.com/posts
2026-06-10 01:41:43,455 - INFO - Response status: 200 OK
2026-06-10 01:41:43,455 - DEBUG - Todos received: 100 items
2026-06-10 01:41:43,456 - INFO - First user found: [{'userId': 1, 'id': 1, 'title': 'sunt aut facere repellat provident occaecati excepturi optio reprehenderit', 'body': 'quia et suscipit\nsuscipit recusandae consequuntur expedita et cum\nreprehenderit molestiae ut ut quas totam\nnostrum rerum est autem sunt rem eveniet architecto'}, {'userId': 1, 'id': 2, 'title': 'qui est esse', 'body': 'est rerum tempore vitae\nsequi sint nihil reprehenderit dolor beatae ea dolores neque\nfugiat blanditiis voluptate porro vel nihil molestiae ut reiciendis\nqui aperiam non debitis possimus qui neque nisi nulla'}, {'userId': 1, 'id': 3, 'title': 'ea molestias quasi exercitationem repellat qui ipsa sit aut', 'body': 'et iusto sed quo iure\nvoluptatem occaecati omnis eligendi aut ad\nvoluptatem doloribus vel accusantium quis pariatur\nmolestiae porro eius odio et labore et velit aut'}, {'userId': 1, 'id': 4, 'title': 'eum et est occaecati', 'body': 'ullam et saepe reiciendis voluptatem adipisci\nsit amet autem assumenda provident rerum culpa\nquis hic commodi nesciunt rem tenetur doloremque ipsam iure\nquis sunt voluptatem rerum illo velit'}, {'userId': 1, 'id': 5, 'title': 'nesciunt quas odio', 'body': 'repudiandae veniam quaerat sunt sed\nalias aut fugiat sit autem sed est\nvoluptatem omnis possimus esse voluptatibus quis\nest aut tenetur dolor neque'}, {'userId': 1, 'id': 6, 'title': 'dolorem eum magni eos aperiam quia', 'body': 'ut aspernatur corporis harum nihil quis provident sequi\nmollitia nobis aliquid molestiae\nperspiciatis et ea nemo ab reprehenderit accusantium quas\nvoluptate dolores velit et doloremque molestiae'}, {'userId': 1, 'id': 7, 'title': 'magnam facilis autem', 'body': 'dolore placeat quibusdam ea quo vitae\nmagni quis enim qui quis quo nemo aut saepe\nquidem repellat excepturi ut quia\nsunt ut sequi eos ea sed quas'}, {'userId': 1, 'id': 8, 'title': 'dolorem dolore est ipsam', 'body': 'dignissimos aperiam dolorem qui eum\nfacilis quibusdam animi sint suscipit qui sint possimus cum\nquaerat magni maiores excepturi\nipsam ut commodi dolor voluptatum modi aut vitae'}, {'userId': 1, 'id': 9, 'title': 'nesciunt iure omnis dolorem tempora et accusantium', 'body': 'consectetur animi nesciunt iure dolore\nenim quia ad\nveniam autem ut quam aut nobis\net est aut quod aut provident voluptas autem voluptas'}, {'userId': 1, 'id': 10, 'title': 'optio molestias id quia eum', 'body': 'quo et expedita modi cum officia vel magni\ndoloribus qui repudiandae\nvero nisi sit\nquos veniam quod sed accusamus veritatis error'}, {'userId': 2, 'id': 11, 'title': 'et ea vero quia laudantium autem', 'body': 'delectus reiciendis molestiae occaecati non minima eveniet qui voluptatibus\naccusamus in eum beatae sit\nvel qui neque voluptates ut commodi qui incidunt\nut animi commodi'}, {'userId': 2, 'id': 12, 'title': 'in quibusdam tempore odit est dolorem', 'body': 'itaque id aut magnam\npraesentium quia et ea odit et ea voluptas et\nsapiente quia nihil amet occaecati quia id voluptatem\nincidunt ea est distinctio odio'}, {'userId': 2, 'id': 13, 'title': 'dolorum ut in voluptas mollitia et saepe quo animi', 'body': 'aut dicta possimus sint mollitia voluptas commodi quo doloremque\niste corrupti reiciendis voluptatem eius rerum\nsit cumque quod eligendi laborum minima\nperferendis recusandae assumenda consectetur porro architecto ipsum ipsam'}, {'userId': 2, 'id': 14, 'title': 'voluptatem eligendi optio', 'body': 'fuga et accusamus dolorum perferendis illo voluptas\nnon doloremque neque facere\nad qui dolorum molestiae beatae\nsed aut voluptas totam sit illum'}, {'userId': 2, 'id': 15, 'title': 'eveniet quod temporibus', 'body': 'reprehenderit quos placeat\nvelit minima officia dolores impedit repudiandae molestiae nam\nvoluptas recusandae quis delectus\nofficiis harum fugiat vitae'}, {'userId': 2, 'id': 16, 'title': 'sint suscipit perspiciatis velit dolorum rerum ipsa laboriosam odio', 'body': 'suscipit nam nisi quo aperiam aut\nasperiores eos fugit maiores voluptatibus quia\nvoluptatem quis ullam qui in alias quia est\nconsequatur magni mollitia accusamus ea nisi voluptate dicta'}, {'userId': 2, 'id': 17, 'title': 'fugit voluptas sed molestias voluptatem provident', 'body': 'eos voluptas et aut odit natus earum\naspernatur fuga molestiae ullam\ndeserunt ratione qui eos\nqui nihil ratione nemo velit ut aut id quo'}, {'userId': 2, 'id': 18, 'title': 'voluptate et itaque vero tempora molestiae', 'body': 'eveniet quo quis\nlaborum totam consequatur non dolor\nut et est repudiandae\nest voluptatem vel debitis et magnam'}, {'userId': 2, 'id': 19, 'title': 'adipisci placeat illum aut reiciendis qui', 'body': 'illum quis cupiditate provident sit magnam\nea sed aut omnis\nveniam maiores ullam consequatur atque\nadipisci quo iste expedita sit quos voluptas'}, {'userId': 2, 'id': 20, 'title': 'doloribus ad provident suscipit at', 'body': 'qui consequuntur ducimus possimus quisquam amet similique\nsuscipit porro ipsam amet\neos veritatis officiis exercitationem vel fugit aut necessitatibus totam\nomnis rerum consequatur expedita quidem cumque explicabo'}, {'userId': 3, 'id': 21, 'title': 'asperiores ea ipsam voluptatibus modi minima quia sint', 'body': 'repellat aliquid praesentium dolorem quo\nsed totam minus non itaque\nnihil labore molestiae sunt dolor eveniet hic recusandae veniam\ntempora et tenetur expedita sunt'}, {'userId': 3, 'id': 22, 'title': 'dolor sint quo a velit explicabo quia nam', 'body': 'eos qui et ipsum ipsam suscipit aut\nsed omnis non odio\nexpedita earum mollitia molestiae aut atque rem suscipit\nnam impedit esse'}, {'userId': 3, 'id': 23, 'title': 'maxime id vitae nihil numquam', 'body': 'veritatis unde neque eligendi\nquae quod architecto quo neque vitae\nest illo sit tempora doloremque fugit quod\net et vel beatae sequi ullam sed tenetur perspiciatis'}, {'userId': 3, 'id': 24, 'title': 'autem hic labore sunt dolores incidunt', 'body': 'enim et ex nulla\nomnis voluptas quia qui\nvoluptatem consequatur numquam aliquam sunt\ntotam recusandae id dignissimos aut sed asperiores deserunt'}, {'userId': 3, 'id': 25, 'title': 'rem alias distinctio quo quis', 'body': 'ullam consequatur ut\nomnis quis sit vel consequuntur\nipsa eligendi ipsum molestiae et omnis error nostrum\nmolestiae illo tempore quia et distinctio'}, {'userId': 3, 'id': 26, 'title': 'est et quae odit qui non', 'body': 'similique esse doloribus nihil accusamus\nomnis dolorem fuga consequuntur reprehenderit fugit recusandae temporibus\nperspiciatis cum ut laudantium\nomnis aut molestiae vel vero'}, {'userId': 3, 'id': 27, 'title': 'quasi id et eos tenetur aut quo autem', 'body': 'eum sed dolores ipsam sint possimus debitis occaecati\ndebitis qui qui et\nut placeat enim earum aut odit facilis\nconsequatur suscipit necessitatibus rerum sed inventore temporibus consequatur'}, {'userId': 3, 'id': 28, 'title': 'delectus ullam et corporis nulla voluptas sequi', 'body': 'non et quaerat ex quae ad maiores\nmaiores recusandae totam aut blanditiis mollitia quas illo\nut voluptatibus voluptatem\nsimilique nostrum eum'}, {'userId': 3, 'id': 29, 'title': 'iusto eius quod necessitatibus culpa ea', 'body': 'odit magnam ut saepe sed non qui\ntempora atque nihil\naccusamus illum doloribus illo dolor\neligendi repudiandae odit magni similique sed cum maiores'}, {'userId': 3, 'id': 30, 'title': 'a quo magni similique perferendis', 'body': 'alias dolor cumque\nimpedit blanditiis non eveniet odio maxime\nblanditiis amet eius quis tempora quia autem rem\na provident perspiciatis quia'}, {'userId': 4, 'id': 31, 'title': 'ullam ut quidem id aut vel consequuntur', 'body': 'debitis eius sed quibusdam non quis consectetur vitae\nimpedit ut qui consequatur sed aut in\nquidem sit nostrum et maiores adipisci atque\nquaerat voluptatem adipisci repudiandae'}, {'userId': 4, 'id': 32, 'title': 'doloremque illum aliquid sunt', 'body': 'deserunt eos nobis asperiores et hic\nest debitis repellat molestiae optio\nnihil ratione ut eos beatae quibusdam distinctio maiores\nearum voluptates et aut adipisci ea maiores voluptas maxime'}, {'userId': 4, 'id': 33, 'title': 'qui explicabo molestiae dolorem', 'body': 'rerum ut et numquam laborum odit est sit\nid qui sint in\nquasi tenetur tempore aperiam et quaerat qui in\nrerum officiis sequi cumque quod'}, {'userId': 4, 'id': 34, 'title': 'magnam ut rerum iure', 'body': 'ea velit perferendis earum ut voluptatem voluptate itaque iusto\ntotam pariatur in\nnemo voluptatem voluptatem autem magni tempora minima in\nest distinctio qui assumenda accusamus dignissimos officia nesciunt nobis'}, {'userId': 4, 'id': 35, 'title': 'id nihil consequatur molestias animi provident', 'body': 'nisi error delectus possimus ut eligendi vitae\nplaceat eos harum cupiditate facilis reprehenderit voluptatem beatae\nmodi ducimus quo illum voluptas eligendi\net nobis quia fugit'}, {'userId': 4, 'id': 36, 'title': 'fuga nam accusamus voluptas reiciendis itaque', 'body': 'ad mollitia et omnis minus architecto odit\nvoluptas doloremque maxime aut non ipsa qui alias veniam\nblanditiis culpa aut quia nihil cumque facere et occaecati\nqui aspernatur quia eaque ut aperiam inventore'}, {'userId': 4, 'id': 37, 'title': 'provident vel ut sit ratione est', 'body': 'debitis et eaque non officia sed nesciunt pariatur vel\nvoluptatem iste vero et ea\nnumquam aut expedita ipsum nulla in\nvoluptates omnis consequatur aut enim officiis in quam qui'}, {'userId': 4, 'id': 38, 'title': 'explicabo et eos deleniti nostrum ab id repellendus', 'body': 'animi esse sit aut sit nesciunt assumenda eum voluptas\nquia voluptatibus provident quia necessitatibus ea\nrerum repudiandae quia voluptatem delectus fugit aut id quia\nratione optio eos iusto veniam iure'}, {'userId': 4, 'id': 39, 'title': 'eos dolorem iste accusantium est eaque quam', 'body': 'corporis rerum ducimus vel eum accusantium\nmaxime aspernatur a porro possimus iste omnis\nest in deleniti asperiores fuga aut\nvoluptas sapiente vel dolore minus voluptatem incidunt ex'}, {'userId': 4, 'id': 40, 'title': 'enim quo cumque', 'body': 'ut voluptatum aliquid illo tenetur nemo sequi quo facilis\nipsum rem optio mollitia quas\nvoluptatem eum voluptas qui\nunde omnis voluptatem iure quasi maxime voluptas nam'}, {'userId': 5, 'id': 41, 'title': 'non est facere', 'body': 'molestias id nostrum\nexcepturi molestiae dolore omnis repellendus quaerat saepe\nconsectetur iste quaerat tenetur asperiores accusamus ex ut\nnam quidem est ducimus sunt debitis saepe'}, {'userId': 5, 'id': 42, 'title': 'commodi ullam sint et excepturi error explicabo praesentium voluptas', 'body': 'odio fugit voluptatum ducimus earum autem est incidunt voluptatem\nodit reiciendis aliquam sunt sequi nulla dolorem\nnon facere repellendus voluptates quia\nratione harum vitae ut'}, {'userId': 5, 'id': 43, 'title': 'eligendi iste nostrum consequuntur adipisci praesentium sit beatae perferendis', 'body': 'similique fugit est\nillum et dolorum harum et voluptate eaque quidem\nexercitationem quos nam commodi possimus cum odio nihil nulla\ndolorum exercitationem magnam ex et a et distinctio debitis'}, {'userId': 5, 'id': 44, 'title': 'optio dolor molestias sit', 'body': 'temporibus est consectetur dolore\net libero debitis vel velit laboriosam quia\nipsum quibusdam qui itaque fuga rem aut\nea et iure quam sed maxime ut distinctio quae'}, {'userId': 5, 'id': 45, 'title': 'ut numquam possimus omnis eius suscipit laudantium iure', 'body': 'est natus reiciendis nihil possimus aut provident\nex et dolor\nrepellat pariatur est\nnobis rerum repellendus dolorem autem'}, {'userId': 5, 'id': 46, 'title': 'aut quo modi neque nostrum ducimus', 'body': 'voluptatem quisquam iste\nvoluptatibus natus officiis facilis dolorem\nquis quas ipsam\nvel et voluptatum in aliquid'}, {'userId': 5, 'id': 47, 'title': 'quibusdam cumque rem aut deserunt', 'body': 'voluptatem assumenda ut qui ut cupiditate aut impedit veniam\noccaecati nemo illum voluptatem laudantium\nmolestiae beatae rerum ea iure soluta nostrum\neligendi et voluptate'}, {'userId': 5, 'id': 48, 'title': 'ut voluptatem illum ea doloribus itaque eos', 'body': 'voluptates quo voluptatem facilis iure occaecati\nvel assumenda rerum officia et\nillum perspiciatis ab deleniti\nlaudantium repellat ad ut et autem reprehenderit'}, {'userId': 5, 'id': 49, 'title': 'laborum non sunt aut ut assumenda perspiciatis voluptas', 'body': 'inventore ab sint\nnatus fugit id nulla sequi architecto nihil quaerat\neos tenetur in in eum veritatis non\nquibusdam officiis aspernatur cumque aut commodi aut'}, {'userId': 5, 'id': 50, 'title': 'repellendus qui recusandae incidunt voluptates tenetur qui omnis exercitationem', 'body': 'error suscipit maxime adipisci consequuntur recusandae\nvoluptas eligendi et est et voluptates\nquia distinctio ab amet quaerat molestiae et vitae\nadipisci impedit sequi nesciunt quis consectetur'}, {'userId': 6, 'id': 51, 'title': 'soluta aliquam aperiam consequatur illo quis voluptas', 'body': 'sunt dolores aut doloribus\ndolore doloribus voluptates tempora et\ndoloremque et quo\ncum asperiores sit consectetur dolorem'}, {'userId': 6, 'id': 52, 'title': 'qui enim et consequuntur quia animi quis voluptate quibusdam', 'body': 'iusto est quibusdam fuga quas quaerat molestias\na enim ut sit accusamus enim\ntemporibus iusto accusantium provident architecto\nsoluta esse reprehenderit qui laborum'}, {'userId': 6, 'id': 53, 'title': 'ut quo aut ducimus alias', 'body': 'minima harum praesentium eum rerum illo dolore\nquasi exercitationem rerum nam\nporro quis neque quo\nconsequatur minus dolor quidem veritatis sunt non explicabo similique'}, {'userId': 6, 'id': 54, 'title': 'sit asperiores ipsam eveniet odio non quia', 'body': 'totam corporis dignissimos\nvitae dolorem ut occaecati accusamus\nex velit deserunt\net exercitationem vero incidunt corrupti mollitia'}, {'userId': 6, 'id': 55, 'title': 'sit vel voluptatem et non libero', 'body': 'debitis excepturi ea perferendis harum libero optio\neos accusamus cum fuga ut sapiente repudiandae\net ut incidunt omnis molestiae\nnihil ut eum odit'}, {'userId': 6, 'id': 56, 'title': 'qui et at rerum necessitatibus', 'body': 'aut est omnis dolores\nneque rerum quod ea rerum velit pariatur beatae excepturi\net provident voluptas corrupti\ncorporis harum reprehenderit dolores eligendi'}, {'userId': 6, 'id': 57, 'title': 'sed ab est est', 'body': 'at pariatur consequuntur earum quidem\nquo est laudantium soluta voluptatem\nqui ullam et est\net cum voluptas voluptatum repellat est'}, {'userId': 6, 'id': 58, 'title': 'voluptatum itaque dolores nisi et quasi', 'body': 'veniam voluptatum quae adipisci id\net id quia eos ad et dolorem\naliquam quo nisi sunt eos impedit error\nad similique veniam'}, {'userId': 6, 'id': 59, 'title': 'qui commodi dolor at maiores et quis id accusantium', 'body': 'perspiciatis et quam ea autem temporibus non voluptatibus qui\nbeatae a earum officia nesciunt dolores suscipit voluptas et\nanimi doloribus cum rerum quas et magni\net hic ut ut commodi expedita sunt'}, {'userId': 6, 'id': 60, 'title': 'consequatur placeat omnis quisquam quia reprehenderit fugit veritatis facere', 'body': 'asperiores sunt ab assumenda cumque modi velit\nqui esse omnis\nvoluptate et fuga perferendis voluptas\nillo ratione amet aut et omnis'}, {'userId': 7, 'id': 61, 'title': 'voluptatem doloribus consectetur est ut ducimus', 'body': 'ab nemo optio odio\ndelectus tenetur corporis similique nobis repellendus rerum omnis facilis\nvero blanditiis debitis in nesciunt doloribus dicta dolores\nmagnam minus velit'}, {'userId': 7, 'id': 62, 'title': 'beatae enim quia vel', 'body': 'enim aspernatur illo distinctio quae praesentium\nbeatae alias amet delectus qui voluptate distinctio\nodit sint accusantium autem omnis\nquo molestiae omnis ea eveniet optio'}, {'userId': 7, 'id': 63, 'title': 'voluptas blanditiis repellendus animi ducimus error sapiente et suscipit', 'body': 'enim adipisci aspernatur nemo\nnumquam omnis facere dolorem dolor ex quis temporibus incidunt\nab delectus culpa quo reprehenderit blanditiis asperiores\naccusantium ut quam in voluptatibus voluptas ipsam dicta'}, {'userId': 7, 'id': 64, 'title': 'et fugit quas eum in in aperiam quod', 'body': 'id velit blanditiis\neum ea voluptatem\nmolestiae sint occaecati est eos perspiciatis\nincidunt a error provident eaque aut aut qui'}, {'userId': 7, 'id': 65, 'title': 'consequatur id enim sunt et et', 'body': 'voluptatibus ex esse\nsint explicabo est aliquid cumque adipisci fuga repellat labore\nmolestiae corrupti ex saepe at asperiores et perferendis\nnatus id esse incidunt pariatur'}, {'userId': 7, 'id': 66, 'title': 'repudiandae ea animi iusto', 'body': 'officia veritatis tenetur vero qui itaque\nsint non ratione\nsed et ut asperiores iusto eos molestiae nostrum\nveritatis quibusdam et nemo iusto saepe'}, {'userId': 7, 'id': 67, 'title': 'aliquid eos sed fuga est maxime repellendus', 'body': 'reprehenderit id nostrum\nvoluptas doloremque pariatur sint et accusantium quia quod aspernatur\net fugiat amet\nnon sapiente et consequatur necessitatibus molestiae'}, {'userId': 7, 'id': 68, 'title': 'odio quis facere architecto reiciendis optio', 'body': 'magnam molestiae perferendis quisquam\nqui cum reiciendis\nquaerat animi amet hic inventore\nea quia deleniti quidem saepe porro velit'}, {'userId': 7, 'id': 69, 'title': 'fugiat quod pariatur odit minima', 'body': 'officiis error culpa consequatur modi asperiores et\ndolorum assumenda voluptas et vel qui aut vel rerum\nvoluptatum quisquam perspiciatis quia rerum consequatur totam quas\nsequi commodi repudiandae asperiores et saepe a'}, {'userId': 7, 'id': 70, 'title': 'voluptatem laborum magni', 'body': 'sunt repellendus quae\nest asperiores aut deleniti esse accusamus repellendus quia aut\nquia dolorem unde\neum tempora esse dolore'}, {'userId': 8, 'id': 71, 'title': 'et iusto veniam et illum aut fuga', 'body': 'occaecati a doloribus\niste saepe consectetur placeat eum voluptate dolorem et\nqui quo quia voluptas\nrerum ut id enim velit est perferendis'}, {'userId': 8, 'id': 72, 'title': 'sint hic doloribus consequatur eos non id', 'body': 'quam occaecati qui deleniti consectetur\nconsequatur aut facere quas exercitationem aliquam hic voluptas\nneque id sunt ut aut accusamus\nsunt consectetur expedita inventore velit'}, {'userId': 8, 'id': 73, 'title': 'consequuntur deleniti eos quia temporibus ab aliquid at', 'body': 'voluptatem cumque tenetur consequatur expedita ipsum nemo quia explicabo\naut eum minima consequatur\ntempore cumque quae est et\net in consequuntur voluptatem voluptates aut'}, {'userId': 8, 'id': 74, 'title': 'enim unde ratione doloribus quas enim ut sit sapiente', 'body': 'odit qui et et necessitatibus sint veniam\nmollitia amet doloremque molestiae commodi similique magnam et quam\nblanditiis est itaque\nquo et tenetur ratione occaecati molestiae tempora'}, {'userId': 8, 'id': 75, 'title': 'dignissimos eum dolor ut enim et delectus in', 'body': 'commodi non non omnis et voluptas sit\nautem aut nobis magnam et sapiente voluptatem\net laborum repellat qui delectus facilis temporibus\nrerum amet et nemo voluptate expedita adipisci error dolorem'}, {'userId': 8, 'id': 76, 'title': 'doloremque officiis ad et non perferendis', 'body': 'ut animi facere\ntotam iusto tempore\nmolestiae eum aut et dolorem aperiam\nquaerat recusandae totam odio'}, {'userId': 8, 'id': 77, 'title': 'necessitatibus quasi exercitationem odio', 'body': 'modi ut in nulla repudiandae dolorum nostrum eos\naut consequatur omnis\nut incidunt est omnis iste et quam\nvoluptates sapiente aliquam asperiores nobis amet corrupti repudiandae provident'}, {'userId': 8, 'id': 78, 'title': 'quam voluptatibus rerum veritatis', 'body': 'nobis facilis odit tempore cupiditate quia\nassumenda doloribus rerum qui ea\nillum et qui totam\naut veniam repellendus'}, {'userId': 8, 'id': 79, 'title': 'pariatur consequatur quia magnam autem omnis non amet', 'body': 'libero accusantium et et facere incidunt sit dolorem\nnon excepturi qui quia sed laudantium\nquisquam molestiae ducimus est\nofficiis esse molestiae iste et quos'}, {'userId': 8, 'id': 80, 'title': 'labore in ex et explicabo corporis aut quas', 'body': 'ex quod dolorem ea eum iure qui provident amet\nquia qui facere excepturi et repudiandae\nasperiores molestias provident\nminus incidunt vero fugit rerum sint sunt excepturi provident'}, {'userId': 9, 'id': 81, 'title': 'tempora rem veritatis voluptas quo dolores vero', 'body': 'facere qui nesciunt est voluptatum voluptatem nisi\nsequi eligendi necessitatibus ea at rerum itaque\nharum non ratione velit laboriosam quis consequuntur\nex officiis minima doloremque voluptas ut aut'}, {'userId': 9, 'id': 82, 'title': 'laudantium voluptate suscipit sunt enim enim', 'body': 'ut libero sit aut totam inventore sunt\nporro sint qui sunt molestiae\nconsequatur cupiditate qui iste ducimus adipisci\ndolor enim assumenda soluta laboriosam amet iste delectus hic'}, {'userId': 9, 'id': 83, 'title': 'odit et voluptates doloribus alias odio et', 'body': 'est molestiae facilis quis tempora numquam nihil qui\nvoluptate sapiente consequatur est qui\nnecessitatibus autem aut ipsa aperiam modi dolore numquam\nreprehenderit eius rem quibusdam'}, {'userId': 9, 'id': 84, 'title': 'optio ipsam molestias necessitatibus occaecati facilis veritatis dolores aut', 'body': 'sint molestiae magni a et quos\neaque et quasi\nut rerum debitis similique veniam\nrecusandae dignissimos dolor incidunt consequatur odio'}, {'userId': 9, 'id': 85, 'title': 'dolore veritatis porro provident adipisci blanditiis et sunt', 'body': 'similique sed nisi voluptas iusto omnis\nmollitia et quo\nassumenda suscipit officia magnam sint sed tempora\nenim provident pariatur praesentium atque animi amet ratione'}, {'userId': 9, 'id': 86, 'title': 'placeat quia et porro iste', 'body': 'quasi excepturi consequatur iste autem temporibus sed molestiae beatae\net quaerat et esse ut\nvoluptatem occaecati et vel explicabo autem\nasperiores pariatur deserunt optio'}, {'userId': 9, 'id': 87, 'title': 'nostrum quis quasi placeat', 'body': 'eos et molestiae\nnesciunt ut a\ndolores perspiciatis repellendus repellat aliquid\nmagnam sint rem ipsum est'}, {'userId': 9, 'id': 88, 'title': 'sapiente omnis fugit eos', 'body': 'consequatur omnis est praesentium\nducimus non iste\nneque hic deserunt\nvoluptatibus veniam cum et rerum sed'}, {'userId': 9, 'id': 89, 'title': 'sint soluta et vel magnam aut ut sed qui', 'body': 'repellat aut aperiam totam temporibus autem et\narchitecto magnam ut\nconsequatur qui cupiditate rerum quia soluta dignissimos nihil iure\ntempore quas est'}, {'userId': 9, 'id': 90, 'title': 'ad iusto omnis odit dolor voluptatibus', 'body': 'minus omnis soluta quia\nqui sed adipisci voluptates illum ipsam voluptatem\neligendi officia ut in\neos soluta similique molestias praesentium blanditiis'}, {'userId': 10, 'id': 91, 'title': 'aut amet sed', 'body': 'libero voluptate eveniet aperiam sed\nsunt placeat suscipit molestias\nsimilique fugit nam natus\nexpedita consequatur consequatur dolores quia eos et placeat'}, {'userId': 10, 'id': 92, 'title': 'ratione ex tenetur perferendis', 'body': 'aut et excepturi dicta laudantium sint rerum nihil\nlaudantium et at\na neque minima officia et similique libero et\ncommodi voluptate qui'}, {'userId': 10, 'id': 93, 'title': 'beatae soluta recusandae', 'body': 'dolorem quibusdam ducimus consequuntur dicta aut quo laboriosam\nvoluptatem quis enim recusandae ut sed sunt\nnostrum est odit totam\nsit error sed sunt eveniet provident qui nulla'}, {'userId': 10, 'id': 94, 'title': 'qui qui voluptates illo iste minima', 'body': 'aspernatur expedita soluta quo ab ut similique\nexpedita dolores amet\nsed temporibus distinctio magnam saepe deleniti\nomnis facilis nam ipsum natus sint similique omnis'}, {'userId': 10, 'id': 95, 'title': 'id minus libero illum nam ad officiis', 'body': 'earum voluptatem facere provident blanditiis velit laboriosam\npariatur accusamus odio saepe\ncumque dolor qui a dicta ab doloribus consequatur omnis\ncorporis cupiditate eaque assumenda ad nesciunt'}, {'userId': 10, 'id': 96, 'title': 'quaerat velit veniam amet cupiditate aut numquam ut sequi', 'body': 'in non odio excepturi sint eum\nlabore voluptates vitae quia qui et\ninventore itaque rerum\nveniam non exercitationem delectus aut'}, {'userId': 10, 'id': 97, 'title': 'quas fugiat ut perspiciatis vero provident', 'body': 'eum non blanditiis soluta porro quibusdam voluptas\nvel voluptatem qui placeat dolores qui velit aut\nvel inventore aut cumque culpa explicabo aliquid at\nperspiciatis est et voluptatem dignissimos dolor itaque sit nam'}, {'userId': 10, 'id': 98, 'title': 'laboriosam dolor voluptates', 'body': 'doloremque ex facilis sit sint culpa\nsoluta assumenda eligendi non ut eius\nsequi ducimus vel quasi\nveritatis est dolores'}, {'userId': 10, 'id': 99, 'title': 'temporibus sit alias delectus eligendi possimus magni', 'body': 'quo deleniti praesentium dicta non quod\naut est molestias\nmolestias et officia quis nihil\nitaque dolorem quia'}, {'userId': 10, 'id': 100, 'title': 'at nam consequatur ea labore ea harum', 'body': 'cupiditate quo est a modi nesciunt soluta\nipsa voluptas error itaque dicta in\nautem qui minus magnam et distinctio eum\naccusamus ratione error aut'}]
2026-06-10 01:41:43,459 - INFO - 
get_posts() finished

2026-06-10 01:41:43,463 - INFO - Program result: [{'userId': 1, 'id': 1, 'title': 'sunt aut facere repellat provident occaecati excepturi optio reprehenderit', 'body': 'quia et suscipit\nsuscipit recusandae consequuntur expedita et cum\nreprehenderit molestiae ut ut quas totam\nnostrum rerum est autem sunt rem eveniet architecto'}, {'userId': 1, 'id': 2, 'title': 'qui est esse', 'body': 'est rerum tempore vitae\nsequi sint nihil reprehenderit dolor beatae ea dolores neque\nfugiat blanditiis voluptate porro vel nihil molestiae ut reiciendis\nqui aperiam non debitis possimus qui neque nisi nulla'}, {'userId': 1, 'id': 3, 'title': 'ea molestias quasi exercitationem repellat qui ipsa sit aut', 'body': 'et iusto sed quo iure\nvoluptatem occaecati omnis eligendi aut ad\nvoluptatem doloribus vel accusantium quis pariatur\nmolestiae porro eius odio et labore et velit aut'}, {'userId': 1, 'id': 4, 'title': 'eum et est occaecati', 'body': 'ullam et saepe reiciendis voluptatem adipisci\nsit amet autem assumenda provident rerum culpa\nquis hic commodi nesciunt rem tenetur doloremque ipsam iure\nquis sunt voluptatem rerum illo velit'}, {'userId': 1, 'id': 5, 'title': 'nesciunt quas odio', 'body': 'repudiandae veniam quaerat sunt sed\nalias aut fugiat sit autem sed est\nvoluptatem omnis possimus esse voluptatibus quis\nest aut tenetur dolor neque'}, {'userId': 1, 'id': 6, 'title': 'dolorem eum magni eos aperiam quia', 'body': 'ut aspernatur corporis harum nihil quis provident sequi\nmollitia nobis aliquid molestiae\nperspiciatis et ea nemo ab reprehenderit accusantium quas\nvoluptate dolores velit et doloremque molestiae'}, {'userId': 1, 'id': 7, 'title': 'magnam facilis autem', 'body': 'dolore placeat quibusdam ea quo vitae\nmagni quis enim qui quis quo nemo aut saepe\nquidem repellat excepturi ut quia\nsunt ut sequi eos ea sed quas'}, {'userId': 1, 'id': 8, 'title': 'dolorem dolore est ipsam', 'body': 'dignissimos aperiam dolorem qui eum\nfacilis quibusdam animi sint suscipit qui sint possimus cum\nquaerat magni maiores excepturi\nipsam ut commodi dolor voluptatum modi aut vitae'}, {'userId': 1, 'id': 9, 'title': 'nesciunt iure omnis dolorem tempora et accusantium', 'body': 'consectetur animi nesciunt iure dolore\nenim quia ad\nveniam autem ut quam aut nobis\net est aut quod aut provident voluptas autem voluptas'}, {'userId': 1, 'id': 10, 'title': 'optio molestias id quia eum', 'body': 'quo et expedita modi cum officia vel magni\ndoloribus qui repudiandae\nvero nisi sit\nquos veniam quod sed accusamus veritatis error'}, {'userId': 2, 'id': 11, 'title': 'et ea vero quia laudantium autem', 'body': 'delectus reiciendis molestiae occaecati non minima eveniet qui voluptatibus\naccusamus in eum beatae sit\nvel qui neque voluptates ut commodi qui incidunt\nut animi commodi'}, {'userId': 2, 'id': 12, 'title': 'in quibusdam tempore odit est dolorem', 'body': 'itaque id aut magnam\npraesentium quia et ea odit et ea voluptas et\nsapiente quia nihil amet occaecati quia id voluptatem\nincidunt ea est distinctio odio'}, {'userId': 2, 'id': 13, 'title': 'dolorum ut in voluptas mollitia et saepe quo animi', 'body': 'aut dicta possimus sint mollitia voluptas commodi quo doloremque\niste corrupti reiciendis voluptatem eius rerum\nsit cumque quod eligendi laborum minima\nperferendis recusandae assumenda consectetur porro architecto ipsum ipsam'}, {'userId': 2, 'id': 14, 'title': 'voluptatem eligendi optio', 'body': 'fuga et accusamus dolorum perferendis illo voluptas\nnon doloremque neque facere\nad qui dolorum molestiae beatae\nsed aut voluptas totam sit illum'}, {'userId': 2, 'id': 15, 'title': 'eveniet quod temporibus', 'body': 'reprehenderit quos placeat\nvelit minima officia dolores impedit repudiandae molestiae nam\nvoluptas recusandae quis delectus\nofficiis harum fugiat vitae'}, {'userId': 2, 'id': 16, 'title': 'sint suscipit perspiciatis velit dolorum rerum ipsa laboriosam odio', 'body': 'suscipit nam nisi quo aperiam aut\nasperiores eos fugit maiores voluptatibus quia\nvoluptatem quis ullam qui in alias quia est\nconsequatur magni mollitia accusamus ea nisi voluptate dicta'}, {'userId': 2, 'id': 17, 'title': 'fugit voluptas sed molestias voluptatem provident', 'body': 'eos voluptas et aut odit natus earum\naspernatur fuga molestiae ullam\ndeserunt ratione qui eos\nqui nihil ratione nemo velit ut aut id quo'}, {'userId': 2, 'id': 18, 'title': 'voluptate et itaque vero tempora molestiae', 'body': 'eveniet quo quis\nlaborum totam consequatur non dolor\nut et est repudiandae\nest voluptatem vel debitis et magnam'}, {'userId': 2, 'id': 19, 'title': 'adipisci placeat illum aut reiciendis qui', 'body': 'illum quis cupiditate provident sit magnam\nea sed aut omnis\nveniam maiores ullam consequatur atque\nadipisci quo iste expedita sit quos voluptas'}, {'userId': 2, 'id': 20, 'title': 'doloribus ad provident suscipit at', 'body': 'qui consequuntur ducimus possimus quisquam amet similique\nsuscipit porro ipsam amet\neos veritatis officiis exercitationem vel fugit aut necessitatibus totam\nomnis rerum consequatur expedita quidem cumque explicabo'}, {'userId': 3, 'id': 21, 'title': 'asperiores ea ipsam voluptatibus modi minima quia sint', 'body': 'repellat aliquid praesentium dolorem quo\nsed totam minus non itaque\nnihil labore molestiae sunt dolor eveniet hic recusandae veniam\ntempora et tenetur expedita sunt'}, {'userId': 3, 'id': 22, 'title': 'dolor sint quo a velit explicabo quia nam', 'body': 'eos qui et ipsum ipsam suscipit aut\nsed omnis non odio\nexpedita earum mollitia molestiae aut atque rem suscipit\nnam impedit esse'}, {'userId': 3, 'id': 23, 'title': 'maxime id vitae nihil numquam', 'body': 'veritatis unde neque eligendi\nquae quod architecto quo neque vitae\nest illo sit tempora doloremque fugit quod\net et vel beatae sequi ullam sed tenetur perspiciatis'}, {'userId': 3, 'id': 24, 'title': 'autem hic labore sunt dolores incidunt', 'body': 'enim et ex nulla\nomnis voluptas quia qui\nvoluptatem consequatur numquam aliquam sunt\ntotam recusandae id dignissimos aut sed asperiores deserunt'}, {'userId': 3, 'id': 25, 'title': 'rem alias distinctio quo quis', 'body': 'ullam consequatur ut\nomnis quis sit vel consequuntur\nipsa eligendi ipsum molestiae et omnis error nostrum\nmolestiae illo tempore quia et distinctio'}, {'userId': 3, 'id': 26, 'title': 'est et quae odit qui non', 'body': 'similique esse doloribus nihil accusamus\nomnis dolorem fuga consequuntur reprehenderit fugit recusandae temporibus\nperspiciatis cum ut laudantium\nomnis aut molestiae vel vero'}, {'userId': 3, 'id': 27, 'title': 'quasi id et eos tenetur aut quo autem', 'body': 'eum sed dolores ipsam sint possimus debitis occaecati\ndebitis qui qui et\nut placeat enim earum aut odit facilis\nconsequatur suscipit necessitatibus rerum sed inventore temporibus consequatur'}, {'userId': 3, 'id': 28, 'title': 'delectus ullam et corporis nulla voluptas sequi', 'body': 'non et quaerat ex quae ad maiores\nmaiores recusandae totam aut blanditiis mollitia quas illo\nut voluptatibus voluptatem\nsimilique nostrum eum'}, {'userId': 3, 'id': 29, 'title': 'iusto eius quod necessitatibus culpa ea', 'body': 'odit magnam ut saepe sed non qui\ntempora atque nihil\naccusamus illum doloribus illo dolor\neligendi repudiandae odit magni similique sed cum maiores'}, {'userId': 3, 'id': 30, 'title': 'a quo magni similique perferendis', 'body': 'alias dolor cumque\nimpedit blanditiis non eveniet odio maxime\nblanditiis amet eius quis tempora quia autem rem\na provident perspiciatis quia'}, {'userId': 4, 'id': 31, 'title': 'ullam ut quidem id aut vel consequuntur', 'body': 'debitis eius sed quibusdam non quis consectetur vitae\nimpedit ut qui consequatur sed aut in\nquidem sit nostrum et maiores adipisci atque\nquaerat voluptatem adipisci repudiandae'}, {'userId': 4, 'id': 32, 'title': 'doloremque illum aliquid sunt', 'body': 'deserunt eos nobis asperiores et hic\nest debitis repellat molestiae optio\nnihil ratione ut eos beatae quibusdam distinctio maiores\nearum voluptates et aut adipisci ea maiores voluptas maxime'}, {'userId': 4, 'id': 33, 'title': 'qui explicabo molestiae dolorem', 'body': 'rerum ut et numquam laborum odit est sit\nid qui sint in\nquasi tenetur tempore aperiam et quaerat qui in\nrerum officiis sequi cumque quod'}, {'userId': 4, 'id': 34, 'title': 'magnam ut rerum iure', 'body': 'ea velit perferendis earum ut voluptatem voluptate itaque iusto\ntotam pariatur in\nnemo voluptatem voluptatem autem magni tempora minima in\nest distinctio qui assumenda accusamus dignissimos officia nesciunt nobis'}, {'userId': 4, 'id': 35, 'title': 'id nihil consequatur molestias animi provident', 'body': 'nisi error delectus possimus ut eligendi vitae\nplaceat eos harum cupiditate facilis reprehenderit voluptatem beatae\nmodi ducimus quo illum voluptas eligendi\net nobis quia fugit'}, {'userId': 4, 'id': 36, 'title': 'fuga nam accusamus voluptas reiciendis itaque', 'body': 'ad mollitia et omnis minus architecto odit\nvoluptas doloremque maxime aut non ipsa qui alias veniam\nblanditiis culpa aut quia nihil cumque facere et occaecati\nqui aspernatur quia eaque ut aperiam inventore'}, {'userId': 4, 'id': 37, 'title': 'provident vel ut sit ratione est', 'body': 'debitis et eaque non officia sed nesciunt pariatur vel\nvoluptatem iste vero et ea\nnumquam aut expedita ipsum nulla in\nvoluptates omnis consequatur aut enim officiis in quam qui'}, {'userId': 4, 'id': 38, 'title': 'explicabo et eos deleniti nostrum ab id repellendus', 'body': 'animi esse sit aut sit nesciunt assumenda eum voluptas\nquia voluptatibus provident quia necessitatibus ea\nrerum repudiandae quia voluptatem delectus fugit aut id quia\nratione optio eos iusto veniam iure'}, {'userId': 4, 'id': 39, 'title': 'eos dolorem iste accusantium est eaque quam', 'body': 'corporis rerum ducimus vel eum accusantium\nmaxime aspernatur a porro possimus iste omnis\nest in deleniti asperiores fuga aut\nvoluptas sapiente vel dolore minus voluptatem incidunt ex'}, {'userId': 4, 'id': 40, 'title': 'enim quo cumque', 'body': 'ut voluptatum aliquid illo tenetur nemo sequi quo facilis\nipsum rem optio mollitia quas\nvoluptatem eum voluptas qui\nunde omnis voluptatem iure quasi maxime voluptas nam'}, {'userId': 5, 'id': 41, 'title': 'non est facere', 'body': 'molestias id nostrum\nexcepturi molestiae dolore omnis repellendus quaerat saepe\nconsectetur iste quaerat tenetur asperiores accusamus ex ut\nnam quidem est ducimus sunt debitis saepe'}, {'userId': 5, 'id': 42, 'title': 'commodi ullam sint et excepturi error explicabo praesentium voluptas', 'body': 'odio fugit voluptatum ducimus earum autem est incidunt voluptatem\nodit reiciendis aliquam sunt sequi nulla dolorem\nnon facere repellendus voluptates quia\nratione harum vitae ut'}, {'userId': 5, 'id': 43, 'title': 'eligendi iste nostrum consequuntur adipisci praesentium sit beatae perferendis', 'body': 'similique fugit est\nillum et dolorum harum et voluptate eaque quidem\nexercitationem quos nam commodi possimus cum odio nihil nulla\ndolorum exercitationem magnam ex et a et distinctio debitis'}, {'userId': 5, 'id': 44, 'title': 'optio dolor molestias sit', 'body': 'temporibus est consectetur dolore\net libero debitis vel velit laboriosam quia\nipsum quibusdam qui itaque fuga rem aut\nea et iure quam sed maxime ut distinctio quae'}, {'userId': 5, 'id': 45, 'title': 'ut numquam possimus omnis eius suscipit laudantium iure', 'body': 'est natus reiciendis nihil possimus aut provident\nex et dolor\nrepellat pariatur est\nnobis rerum repellendus dolorem autem'}, {'userId': 5, 'id': 46, 'title': 'aut quo modi neque nostrum ducimus', 'body': 'voluptatem quisquam iste\nvoluptatibus natus officiis facilis dolorem\nquis quas ipsam\nvel et voluptatum in aliquid'}, {'userId': 5, 'id': 47, 'title': 'quibusdam cumque rem aut deserunt', 'body': 'voluptatem assumenda ut qui ut cupiditate aut impedit veniam\noccaecati nemo illum voluptatem laudantium\nmolestiae beatae rerum ea iure soluta nostrum\neligendi et voluptate'}, {'userId': 5, 'id': 48, 'title': 'ut voluptatem illum ea doloribus itaque eos', 'body': 'voluptates quo voluptatem facilis iure occaecati\nvel assumenda rerum officia et\nillum perspiciatis ab deleniti\nlaudantium repellat ad ut et autem reprehenderit'}, {'userId': 5, 'id': 49, 'title': 'laborum non sunt aut ut assumenda perspiciatis voluptas', 'body': 'inventore ab sint\nnatus fugit id nulla sequi architecto nihil quaerat\neos tenetur in in eum veritatis non\nquibusdam officiis aspernatur cumque aut commodi aut'}, {'userId': 5, 'id': 50, 'title': 'repellendus qui recusandae incidunt voluptates tenetur qui omnis exercitationem', 'body': 'error suscipit maxime adipisci consequuntur recusandae\nvoluptas eligendi et est et voluptates\nquia distinctio ab amet quaerat molestiae et vitae\nadipisci impedit sequi nesciunt quis consectetur'}, {'userId': 6, 'id': 51, 'title': 'soluta aliquam aperiam consequatur illo quis voluptas', 'body': 'sunt dolores aut doloribus\ndolore doloribus voluptates tempora et\ndoloremque et quo\ncum asperiores sit consectetur dolorem'}, {'userId': 6, 'id': 52, 'title': 'qui enim et consequuntur quia animi quis voluptate quibusdam', 'body': 'iusto est quibusdam fuga quas quaerat molestias\na enim ut sit accusamus enim\ntemporibus iusto accusantium provident architecto\nsoluta esse reprehenderit qui laborum'}, {'userId': 6, 'id': 53, 'title': 'ut quo aut ducimus alias', 'body': 'minima harum praesentium eum rerum illo dolore\nquasi exercitationem rerum nam\nporro quis neque quo\nconsequatur minus dolor quidem veritatis sunt non explicabo similique'}, {'userId': 6, 'id': 54, 'title': 'sit asperiores ipsam eveniet odio non quia', 'body': 'totam corporis dignissimos\nvitae dolorem ut occaecati accusamus\nex velit deserunt\net exercitationem vero incidunt corrupti mollitia'}, {'userId': 6, 'id': 55, 'title': 'sit vel voluptatem et non libero', 'body': 'debitis excepturi ea perferendis harum libero optio\neos accusamus cum fuga ut sapiente repudiandae\net ut incidunt omnis molestiae\nnihil ut eum odit'}, {'userId': 6, 'id': 56, 'title': 'qui et at rerum necessitatibus', 'body': 'aut est omnis dolores\nneque rerum quod ea rerum velit pariatur beatae excepturi\net provident voluptas corrupti\ncorporis harum reprehenderit dolores eligendi'}, {'userId': 6, 'id': 57, 'title': 'sed ab est est', 'body': 'at pariatur consequuntur earum quidem\nquo est laudantium soluta voluptatem\nqui ullam et est\net cum voluptas voluptatum repellat est'}, {'userId': 6, 'id': 58, 'title': 'voluptatum itaque dolores nisi et quasi', 'body': 'veniam voluptatum quae adipisci id\net id quia eos ad et dolorem\naliquam quo nisi sunt eos impedit error\nad similique veniam'}, {'userId': 6, 'id': 59, 'title': 'qui commodi dolor at maiores et quis id accusantium', 'body': 'perspiciatis et quam ea autem temporibus non voluptatibus qui\nbeatae a earum officia nesciunt dolores suscipit voluptas et\nanimi doloribus cum rerum quas et magni\net hic ut ut commodi expedita sunt'}, {'userId': 6, 'id': 60, 'title': 'consequatur placeat omnis quisquam quia reprehenderit fugit veritatis facere', 'body': 'asperiores sunt ab assumenda cumque modi velit\nqui esse omnis\nvoluptate et fuga perferendis voluptas\nillo ratione amet aut et omnis'}, {'userId': 7, 'id': 61, 'title': 'voluptatem doloribus consectetur est ut ducimus', 'body': 'ab nemo optio odio\ndelectus tenetur corporis similique nobis repellendus rerum omnis facilis\nvero blanditiis debitis in nesciunt doloribus dicta dolores\nmagnam minus velit'}, {'userId': 7, 'id': 62, 'title': 'beatae enim quia vel', 'body': 'enim aspernatur illo distinctio quae praesentium\nbeatae alias amet delectus qui voluptate distinctio\nodit sint accusantium autem omnis\nquo molestiae omnis ea eveniet optio'}, {'userId': 7, 'id': 63, 'title': 'voluptas blanditiis repellendus animi ducimus error sapiente et suscipit', 'body': 'enim adipisci aspernatur nemo\nnumquam omnis facere dolorem dolor ex quis temporibus incidunt\nab delectus culpa quo reprehenderit blanditiis asperiores\naccusantium ut quam in voluptatibus voluptas ipsam dicta'}, {'userId': 7, 'id': 64, 'title': 'et fugit quas eum in in aperiam quod', 'body': 'id velit blanditiis\neum ea voluptatem\nmolestiae sint occaecati est eos perspiciatis\nincidunt a error provident eaque aut aut qui'}, {'userId': 7, 'id': 65, 'title': 'consequatur id enim sunt et et', 'body': 'voluptatibus ex esse\nsint explicabo est aliquid cumque adipisci fuga repellat labore\nmolestiae corrupti ex saepe at asperiores et perferendis\nnatus id esse incidunt pariatur'}, {'userId': 7, 'id': 66, 'title': 'repudiandae ea animi iusto', 'body': 'officia veritatis tenetur vero qui itaque\nsint non ratione\nsed et ut asperiores iusto eos molestiae nostrum\nveritatis quibusdam et nemo iusto saepe'}, {'userId': 7, 'id': 67, 'title': 'aliquid eos sed fuga est maxime repellendus', 'body': 'reprehenderit id nostrum\nvoluptas doloremque pariatur sint et accusantium quia quod aspernatur\net fugiat amet\nnon sapiente et consequatur necessitatibus molestiae'}, {'userId': 7, 'id': 68, 'title': 'odio quis facere architecto reiciendis optio', 'body': 'magnam molestiae perferendis quisquam\nqui cum reiciendis\nquaerat animi amet hic inventore\nea quia deleniti quidem saepe porro velit'}, {'userId': 7, 'id': 69, 'title': 'fugiat quod pariatur odit minima', 'body': 'officiis error culpa consequatur modi asperiores et\ndolorum assumenda voluptas et vel qui aut vel rerum\nvoluptatum quisquam perspiciatis quia rerum consequatur totam quas\nsequi commodi repudiandae asperiores et saepe a'}, {'userId': 7, 'id': 70, 'title': 'voluptatem laborum magni', 'body': 'sunt repellendus quae\nest asperiores aut deleniti esse accusamus repellendus quia aut\nquia dolorem unde\neum tempora esse dolore'}, {'userId': 8, 'id': 71, 'title': 'et iusto veniam et illum aut fuga', 'body': 'occaecati a doloribus\niste saepe consectetur placeat eum voluptate dolorem et\nqui quo quia voluptas\nrerum ut id enim velit est perferendis'}, {'userId': 8, 'id': 72, 'title': 'sint hic doloribus consequatur eos non id', 'body': 'quam occaecati qui deleniti consectetur\nconsequatur aut facere quas exercitationem aliquam hic voluptas\nneque id sunt ut aut accusamus\nsunt consectetur expedita inventore velit'}, {'userId': 8, 'id': 73, 'title': 'consequuntur deleniti eos quia temporibus ab aliquid at', 'body': 'voluptatem cumque tenetur consequatur expedita ipsum nemo quia explicabo\naut eum minima consequatur\ntempore cumque quae est et\net in consequuntur voluptatem voluptates aut'}, {'userId': 8, 'id': 74, 'title': 'enim unde ratione doloribus quas enim ut sit sapiente', 'body': 'odit qui et et necessitatibus sint veniam\nmollitia amet doloremque molestiae commodi similique magnam et quam\nblanditiis est itaque\nquo et tenetur ratione occaecati molestiae tempora'}, {'userId': 8, 'id': 75, 'title': 'dignissimos eum dolor ut enim et delectus in', 'body': 'commodi non non omnis et voluptas sit\nautem aut nobis magnam et sapiente voluptatem\net laborum repellat qui delectus facilis temporibus\nrerum amet et nemo voluptate expedita adipisci error dolorem'}, {'userId': 8, 'id': 76, 'title': 'doloremque officiis ad et non perferendis', 'body': 'ut animi facere\ntotam iusto tempore\nmolestiae eum aut et dolorem aperiam\nquaerat recusandae totam odio'}, {'userId': 8, 'id': 77, 'title': 'necessitatibus quasi exercitationem odio', 'body': 'modi ut in nulla repudiandae dolorum nostrum eos\naut consequatur omnis\nut incidunt est omnis iste et quam\nvoluptates sapiente aliquam asperiores nobis amet corrupti repudiandae provident'}, {'userId': 8, 'id': 78, 'title': 'quam voluptatibus rerum veritatis', 'body': 'nobis facilis odit tempore cupiditate quia\nassumenda doloribus rerum qui ea\nillum et qui totam\naut veniam repellendus'}, {'userId': 8, 'id': 79, 'title': 'pariatur consequatur quia magnam autem omnis non amet', 'body': 'libero accusantium et et facere incidunt sit dolorem\nnon excepturi qui quia sed laudantium\nquisquam molestiae ducimus est\nofficiis esse molestiae iste et quos'}, {'userId': 8, 'id': 80, 'title': 'labore in ex et explicabo corporis aut quas', 'body': 'ex quod dolorem ea eum iure qui provident amet\nquia qui facere excepturi et repudiandae\nasperiores molestias provident\nminus incidunt vero fugit rerum sint sunt excepturi provident'}, {'userId': 9, 'id': 81, 'title': 'tempora rem veritatis voluptas quo dolores vero', 'body': 'facere qui nesciunt est voluptatum voluptatem nisi\nsequi eligendi necessitatibus ea at rerum itaque\nharum non ratione velit laboriosam quis consequuntur\nex officiis minima doloremque voluptas ut aut'}, {'userId': 9, 'id': 82, 'title': 'laudantium voluptate suscipit sunt enim enim', 'body': 'ut libero sit aut totam inventore sunt\nporro sint qui sunt molestiae\nconsequatur cupiditate qui iste ducimus adipisci\ndolor enim assumenda soluta laboriosam amet iste delectus hic'}, {'userId': 9, 'id': 83, 'title': 'odit et voluptates doloribus alias odio et', 'body': 'est molestiae facilis quis tempora numquam nihil qui\nvoluptate sapiente consequatur est qui\nnecessitatibus autem aut ipsa aperiam modi dolore numquam\nreprehenderit eius rem quibusdam'}, {'userId': 9, 'id': 84, 'title': 'optio ipsam molestias necessitatibus occaecati facilis veritatis dolores aut', 'body': 'sint molestiae magni a et quos\neaque et quasi\nut rerum debitis similique veniam\nrecusandae dignissimos dolor incidunt consequatur odio'}, {'userId': 9, 'id': 85, 'title': 'dolore veritatis porro provident adipisci blanditiis et sunt', 'body': 'similique sed nisi voluptas iusto omnis\nmollitia et quo\nassumenda suscipit officia magnam sint sed tempora\nenim provident pariatur praesentium atque animi amet ratione'}, {'userId': 9, 'id': 86, 'title': 'placeat quia et porro iste', 'body': 'quasi excepturi consequatur iste autem temporibus sed molestiae beatae\net quaerat et esse ut\nvoluptatem occaecati et vel explicabo autem\nasperiores pariatur deserunt optio'}, {'userId': 9, 'id': 87, 'title': 'nostrum quis quasi placeat', 'body': 'eos et molestiae\nnesciunt ut a\ndolores perspiciatis repellendus repellat aliquid\nmagnam sint rem ipsum est'}, {'userId': 9, 'id': 88, 'title': 'sapiente omnis fugit eos', 'body': 'consequatur omnis est praesentium\nducimus non iste\nneque hic deserunt\nvoluptatibus veniam cum et rerum sed'}, {'userId': 9, 'id': 89, 'title': 'sint soluta et vel magnam aut ut sed qui', 'body': 'repellat aut aperiam totam temporibus autem et\narchitecto magnam ut\nconsequatur qui cupiditate rerum quia soluta dignissimos nihil iure\ntempore quas est'}, {'userId': 9, 'id': 90, 'title': 'ad iusto omnis odit dolor voluptatibus', 'body': 'minus omnis soluta quia\nqui sed adipisci voluptates illum ipsam voluptatem\neligendi officia ut in\neos soluta similique molestias praesentium blanditiis'}, {'userId': 10, 'id': 91, 'title': 'aut amet sed', 'body': 'libero voluptate eveniet aperiam sed\nsunt placeat suscipit molestias\nsimilique fugit nam natus\nexpedita consequatur consequatur dolores quia eos et placeat'}, {'userId': 10, 'id': 92, 'title': 'ratione ex tenetur perferendis', 'body': 'aut et excepturi dicta laudantium sint rerum nihil\nlaudantium et at\na neque minima officia et similique libero et\ncommodi voluptate qui'}, {'userId': 10, 'id': 93, 'title': 'beatae soluta recusandae', 'body': 'dolorem quibusdam ducimus consequuntur dicta aut quo laboriosam\nvoluptatem quis enim recusandae ut sed sunt\nnostrum est odit totam\nsit error sed sunt eveniet provident qui nulla'}, {'userId': 10, 'id': 94, 'title': 'qui qui voluptates illo iste minima', 'body': 'aspernatur expedita soluta quo ab ut similique\nexpedita dolores amet\nsed temporibus distinctio magnam saepe deleniti\nomnis facilis nam ipsum natus sint similique omnis'}, {'userId': 10, 'id': 95, 'title': 'id minus libero illum nam ad officiis', 'body': 'earum voluptatem facere provident blanditiis velit laboriosam\npariatur accusamus odio saepe\ncumque dolor qui a dicta ab doloribus consequatur omnis\ncorporis cupiditate eaque assumenda ad nesciunt'}, {'userId': 10, 'id': 96, 'title': 'quaerat velit veniam amet cupiditate aut numquam ut sequi', 'body': 'in non odio excepturi sint eum\nlabore voluptates vitae quia qui et\ninventore itaque rerum\nveniam non exercitationem delectus aut'}, {'userId': 10, 'id': 97, 'title': 'quas fugiat ut perspiciatis vero provident', 'body': 'eum non blanditiis soluta porro quibusdam voluptas\nvel voluptatem qui placeat dolores qui velit aut\nvel inventore aut cumque culpa explicabo aliquid at\nperspiciatis est et voluptatem dignissimos dolor itaque sit nam'}, {'userId': 10, 'id': 98, 'title': 'laboriosam dolor voluptates', 'body': 'doloremque ex facilis sit sint culpa\nsoluta assumenda eligendi non ut eius\nsequi ducimus vel quasi\nveritatis est dolores'}, {'userId': 10, 'id': 99, 'title': 'temporibus sit alias delectus eligendi possimus magni', 'body': 'quo deleniti praesentium dicta non quod\naut est molestias\nmolestias et officia quis nihil\nitaque dolorem quia'}, {'userId': 10, 'id': 100, 'title': 'at nam consequatur ea labore ea harum', 'body': 'cupiditate quo est a modi nesciunt soluta\nipsa voluptas error itaque dicta in\nautem qui minus magnam et distinctio eum\naccusamus ratione error aut'}]
2026-06-10 01:41:43,463 - INFO - Program finished
2026-06-10 01:47:03,210 - DEBUG - Using proactor: IocpProactor
2026-06-10 01:47:03,212 - INFO - Program started
2026-06-10 01:47:04,587 - DEBUG - HTTP client created
2026-06-10 01:47:04,604 - DEBUG - connect_tcp.started host='127.0.0.1' port=50422 local_address=None timeout=5.0 socket_options=None
2026-06-10 01:47:04,606 - DEBUG - connect_tcp.complete return_value=<httpcore._backends.anyio.AnyIOStream object at 0x000002B345CD9E80>
2026-06-10 01:47:04,608 - DEBUG - send_request_headers.started request=<Request [b'CONNECT']>
2026-06-10 01:47:04,608 - DEBUG - send_request_headers.complete
2026-06-10 01:47:04,609 - DEBUG - send_request_body.started request=<Request [b'CONNECT']>
2026-06-10 01:47:04,609 - DEBUG - send_request_body.complete
2026-06-10 01:47:04,609 - DEBUG - receive_response_headers.started request=<Request [b'CONNECT']>
2026-06-10 01:47:04,676 - DEBUG - receive_response_headers.complete return_value=(b'HTTP/1.1', 200, b'OK', [])
2026-06-10 01:47:04,677 - DEBUG - start_tls.started ssl_context=<ssl.SSLContext object at 0x000002B345A7BAD0> server_hostname='jsonplaceholder.typicode.com' timeout=5.0
2026-06-10 01:47:04,712 - DEBUG - start_tls.complete return_value=<httpcore._backends.anyio.AnyIOStream object at 0x000002B345C9B750>
2026-06-10 01:47:04,714 - DEBUG - send_request_headers.started request=<Request [b'GET']>
2026-06-10 01:47:04,714 - DEBUG - send_request_headers.complete
2026-06-10 01:47:04,714 - DEBUG - send_request_body.started request=<Request [b'GET']>
2026-06-10 01:47:04,715 - DEBUG - send_request_body.complete
2026-06-10 01:47:04,715 - DEBUG - receive_response_headers.started request=<Request [b'GET']>
2026-06-10 01:47:04,803 - DEBUG - receive_response_headers.complete return_value=(b'HTTP/1.1', 200, b'OK', [(b'Date', b'Tue, 09 Jun 2026 21:47:07 GMT'), (b'Content-Type', b'application/json; charset=utf-8'), (b'Transfer-Encoding', b'chunked'), (b'Connection', b'keep-alive'), (b'Access-Control-Allow-Credentials', b'true'), (b'Cache-Control', b'max-age=43200'), (b'Content-Encoding', b'gzip'), (b'Etag', b'W/"6b80-Ybsq/K6GwwqrYkAsFxqDXGC7DoM"'), (b'Expires', b'-1'), (b'Nel', b'{"report_to":"heroku-nel","response_headers":["Via"],"max_age":3600,"success_fraction":0.01,"failure_fraction":0.1}'), (b'Pragma', b'no-cache'), (b'Report-To', b'{"group":"heroku-nel","endpoints":[{"url":"https://nel.heroku.com/reports?s=%2BkY5bRCRB2vnnoThORuukqcFYPEKuF86%2BVOjhMRT11Y%3D\\u0026sid=e11707d5-02a7-43ef-b45e-2cf4d2036f7d\\u0026ts=1780678126"}],"max_age":3600}'), (b'Reporting-Endpoints', b'heroku-nel="https://nel.heroku.com/reports?s=%2BkY5bRCRB2vnnoThORuukqcFYPEKuF86%2BVOjhMRT11Y%3D&sid=e11707d5-02a7-43ef-b45e-2cf4d2036f7d&ts=1780678126"'), (b'Server', b'cloudflare'), (b'Vary', b'Origin, Accept-Encoding'), (b'Via', b'2.0 heroku-router'), (b'X-Content-Type-Options', b'nosniff'), (b'X-Powered-By', b'Express'), (b'X-Ratelimit-Limit', b'1000'), (b'X-Ratelimit-Remaining', b'999'), (b'X-Ratelimit-Reset', b'1780678135'), (b'Age', b'21568'), (b'Cf-Cache-Status', b'HIT'), (b'CF-RAY', b'a093553c3869d464-TBS'), (b'alt-svc', b'h3=":443"; ma=86400')])
2026-06-10 01:47:04,804 - INFO - HTTP Request: GET https://jsonplaceholder.typicode.com/posts "HTTP/1.1 200 OK"
2026-06-10 01:47:04,804 - DEBUG - receive_response_body.started request=<Request [b'GET']>
2026-06-10 01:47:04,817 - DEBUG - receive_response_body.complete
2026-06-10 01:47:04,818 - DEBUG - response_closed.started
2026-06-10 01:47:04,819 - DEBUG - response_closed.complete
2026-06-10 01:47:04,820 - INFO - Request sent to https://jsonplaceholder.typicode.com/posts
2026-06-10 01:47:04,820 - INFO - Response status: 200 OK
2026-06-10 01:47:04,821 - DEBUG - Todos received: 100 items
2026-06-10 01:47:04,821 - INFO - Posts found: [{'userId': 1, 'id': 1, 'title': 'sunt aut facere repellat provident occaecati excepturi optio reprehenderit', 'body': 'quia et suscipit\nsuscipit recusandae consequuntur expedita et cum\nreprehenderit molestiae ut ut quas totam\nnostrum rerum est autem sunt rem eveniet architecto'}, {'userId': 1, 'id': 2, 'title': 'qui est esse', 'body': 'est rerum tempore vitae\nsequi sint nihil reprehenderit dolor beatae ea dolores neque\nfugiat blanditiis voluptate porro vel nihil molestiae ut reiciendis\nqui aperiam non debitis possimus qui neque nisi nulla'}, {'userId': 1, 'id': 3, 'title': 'ea molestias quasi exercitationem repellat qui ipsa sit aut', 'body': 'et iusto sed quo iure\nvoluptatem occaecati omnis eligendi aut ad\nvoluptatem doloribus vel accusantium quis pariatur\nmolestiae porro eius odio et labore et velit aut'}, {'userId': 1, 'id': 4, 'title': 'eum et est occaecati', 'body': 'ullam et saepe reiciendis voluptatem adipisci\nsit amet autem assumenda provident rerum culpa\nquis hic commodi nesciunt rem tenetur doloremque ipsam iure\nquis sunt voluptatem rerum illo velit'}, {'userId': 1, 'id': 5, 'title': 'nesciunt quas odio', 'body': 'repudiandae veniam quaerat sunt sed\nalias aut fugiat sit autem sed est\nvoluptatem omnis possimus esse voluptatibus quis\nest aut tenetur dolor neque'}, {'userId': 1, 'id': 6, 'title': 'dolorem eum magni eos aperiam quia', 'body': 'ut aspernatur corporis harum nihil quis provident sequi\nmollitia nobis aliquid molestiae\nperspiciatis et ea nemo ab reprehenderit accusantium quas\nvoluptate dolores velit et doloremque molestiae'}, {'userId': 1, 'id': 7, 'title': 'magnam facilis autem', 'body': 'dolore placeat quibusdam ea quo vitae\nmagni quis enim qui quis quo nemo aut saepe\nquidem repellat excepturi ut quia\nsunt ut sequi eos ea sed quas'}, {'userId': 1, 'id': 8, 'title': 'dolorem dolore est ipsam', 'body': 'dignissimos aperiam dolorem qui eum\nfacilis quibusdam animi sint suscipit qui sint possimus cum\nquaerat magni maiores excepturi\nipsam ut commodi dolor voluptatum modi aut vitae'}, {'userId': 1, 'id': 9, 'title': 'nesciunt iure omnis dolorem tempora et accusantium', 'body': 'consectetur animi nesciunt iure dolore\nenim quia ad\nveniam autem ut quam aut nobis\net est aut quod aut provident voluptas autem voluptas'}, {'userId': 1, 'id': 10, 'title': 'optio molestias id quia eum', 'body': 'quo et expedita modi cum officia vel magni\ndoloribus qui repudiandae\nvero nisi sit\nquos veniam quod sed accusamus veritatis error'}, {'userId': 2, 'id': 11, 'title': 'et ea vero quia laudantium autem', 'body': 'delectus reiciendis molestiae occaecati non minima eveniet qui voluptatibus\naccusamus in eum beatae sit\nvel qui neque voluptates ut commodi qui incidunt\nut animi commodi'}, {'userId': 2, 'id': 12, 'title': 'in quibusdam tempore odit est dolorem', 'body': 'itaque id aut magnam\npraesentium quia et ea odit et ea voluptas et\nsapiente quia nihil amet occaecati quia id voluptatem\nincidunt ea est distinctio odio'}, {'userId': 2, 'id': 13, 'title': 'dolorum ut in voluptas mollitia et saepe quo animi', 'body': 'aut dicta possimus sint mollitia voluptas commodi quo doloremque\niste corrupti reiciendis voluptatem eius rerum\nsit cumque quod eligendi laborum minima\nperferendis recusandae assumenda consectetur porro architecto ipsum ipsam'}, {'userId': 2, 'id': 14, 'title': 'voluptatem eligendi optio', 'body': 'fuga et accusamus dolorum perferendis illo voluptas\nnon doloremque neque facere\nad qui dolorum molestiae beatae\nsed aut voluptas totam sit illum'}, {'userId': 2, 'id': 15, 'title': 'eveniet quod temporibus', 'body': 'reprehenderit quos placeat\nvelit minima officia dolores impedit repudiandae molestiae nam\nvoluptas recusandae quis delectus\nofficiis harum fugiat vitae'}, {'userId': 2, 'id': 16, 'title': 'sint suscipit perspiciatis velit dolorum rerum ipsa laboriosam odio', 'body': 'suscipit nam nisi quo aperiam aut\nasperiores eos fugit maiores voluptatibus quia\nvoluptatem quis ullam qui in alias quia est\nconsequatur magni mollitia accusamus ea nisi voluptate dicta'}, {'userId': 2, 'id': 17, 'title': 'fugit voluptas sed molestias voluptatem provident', 'body': 'eos voluptas et aut odit natus earum\naspernatur fuga molestiae ullam\ndeserunt ratione qui eos\nqui nihil ratione nemo velit ut aut id quo'}, {'userId': 2, 'id': 18, 'title': 'voluptate et itaque vero tempora molestiae', 'body': 'eveniet quo quis\nlaborum totam consequatur non dolor\nut et est repudiandae\nest voluptatem vel debitis et magnam'}, {'userId': 2, 'id': 19, 'title': 'adipisci placeat illum aut reiciendis qui', 'body': 'illum quis cupiditate provident sit magnam\nea sed aut omnis\nveniam maiores ullam consequatur atque\nadipisci quo iste expedita sit quos voluptas'}, {'userId': 2, 'id': 20, 'title': 'doloribus ad provident suscipit at', 'body': 'qui consequuntur ducimus possimus quisquam amet similique\nsuscipit porro ipsam amet\neos veritatis officiis exercitationem vel fugit aut necessitatibus totam\nomnis rerum consequatur expedita quidem cumque explicabo'}, {'userId': 3, 'id': 21, 'title': 'asperiores ea ipsam voluptatibus modi minima quia sint', 'body': 'repellat aliquid praesentium dolorem quo\nsed totam minus non itaque\nnihil labore molestiae sunt dolor eveniet hic recusandae veniam\ntempora et tenetur expedita sunt'}, {'userId': 3, 'id': 22, 'title': 'dolor sint quo a velit explicabo quia nam', 'body': 'eos qui et ipsum ipsam suscipit aut\nsed omnis non odio\nexpedita earum mollitia molestiae aut atque rem suscipit\nnam impedit esse'}, {'userId': 3, 'id': 23, 'title': 'maxime id vitae nihil numquam', 'body': 'veritatis unde neque eligendi\nquae quod architecto quo neque vitae\nest illo sit tempora doloremque fugit quod\net et vel beatae sequi ullam sed tenetur perspiciatis'}, {'userId': 3, 'id': 24, 'title': 'autem hic labore sunt dolores incidunt', 'body': 'enim et ex nulla\nomnis voluptas quia qui\nvoluptatem consequatur numquam aliquam sunt\ntotam recusandae id dignissimos aut sed asperiores deserunt'}, {'userId': 3, 'id': 25, 'title': 'rem alias distinctio quo quis', 'body': 'ullam consequatur ut\nomnis quis sit vel consequuntur\nipsa eligendi ipsum molestiae et omnis error nostrum\nmolestiae illo tempore quia et distinctio'}, {'userId': 3, 'id': 26, 'title': 'est et quae odit qui non', 'body': 'similique esse doloribus nihil accusamus\nomnis dolorem fuga consequuntur reprehenderit fugit recusandae temporibus\nperspiciatis cum ut laudantium\nomnis aut molestiae vel vero'}, {'userId': 3, 'id': 27, 'title': 'quasi id et eos tenetur aut quo autem', 'body': 'eum sed dolores ipsam sint possimus debitis occaecati\ndebitis qui qui et\nut placeat enim earum aut odit facilis\nconsequatur suscipit necessitatibus rerum sed inventore temporibus consequatur'}, {'userId': 3, 'id': 28, 'title': 'delectus ullam et corporis nulla voluptas sequi', 'body': 'non et quaerat ex quae ad maiores\nmaiores recusandae totam aut blanditiis mollitia quas illo\nut voluptatibus voluptatem\nsimilique nostrum eum'}, {'userId': 3, 'id': 29, 'title': 'iusto eius quod necessitatibus culpa ea', 'body': 'odit magnam ut saepe sed non qui\ntempora atque nihil\naccusamus illum doloribus illo dolor\neligendi repudiandae odit magni similique sed cum maiores'}, {'userId': 3, 'id': 30, 'title': 'a quo magni similique perferendis', 'body': 'alias dolor cumque\nimpedit blanditiis non eveniet odio maxime\nblanditiis amet eius quis tempora quia autem rem\na provident perspiciatis quia'}, {'userId': 4, 'id': 31, 'title': 'ullam ut quidem id aut vel consequuntur', 'body': 'debitis eius sed quibusdam non quis consectetur vitae\nimpedit ut qui consequatur sed aut in\nquidem sit nostrum et maiores adipisci atque\nquaerat voluptatem adipisci repudiandae'}, {'userId': 4, 'id': 32, 'title': 'doloremque illum aliquid sunt', 'body': 'deserunt eos nobis asperiores et hic\nest debitis repellat molestiae optio\nnihil ratione ut eos beatae quibusdam distinctio maiores\nearum voluptates et aut adipisci ea maiores voluptas maxime'}, {'userId': 4, 'id': 33, 'title': 'qui explicabo molestiae dolorem', 'body': 'rerum ut et numquam laborum odit est sit\nid qui sint in\nquasi tenetur tempore aperiam et quaerat qui in\nrerum officiis sequi cumque quod'}, {'userId': 4, 'id': 34, 'title': 'magnam ut rerum iure', 'body': 'ea velit perferendis earum ut voluptatem voluptate itaque iusto\ntotam pariatur in\nnemo voluptatem voluptatem autem magni tempora minima in\nest distinctio qui assumenda accusamus dignissimos officia nesciunt nobis'}, {'userId': 4, 'id': 35, 'title': 'id nihil consequatur molestias animi provident', 'body': 'nisi error delectus possimus ut eligendi vitae\nplaceat eos harum cupiditate facilis reprehenderit voluptatem beatae\nmodi ducimus quo illum voluptas eligendi\net nobis quia fugit'}, {'userId': 4, 'id': 36, 'title': 'fuga nam accusamus voluptas reiciendis itaque', 'body': 'ad mollitia et omnis minus architecto odit\nvoluptas doloremque maxime aut non ipsa qui alias veniam\nblanditiis culpa aut quia nihil cumque facere et occaecati\nqui aspernatur quia eaque ut aperiam inventore'}, {'userId': 4, 'id': 37, 'title': 'provident vel ut sit ratione est', 'body': 'debitis et eaque non officia sed nesciunt pariatur vel\nvoluptatem iste vero et ea\nnumquam aut expedita ipsum nulla in\nvoluptates omnis consequatur aut enim officiis in quam qui'}, {'userId': 4, 'id': 38, 'title': 'explicabo et eos deleniti nostrum ab id repellendus', 'body': 'animi esse sit aut sit nesciunt assumenda eum voluptas\nquia voluptatibus provident quia necessitatibus ea\nrerum repudiandae quia voluptatem delectus fugit aut id quia\nratione optio eos iusto veniam iure'}, {'userId': 4, 'id': 39, 'title': 'eos dolorem iste accusantium est eaque quam', 'body': 'corporis rerum ducimus vel eum accusantium\nmaxime aspernatur a porro possimus iste omnis\nest in deleniti asperiores fuga aut\nvoluptas sapiente vel dolore minus voluptatem incidunt ex'}, {'userId': 4, 'id': 40, 'title': 'enim quo cumque', 'body': 'ut voluptatum aliquid illo tenetur nemo sequi quo facilis\nipsum rem optio mollitia quas\nvoluptatem eum voluptas qui\nunde omnis voluptatem iure quasi maxime voluptas nam'}, {'userId': 5, 'id': 41, 'title': 'non est facere', 'body': 'molestias id nostrum\nexcepturi molestiae dolore omnis repellendus quaerat saepe\nconsectetur iste quaerat tenetur asperiores accusamus ex ut\nnam quidem est ducimus sunt debitis saepe'}, {'userId': 5, 'id': 42, 'title': 'commodi ullam sint et excepturi error explicabo praesentium voluptas', 'body': 'odio fugit voluptatum ducimus earum autem est incidunt voluptatem\nodit reiciendis aliquam sunt sequi nulla dolorem\nnon facere repellendus voluptates quia\nratione harum vitae ut'}, {'userId': 5, 'id': 43, 'title': 'eligendi iste nostrum consequuntur adipisci praesentium sit beatae perferendis', 'body': 'similique fugit est\nillum et dolorum harum et voluptate eaque quidem\nexercitationem quos nam commodi possimus cum odio nihil nulla\ndolorum exercitationem magnam ex et a et distinctio debitis'}, {'userId': 5, 'id': 44, 'title': 'optio dolor molestias sit', 'body': 'temporibus est consectetur dolore\net libero debitis vel velit laboriosam quia\nipsum quibusdam qui itaque fuga rem aut\nea et iure quam sed maxime ut distinctio quae'}, {'userId': 5, 'id': 45, 'title': 'ut numquam possimus omnis eius suscipit laudantium iure', 'body': 'est natus reiciendis nihil possimus aut provident\nex et dolor\nrepellat pariatur est\nnobis rerum repellendus dolorem autem'}, {'userId': 5, 'id': 46, 'title': 'aut quo modi neque nostrum ducimus', 'body': 'voluptatem quisquam iste\nvoluptatibus natus officiis facilis dolorem\nquis quas ipsam\nvel et voluptatum in aliquid'}, {'userId': 5, 'id': 47, 'title': 'quibusdam cumque rem aut deserunt', 'body': 'voluptatem assumenda ut qui ut cupiditate aut impedit veniam\noccaecati nemo illum voluptatem laudantium\nmolestiae beatae rerum ea iure soluta nostrum\neligendi et voluptate'}, {'userId': 5, 'id': 48, 'title': 'ut voluptatem illum ea doloribus itaque eos', 'body': 'voluptates quo voluptatem facilis iure occaecati\nvel assumenda rerum officia et\nillum perspiciatis ab deleniti\nlaudantium repellat ad ut et autem reprehenderit'}, {'userId': 5, 'id': 49, 'title': 'laborum non sunt aut ut assumenda perspiciatis voluptas', 'body': 'inventore ab sint\nnatus fugit id nulla sequi architecto nihil quaerat\neos tenetur in in eum veritatis non\nquibusdam officiis aspernatur cumque aut commodi aut'}, {'userId': 5, 'id': 50, 'title': 'repellendus qui recusandae incidunt voluptates tenetur qui omnis exercitationem', 'body': 'error suscipit maxime adipisci consequuntur recusandae\nvoluptas eligendi et est et voluptates\nquia distinctio ab amet quaerat molestiae et vitae\nadipisci impedit sequi nesciunt quis consectetur'}, {'userId': 6, 'id': 51, 'title': 'soluta aliquam aperiam consequatur illo quis voluptas', 'body': 'sunt dolores aut doloribus\ndolore doloribus voluptates tempora et\ndoloremque et quo\ncum asperiores sit consectetur dolorem'}, {'userId': 6, 'id': 52, 'title': 'qui enim et consequuntur quia animi quis voluptate quibusdam', 'body': 'iusto est quibusdam fuga quas quaerat molestias\na enim ut sit accusamus enim\ntemporibus iusto accusantium provident architecto\nsoluta esse reprehenderit qui laborum'}, {'userId': 6, 'id': 53, 'title': 'ut quo aut ducimus alias', 'body': 'minima harum praesentium eum rerum illo dolore\nquasi exercitationem rerum nam\nporro quis neque quo\nconsequatur minus dolor quidem veritatis sunt non explicabo similique'}, {'userId': 6, 'id': 54, 'title': 'sit asperiores ipsam eveniet odio non quia', 'body': 'totam corporis dignissimos\nvitae dolorem ut occaecati accusamus\nex velit deserunt\net exercitationem vero incidunt corrupti mollitia'}, {'userId': 6, 'id': 55, 'title': 'sit vel voluptatem et non libero', 'body': 'debitis excepturi ea perferendis harum libero optio\neos accusamus cum fuga ut sapiente repudiandae\net ut incidunt omnis molestiae\nnihil ut eum odit'}, {'userId': 6, 'id': 56, 'title': 'qui et at rerum necessitatibus', 'body': 'aut est omnis dolores\nneque rerum quod ea rerum velit pariatur beatae excepturi\net provident voluptas corrupti\ncorporis harum reprehenderit dolores eligendi'}, {'userId': 6, 'id': 57, 'title': 'sed ab est est', 'body': 'at pariatur consequuntur earum quidem\nquo est laudantium soluta voluptatem\nqui ullam et est\net cum voluptas voluptatum repellat est'}, {'userId': 6, 'id': 58, 'title': 'voluptatum itaque dolores nisi et quasi', 'body': 'veniam voluptatum quae adipisci id\net id quia eos ad et dolorem\naliquam quo nisi sunt eos impedit error\nad similique veniam'}, {'userId': 6, 'id': 59, 'title': 'qui commodi dolor at maiores et quis id accusantium', 'body': 'perspiciatis et quam ea autem temporibus non voluptatibus qui\nbeatae a earum officia nesciunt dolores suscipit voluptas et\nanimi doloribus cum rerum quas et magni\net hic ut ut commodi expedita sunt'}, {'userId': 6, 'id': 60, 'title': 'consequatur placeat omnis quisquam quia reprehenderit fugit veritatis facere', 'body': 'asperiores sunt ab assumenda cumque modi velit\nqui esse omnis\nvoluptate et fuga perferendis voluptas\nillo ratione amet aut et omnis'}, {'userId': 7, 'id': 61, 'title': 'voluptatem doloribus consectetur est ut ducimus', 'body': 'ab nemo optio odio\ndelectus tenetur corporis similique nobis repellendus rerum omnis facilis\nvero blanditiis debitis in nesciunt doloribus dicta dolores\nmagnam minus velit'}, {'userId': 7, 'id': 62, 'title': 'beatae enim quia vel', 'body': 'enim aspernatur illo distinctio quae praesentium\nbeatae alias amet delectus qui voluptate distinctio\nodit sint accusantium autem omnis\nquo molestiae omnis ea eveniet optio'}, {'userId': 7, 'id': 63, 'title': 'voluptas blanditiis repellendus animi ducimus error sapiente et suscipit', 'body': 'enim adipisci aspernatur nemo\nnumquam omnis facere dolorem dolor ex quis temporibus incidunt\nab delectus culpa quo reprehenderit blanditiis asperiores\naccusantium ut quam in voluptatibus voluptas ipsam dicta'}, {'userId': 7, 'id': 64, 'title': 'et fugit quas eum in in aperiam quod', 'body': 'id velit blanditiis\neum ea voluptatem\nmolestiae sint occaecati est eos perspiciatis\nincidunt a error provident eaque aut aut qui'}, {'userId': 7, 'id': 65, 'title': 'consequatur id enim sunt et et', 'body': 'voluptatibus ex esse\nsint explicabo est aliquid cumque adipisci fuga repellat labore\nmolestiae corrupti ex saepe at asperiores et perferendis\nnatus id esse incidunt pariatur'}, {'userId': 7, 'id': 66, 'title': 'repudiandae ea animi iusto', 'body': 'officia veritatis tenetur vero qui itaque\nsint non ratione\nsed et ut asperiores iusto eos molestiae nostrum\nveritatis quibusdam et nemo iusto saepe'}, {'userId': 7, 'id': 67, 'title': 'aliquid eos sed fuga est maxime repellendus', 'body': 'reprehenderit id nostrum\nvoluptas doloremque pariatur sint et accusantium quia quod aspernatur\net fugiat amet\nnon sapiente et consequatur necessitatibus molestiae'}, {'userId': 7, 'id': 68, 'title': 'odio quis facere architecto reiciendis optio', 'body': 'magnam molestiae perferendis quisquam\nqui cum reiciendis\nquaerat animi amet hic inventore\nea quia deleniti quidem saepe porro velit'}, {'userId': 7, 'id': 69, 'title': 'fugiat quod pariatur odit minima', 'body': 'officiis error culpa consequatur modi asperiores et\ndolorum assumenda voluptas et vel qui aut vel rerum\nvoluptatum quisquam perspiciatis quia rerum consequatur totam quas\nsequi commodi repudiandae asperiores et saepe a'}, {'userId': 7, 'id': 70, 'title': 'voluptatem laborum magni', 'body': 'sunt repellendus quae\nest asperiores aut deleniti esse accusamus repellendus quia aut\nquia dolorem unde\neum tempora esse dolore'}, {'userId': 8, 'id': 71, 'title': 'et iusto veniam et illum aut fuga', 'body': 'occaecati a doloribus\niste saepe consectetur placeat eum voluptate dolorem et\nqui quo quia voluptas\nrerum ut id enim velit est perferendis'}, {'userId': 8, 'id': 72, 'title': 'sint hic doloribus consequatur eos non id', 'body': 'quam occaecati qui deleniti consectetur\nconsequatur aut facere quas exercitationem aliquam hic voluptas\nneque id sunt ut aut accusamus\nsunt consectetur expedita inventore velit'}, {'userId': 8, 'id': 73, 'title': 'consequuntur deleniti eos quia temporibus ab aliquid at', 'body': 'voluptatem cumque tenetur consequatur expedita ipsum nemo quia explicabo\naut eum minima consequatur\ntempore cumque quae est et\net in consequuntur voluptatem voluptates aut'}, {'userId': 8, 'id': 74, 'title': 'enim unde ratione doloribus quas enim ut sit sapiente', 'body': 'odit qui et et necessitatibus sint veniam\nmollitia amet doloremque molestiae commodi similique magnam et quam\nblanditiis est itaque\nquo et tenetur ratione occaecati molestiae tempora'}, {'userId': 8, 'id': 75, 'title': 'dignissimos eum dolor ut enim et delectus in', 'body': 'commodi non non omnis et voluptas sit\nautem aut nobis magnam et sapiente voluptatem\net laborum repellat qui delectus facilis temporibus\nrerum amet et nemo voluptate expedita adipisci error dolorem'}, {'userId': 8, 'id': 76, 'title': 'doloremque officiis ad et non perferendis', 'body': 'ut animi facere\ntotam iusto tempore\nmolestiae eum aut et dolorem aperiam\nquaerat recusandae totam odio'}, {'userId': 8, 'id': 77, 'title': 'necessitatibus quasi exercitationem odio', 'body': 'modi ut in nulla repudiandae dolorum nostrum eos\naut consequatur omnis\nut incidunt est omnis iste et quam\nvoluptates sapiente aliquam asperiores nobis amet corrupti repudiandae provident'}, {'userId': 8, 'id': 78, 'title': 'quam voluptatibus rerum veritatis', 'body': 'nobis facilis odit tempore cupiditate quia\nassumenda doloribus rerum qui ea\nillum et qui totam\naut veniam repellendus'}, {'userId': 8, 'id': 79, 'title': 'pariatur consequatur quia magnam autem omnis non amet', 'body': 'libero accusantium et et facere incidunt sit dolorem\nnon excepturi qui quia sed laudantium\nquisquam molestiae ducimus est\nofficiis esse molestiae iste et quos'}, {'userId': 8, 'id': 80, 'title': 'labore in ex et explicabo corporis aut quas', 'body': 'ex quod dolorem ea eum iure qui provident amet\nquia qui facere excepturi et repudiandae\nasperiores molestias provident\nminus incidunt vero fugit rerum sint sunt excepturi provident'}, {'userId': 9, 'id': 81, 'title': 'tempora rem veritatis voluptas quo dolores vero', 'body': 'facere qui nesciunt est voluptatum voluptatem nisi\nsequi eligendi necessitatibus ea at rerum itaque\nharum non ratione velit laboriosam quis consequuntur\nex officiis minima doloremque voluptas ut aut'}, {'userId': 9, 'id': 82, 'title': 'laudantium voluptate suscipit sunt enim enim', 'body': 'ut libero sit aut totam inventore sunt\nporro sint qui sunt molestiae\nconsequatur cupiditate qui iste ducimus adipisci\ndolor enim assumenda soluta laboriosam amet iste delectus hic'}, {'userId': 9, 'id': 83, 'title': 'odit et voluptates doloribus alias odio et', 'body': 'est molestiae facilis quis tempora numquam nihil qui\nvoluptate sapiente consequatur est qui\nnecessitatibus autem aut ipsa aperiam modi dolore numquam\nreprehenderit eius rem quibusdam'}, {'userId': 9, 'id': 84, 'title': 'optio ipsam molestias necessitatibus occaecati facilis veritatis dolores aut', 'body': 'sint molestiae magni a et quos\neaque et quasi\nut rerum debitis similique veniam\nrecusandae dignissimos dolor incidunt consequatur odio'}, {'userId': 9, 'id': 85, 'title': 'dolore veritatis porro provident adipisci blanditiis et sunt', 'body': 'similique sed nisi voluptas iusto omnis\nmollitia et quo\nassumenda suscipit officia magnam sint sed tempora\nenim provident pariatur praesentium atque animi amet ratione'}, {'userId': 9, 'id': 86, 'title': 'placeat quia et porro iste', 'body': 'quasi excepturi consequatur iste autem temporibus sed molestiae beatae\net quaerat et esse ut\nvoluptatem occaecati et vel explicabo autem\nasperiores pariatur deserunt optio'}, {'userId': 9, 'id': 87, 'title': 'nostrum quis quasi placeat', 'body': 'eos et molestiae\nnesciunt ut a\ndolores perspiciatis repellendus repellat aliquid\nmagnam sint rem ipsum est'}, {'userId': 9, 'id': 88, 'title': 'sapiente omnis fugit eos', 'body': 'consequatur omnis est praesentium\nducimus non iste\nneque hic deserunt\nvoluptatibus veniam cum et rerum sed'}, {'userId': 9, 'id': 89, 'title': 'sint soluta et vel magnam aut ut sed qui', 'body': 'repellat aut aperiam totam temporibus autem et\narchitecto magnam ut\nconsequatur qui cupiditate rerum quia soluta dignissimos nihil iure\ntempore quas est'}, {'userId': 9, 'id': 90, 'title': 'ad iusto omnis odit dolor voluptatibus', 'body': 'minus omnis soluta quia\nqui sed adipisci voluptates illum ipsam voluptatem\neligendi officia ut in\neos soluta similique molestias praesentium blanditiis'}, {'userId': 10, 'id': 91, 'title': 'aut amet sed', 'body': 'libero voluptate eveniet aperiam sed\nsunt placeat suscipit molestias\nsimilique fugit nam natus\nexpedita consequatur consequatur dolores quia eos et placeat'}, {'userId': 10, 'id': 92, 'title': 'ratione ex tenetur perferendis', 'body': 'aut et excepturi dicta laudantium sint rerum nihil\nlaudantium et at\na neque minima officia et similique libero et\ncommodi voluptate qui'}, {'userId': 10, 'id': 93, 'title': 'beatae soluta recusandae', 'body': 'dolorem quibusdam ducimus consequuntur dicta aut quo laboriosam\nvoluptatem quis enim recusandae ut sed sunt\nnostrum est odit totam\nsit error sed sunt eveniet provident qui nulla'}, {'userId': 10, 'id': 94, 'title': 'qui qui voluptates illo iste minima', 'body': 'aspernatur expedita soluta quo ab ut similique\nexpedita dolores amet\nsed temporibus distinctio magnam saepe deleniti\nomnis facilis nam ipsum natus sint similique omnis'}, {'userId': 10, 'id': 95, 'title': 'id minus libero illum nam ad officiis', 'body': 'earum voluptatem facere provident blanditiis velit laboriosam\npariatur accusamus odio saepe\ncumque dolor qui a dicta ab doloribus consequatur omnis\ncorporis cupiditate eaque assumenda ad nesciunt'}, {'userId': 10, 'id': 96, 'title': 'quaerat velit veniam amet cupiditate aut numquam ut sequi', 'body': 'in non odio excepturi sint eum\nlabore voluptates vitae quia qui et\ninventore itaque rerum\nveniam non exercitationem delectus aut'}, {'userId': 10, 'id': 97, 'title': 'quas fugiat ut perspiciatis vero provident', 'body': 'eum non blanditiis soluta porro quibusdam voluptas\nvel voluptatem qui placeat dolores qui velit aut\nvel inventore aut cumque culpa explicabo aliquid at\nperspiciatis est et voluptatem dignissimos dolor itaque sit nam'}, {'userId': 10, 'id': 98, 'title': 'laboriosam dolor voluptates', 'body': 'doloremque ex facilis sit sint culpa\nsoluta assumenda eligendi non ut eius\nsequi ducimus vel quasi\nveritatis est dolores'}, {'userId': 10, 'id': 99, 'title': 'temporibus sit alias delectus eligendi possimus magni', 'body': 'quo deleniti praesentium dicta non quod\naut est molestias\nmolestias et officia quis nihil\nitaque dolorem quia'}, {'userId': 10, 'id': 100, 'title': 'at nam consequatur ea labore ea harum', 'body': 'cupiditate quo est a modi nesciunt soluta\nipsa voluptas error itaque dicta in\nautem qui minus magnam et distinctio eum\naccusamus ratione error aut'}]
2026-06-10 01:47:04,825 - INFO - 
get_posts() finished

2026-06-10 01:47:04,828 - INFO - 
get_users() started

2026-06-10 01:47:06,153 - DEBUG - HTTP client created
2026-06-10 01:47:06,159 - DEBUG - connect_tcp.started host='127.0.0.1' port=50422 local_address=None timeout=5.0 socket_options=None
2026-06-10 01:47:06,165 - DEBUG - connect_tcp.complete return_value=<httpcore._backends.anyio.AnyIOStream object at 0x000002B345D5D310>
2026-06-10 01:47:06,167 - DEBUG - send_request_headers.started request=<Request [b'CONNECT']>
2026-06-10 01:47:06,167 - DEBUG - send_request_headers.complete
2026-06-10 01:47:06,167 - DEBUG - send_request_body.started request=<Request [b'CONNECT']>
2026-06-10 01:47:06,167 - DEBUG - send_request_body.complete
2026-06-10 01:47:06,167 - DEBUG - receive_response_headers.started request=<Request [b'CONNECT']>
2026-06-10 01:47:06,196 - DEBUG - receive_response_headers.complete return_value=(b'HTTP/1.1', 200, b'OK', [])
2026-06-10 01:47:06,197 - DEBUG - start_tls.started ssl_context=<ssl.SSLContext object at 0x000002B345CD3D40> server_hostname='jsonplaceholder.typicode.com' timeout=5.0
2026-06-10 01:47:06,223 - DEBUG - start_tls.complete return_value=<httpcore._backends.anyio.AnyIOStream object at 0x000002B345D34E90>
2026-06-10 01:47:06,225 - DEBUG - send_request_headers.started request=<Request [b'GET']>
2026-06-10 01:47:06,225 - DEBUG - send_request_headers.complete
2026-06-10 01:47:06,225 - DEBUG - send_request_body.started request=<Request [b'GET']>
2026-06-10 01:47:06,226 - DEBUG - send_request_body.complete
2026-06-10 01:47:06,226 - DEBUG - receive_response_headers.started request=<Request [b'GET']>
2026-06-10 01:47:06,362 - DEBUG - receive_response_headers.complete return_value=(b'HTTP/1.1', 200, b'OK', [(b'Date', b'Tue, 09 Jun 2026 21:47:09 GMT'), (b'Content-Type', b'application/json; charset=utf-8'), (b'Content-Length', b'1847'), (b'Connection', b'keep-alive'), (b'Access-Control-Allow-Credentials', b'true'), (b'Cache-Control', b'max-age=43200'), (b'Content-Encoding', b'gzip'), (b'Etag', b'W/"160d-1eMSsxeJRfnVLRBmYJSbCiJZ1qQ"'), (b'Expires', b'-1'), (b'Nel', b'{"report_to":"heroku-nel","response_headers":["Via"],"max_age":3600,"success_fraction":0.01,"failure_fraction":0.1}'), (b'Pragma', b'no-cache'), (b'Report-To', b'{"group":"heroku-nel","endpoints":[{"url":"https://nel.heroku.com/reports?s=rX0hNbT6HQlnHmtbQx1TTDBPTGPf7UlnaOELZo1kY0o%3D\\u0026sid=e11707d5-02a7-43ef-b45e-2cf4d2036f7d\\u0026ts=1779908048"}],"max_age":3600}'), (b'Reporting-Endpoints', b'heroku-nel="https://nel.heroku.com/reports?s=rX0hNbT6HQlnHmtbQx1TTDBPTGPf7UlnaOELZo1kY0o%3D&sid=e11707d5-02a7-43ef-b45e-2cf4d2036f7d&ts=1779908048"'), (b'Server', b'cloudflare'), (b'Vary', b'Origin, Accept-Encoding'), (b'Via', b'2.0 heroku-router'), (b'X-Content-Type-Options', b'nosniff'), (b'X-Powered-By', b'Express'), (b'X-Ratelimit-Limit', b'1000'), (b'X-Ratelimit-Remaining', b'999'), (b'X-Ratelimit-Reset', b'1779908071'), (b'Age', b'12859'), (b'Accept-Ranges', b'bytes'), (b'Cf-Cache-Status', b'HIT'), (b'CF-RAY', b'a0935545a86598c9-TBS'), (b'alt-svc', b'h3=":443"; ma=86400')])
2026-06-10 01:47:06,363 - INFO - HTTP Request: GET https://jsonplaceholder.typicode.com/users "HTTP/1.1 200 OK"
2026-06-10 01:47:06,363 - DEBUG - receive_response_body.started request=<Request [b'GET']>
2026-06-10 01:47:06,381 - DEBUG - receive_response_body.complete
2026-06-10 01:47:06,382 - DEBUG - response_closed.started
2026-06-10 01:47:06,382 - DEBUG - response_closed.complete
2026-06-10 01:47:06,383 - INFO - Request sent to https://jsonplaceholder.typicode.com/users
2026-06-10 01:47:06,383 - INFO - Response status: 200 OK
2026-06-10 01:47:06,384 - DEBUG - Users received: 10 items
2026-06-10 01:47:06,384 - INFO - Users found: [{'id': 1, 'name': 'Leanne Graham', 'username': 'Bret', 'email': 'Sincere@april.biz', 'address': {'street': 'Kulas Light', 'suite': 'Apt. 556', 'city': 'Gwenborough', 'zipcode': '92998-3874', 'geo': {'lat': '-37.3159', 'lng': '81.1496'}}, 'phone': '1-770-736-8031 x56442', 'website': 'hildegard.org', 'company': {'name': 'Romaguera-Crona', 'catchPhrase': 'Multi-layered client-server neural-net', 'bs': 'harness real-time e-markets'}}, {'id': 2, 'name': 'Ervin Howell', 'username': 'Antonette', 'email': 'Shanna@melissa.tv', 'address': {'street': 'Victor Plains', 'suite': 'Suite 879', 'city': 'Wisokyburgh', 'zipcode': '90566-7771', 'geo': {'lat': '-43.9509', 'lng': '-34.4618'}}, 'phone': '010-692-6593 x09125', 'website': 'anastasia.net', 'company': {'name': 'Deckow-Crist', 'catchPhrase': 'Proactive didactic contingency', 'bs': 'synergize scalable supply-chains'}}, {'id': 3, 'name': 'Clementine Bauch', 'username': 'Samantha', 'email': 'Nathan@yesenia.net', 'address': {'street': 'Douglas Extension', 'suite': 'Suite 847', 'city': 'McKenziehaven', 'zipcode': '59590-4157', 'geo': {'lat': '-68.6102', 'lng': '-47.0653'}}, 'phone': '1-463-123-4447', 'website': 'ramiro.info', 'company': {'name': 'Romaguera-Jacobson', 'catchPhrase': 'Face to face bifurcated interface', 'bs': 'e-enable strategic applications'}}, {'id': 4, 'name': 'Patricia Lebsack', 'username': 'Karianne', 'email': 'Julianne.OConner@kory.org', 'address': {'street': 'Hoeger Mall', 'suite': 'Apt. 692', 'city': 'South Elvis', 'zipcode': '53919-4257', 'geo': {'lat': '29.4572', 'lng': '-164.2990'}}, 'phone': '493-170-9623 x156', 'website': 'kale.biz', 'company': {'name': 'Robel-Corkery', 'catchPhrase': 'Multi-tiered zero tolerance productivity', 'bs': 'transition cutting-edge web services'}}, {'id': 5, 'name': 'Chelsey Dietrich', 'username': 'Kamren', 'email': 'Lucio_Hettinger@annie.ca', 'address': {'street': 'Skiles Walks', 'suite': 'Suite 351', 'city': 'Roscoeview', 'zipcode': '33263', 'geo': {'lat': '-31.8129', 'lng': '62.5342'}}, 'phone': '(254)954-1289', 'website': 'demarco.info', 'company': {'name': 'Keebler LLC', 'catchPhrase': 'User-centric fault-tolerant solution', 'bs': 'revolutionize end-to-end systems'}}, {'id': 6, 'name': 'Mrs. Dennis Schulist', 'username': 'Leopoldo_Corkery', 'email': 'Karley_Dach@jasper.info', 'address': {'street': 'Norberto Crossing', 'suite': 'Apt. 950', 'city': 'South Christy', 'zipcode': '23505-1337', 'geo': {'lat': '-71.4197', 'lng': '71.7478'}}, 'phone': '1-477-935-8478 x6430', 'website': 'ola.org', 'company': {'name': 'Considine-Lockman', 'catchPhrase': 'Synchronised bottom-line interface', 'bs': 'e-enable innovative applications'}}, {'id': 7, 'name': 'Kurtis Weissnat', 'username': 'Elwyn.Skiles', 'email': 'Telly.Hoeger@billy.biz', 'address': {'street': 'Rex Trail', 'suite': 'Suite 280', 'city': 'Howemouth', 'zipcode': '58804-1099', 'geo': {'lat': '24.8918', 'lng': '21.8984'}}, 'phone': '210.067.6132', 'website': 'elvis.io', 'company': {'name': 'Johns Group', 'catchPhrase': 'Configurable multimedia task-force', 'bs': 'generate enterprise e-tailers'}}, {'id': 8, 'name': 'Nicholas Runolfsdottir V', 'username': 'Maxime_Nienow', 'email': 'Sherwood@rosamond.me', 'address': {'street': 'Ellsworth Summit', 'suite': 'Suite 729', 'city': 'Aliyaview', 'zipcode': '45169', 'geo': {'lat': '-14.3990', 'lng': '-120.7677'}}, 'phone': '586.493.6943 x140', 'website': 'jacynthe.com', 'company': {'name': 'Abernathy Group', 'catchPhrase': 'Implemented secondary concept', 'bs': 'e-enable extensible e-tailers'}}, {'id': 9, 'name': 'Glenna Reichert', 'username': 'Delphine', 'email': 'Chaim_McDermott@dana.io', 'address': {'street': 'Dayna Park', 'suite': 'Suite 449', 'city': 'Bartholomebury', 'zipcode': '76495-3109', 'geo': {'lat': '24.6463', 'lng': '-168.8889'}}, 'phone': '(775)976-6794 x41206', 'website': 'conrad.com', 'company': {'name': 'Yost and Sons', 'catchPhrase': 'Switchable contextually-based project', 'bs': 'aggregate real-time technologies'}}, {'id': 10, 'name': 'Clementina DuBuque', 'username': 'Moriah.Stanton', 'email': 'Rey.Padberg@karina.biz', 'address': {'street': 'Kattie Turnpike', 'suite': 'Suite 198', 'city': 'Lebsackbury', 'zipcode': '31428-2261', 'geo': {'lat': '-38.2386', 'lng': '57.2232'}}, 'phone': '024-648-3804', 'website': 'ambrose.net', 'company': {'name': 'Hoeger LLC', 'catchPhrase': 'Centralized empowering task-force', 'bs': 'target end-to-end models'}}]
2026-06-10 01:47:06,387 - INFO - 
get_users() finished

2026-06-10 01:47:06,390 - INFO - Program result: [{'userId': 1, 'id': 1, 'title': 'sunt aut facere repellat provident occaecati excepturi optio reprehenderit', 'body': 'quia et suscipit\nsuscipit recusandae consequuntur expedita et cum\nreprehenderit molestiae ut ut quas totam\nnostrum rerum est autem sunt rem eveniet architecto'}, {'userId': 1, 'id': 2, 'title': 'qui est esse', 'body': 'est rerum tempore vitae\nsequi sint nihil reprehenderit dolor beatae ea dolores neque\nfugiat blanditiis voluptate porro vel nihil molestiae ut reiciendis\nqui aperiam non debitis possimus qui neque nisi nulla'}, {'userId': 1, 'id': 3, 'title': 'ea molestias quasi exercitationem repellat qui ipsa sit aut', 'body': 'et iusto sed quo iure\nvoluptatem occaecati omnis eligendi aut ad\nvoluptatem doloribus vel accusantium quis pariatur\nmolestiae porro eius odio et labore et velit aut'}, {'userId': 1, 'id': 4, 'title': 'eum et est occaecati', 'body': 'ullam et saepe reiciendis voluptatem adipisci\nsit amet autem assumenda provident rerum culpa\nquis hic commodi nesciunt rem tenetur doloremque ipsam iure\nquis sunt voluptatem rerum illo velit'}, {'userId': 1, 'id': 5, 'title': 'nesciunt quas odio', 'body': 'repudiandae veniam quaerat sunt sed\nalias aut fugiat sit autem sed est\nvoluptatem omnis possimus esse voluptatibus quis\nest aut tenetur dolor neque'}, {'userId': 1, 'id': 6, 'title': 'dolorem eum magni eos aperiam quia', 'body': 'ut aspernatur corporis harum nihil quis provident sequi\nmollitia nobis aliquid molestiae\nperspiciatis et ea nemo ab reprehenderit accusantium quas\nvoluptate dolores velit et doloremque molestiae'}, {'userId': 1, 'id': 7, 'title': 'magnam facilis autem', 'body': 'dolore placeat quibusdam ea quo vitae\nmagni quis enim qui quis quo nemo aut saepe\nquidem repellat excepturi ut quia\nsunt ut sequi eos ea sed quas'}, {'userId': 1, 'id': 8, 'title': 'dolorem dolore est ipsam', 'body': 'dignissimos aperiam dolorem qui eum\nfacilis quibusdam animi sint suscipit qui sint possimus cum\nquaerat magni maiores excepturi\nipsam ut commodi dolor voluptatum modi aut vitae'}, {'userId': 1, 'id': 9, 'title': 'nesciunt iure omnis dolorem tempora et accusantium', 'body': 'consectetur animi nesciunt iure dolore\nenim quia ad\nveniam autem ut quam aut nobis\net est aut quod aut provident voluptas autem voluptas'}, {'userId': 1, 'id': 10, 'title': 'optio molestias id quia eum', 'body': 'quo et expedita modi cum officia vel magni\ndoloribus qui repudiandae\nvero nisi sit\nquos veniam quod sed accusamus veritatis error'}, {'userId': 2, 'id': 11, 'title': 'et ea vero quia laudantium autem', 'body': 'delectus reiciendis molestiae occaecati non minima eveniet qui voluptatibus\naccusamus in eum beatae sit\nvel qui neque voluptates ut commodi qui incidunt\nut animi commodi'}, {'userId': 2, 'id': 12, 'title': 'in quibusdam tempore odit est dolorem', 'body': 'itaque id aut magnam\npraesentium quia et ea odit et ea voluptas et\nsapiente quia nihil amet occaecati quia id voluptatem\nincidunt ea est distinctio odio'}, {'userId': 2, 'id': 13, 'title': 'dolorum ut in voluptas mollitia et saepe quo animi', 'body': 'aut dicta possimus sint mollitia voluptas commodi quo doloremque\niste corrupti reiciendis voluptatem eius rerum\nsit cumque quod eligendi laborum minima\nperferendis recusandae assumenda consectetur porro architecto ipsum ipsam'}, {'userId': 2, 'id': 14, 'title': 'voluptatem eligendi optio', 'body': 'fuga et accusamus dolorum perferendis illo voluptas\nnon doloremque neque facere\nad qui dolorum molestiae beatae\nsed aut voluptas totam sit illum'}, {'userId': 2, 'id': 15, 'title': 'eveniet quod temporibus', 'body': 'reprehenderit quos placeat\nvelit minima officia dolores impedit repudiandae molestiae nam\nvoluptas recusandae quis delectus\nofficiis harum fugiat vitae'}, {'userId': 2, 'id': 16, 'title': 'sint suscipit perspiciatis velit dolorum rerum ipsa laboriosam odio', 'body': 'suscipit nam nisi quo aperiam aut\nasperiores eos fugit maiores voluptatibus quia\nvoluptatem quis ullam qui in alias quia est\nconsequatur magni mollitia accusamus ea nisi voluptate dicta'}, {'userId': 2, 'id': 17, 'title': 'fugit voluptas sed molestias voluptatem provident', 'body': 'eos voluptas et aut odit natus earum\naspernatur fuga molestiae ullam\ndeserunt ratione qui eos\nqui nihil ratione nemo velit ut aut id quo'}, {'userId': 2, 'id': 18, 'title': 'voluptate et itaque vero tempora molestiae', 'body': 'eveniet quo quis\nlaborum totam consequatur non dolor\nut et est repudiandae\nest voluptatem vel debitis et magnam'}, {'userId': 2, 'id': 19, 'title': 'adipisci placeat illum aut reiciendis qui', 'body': 'illum quis cupiditate provident sit magnam\nea sed aut omnis\nveniam maiores ullam consequatur atque\nadipisci quo iste expedita sit quos voluptas'}, {'userId': 2, 'id': 20, 'title': 'doloribus ad provident suscipit at', 'body': 'qui consequuntur ducimus possimus quisquam amet similique\nsuscipit porro ipsam amet\neos veritatis officiis exercitationem vel fugit aut necessitatibus totam\nomnis rerum consequatur expedita quidem cumque explicabo'}, {'userId': 3, 'id': 21, 'title': 'asperiores ea ipsam voluptatibus modi minima quia sint', 'body': 'repellat aliquid praesentium dolorem quo\nsed totam minus non itaque\nnihil labore molestiae sunt dolor eveniet hic recusandae veniam\ntempora et tenetur expedita sunt'}, {'userId': 3, 'id': 22, 'title': 'dolor sint quo a velit explicabo quia nam', 'body': 'eos qui et ipsum ipsam suscipit aut\nsed omnis non odio\nexpedita earum mollitia molestiae aut atque rem suscipit\nnam impedit esse'}, {'userId': 3, 'id': 23, 'title': 'maxime id vitae nihil numquam', 'body': 'veritatis unde neque eligendi\nquae quod architecto quo neque vitae\nest illo sit tempora doloremque fugit quod\net et vel beatae sequi ullam sed tenetur perspiciatis'}, {'userId': 3, 'id': 24, 'title': 'autem hic labore sunt dolores incidunt', 'body': 'enim et ex nulla\nomnis voluptas quia qui\nvoluptatem consequatur numquam aliquam sunt\ntotam recusandae id dignissimos aut sed asperiores deserunt'}, {'userId': 3, 'id': 25, 'title': 'rem alias distinctio quo quis', 'body': 'ullam consequatur ut\nomnis quis sit vel consequuntur\nipsa eligendi ipsum molestiae et omnis error nostrum\nmolestiae illo tempore quia et distinctio'}, {'userId': 3, 'id': 26, 'title': 'est et quae odit qui non', 'body': 'similique esse doloribus nihil accusamus\nomnis dolorem fuga consequuntur reprehenderit fugit recusandae temporibus\nperspiciatis cum ut laudantium\nomnis aut molestiae vel vero'}, {'userId': 3, 'id': 27, 'title': 'quasi id et eos tenetur aut quo autem', 'body': 'eum sed dolores ipsam sint possimus debitis occaecati\ndebitis qui qui et\nut placeat enim earum aut odit facilis\nconsequatur suscipit necessitatibus rerum sed inventore temporibus consequatur'}, {'userId': 3, 'id': 28, 'title': 'delectus ullam et corporis nulla voluptas sequi', 'body': 'non et quaerat ex quae ad maiores\nmaiores recusandae totam aut blanditiis mollitia quas illo\nut voluptatibus voluptatem\nsimilique nostrum eum'}, {'userId': 3, 'id': 29, 'title': 'iusto eius quod necessitatibus culpa ea', 'body': 'odit magnam ut saepe sed non qui\ntempora atque nihil\naccusamus illum doloribus illo dolor\neligendi repudiandae odit magni similique sed cum maiores'}, {'userId': 3, 'id': 30, 'title': 'a quo magni similique perferendis', 'body': 'alias dolor cumque\nimpedit blanditiis non eveniet odio maxime\nblanditiis amet eius quis tempora quia autem rem\na provident perspiciatis quia'}, {'userId': 4, 'id': 31, 'title': 'ullam ut quidem id aut vel consequuntur', 'body': 'debitis eius sed quibusdam non quis consectetur vitae\nimpedit ut qui consequatur sed aut in\nquidem sit nostrum et maiores adipisci atque\nquaerat voluptatem adipisci repudiandae'}, {'userId': 4, 'id': 32, 'title': 'doloremque illum aliquid sunt', 'body': 'deserunt eos nobis asperiores et hic\nest debitis repellat molestiae optio\nnihil ratione ut eos beatae quibusdam distinctio maiores\nearum voluptates et aut adipisci ea maiores voluptas maxime'}, {'userId': 4, 'id': 33, 'title': 'qui explicabo molestiae dolorem', 'body': 'rerum ut et numquam laborum odit est sit\nid qui sint in\nquasi tenetur tempore aperiam et quaerat qui in\nrerum officiis sequi cumque quod'}, {'userId': 4, 'id': 34, 'title': 'magnam ut rerum iure', 'body': 'ea velit perferendis earum ut voluptatem voluptate itaque iusto\ntotam pariatur in\nnemo voluptatem voluptatem autem magni tempora minima in\nest distinctio qui assumenda accusamus dignissimos officia nesciunt nobis'}, {'userId': 4, 'id': 35, 'title': 'id nihil consequatur molestias animi provident', 'body': 'nisi error delectus possimus ut eligendi vitae\nplaceat eos harum cupiditate facilis reprehenderit voluptatem beatae\nmodi ducimus quo illum voluptas eligendi\net nobis quia fugit'}, {'userId': 4, 'id': 36, 'title': 'fuga nam accusamus voluptas reiciendis itaque', 'body': 'ad mollitia et omnis minus architecto odit\nvoluptas doloremque maxime aut non ipsa qui alias veniam\nblanditiis culpa aut quia nihil cumque facere et occaecati\nqui aspernatur quia eaque ut aperiam inventore'}, {'userId': 4, 'id': 37, 'title': 'provident vel ut sit ratione est', 'body': 'debitis et eaque non officia sed nesciunt pariatur vel\nvoluptatem iste vero et ea\nnumquam aut expedita ipsum nulla in\nvoluptates omnis consequatur aut enim officiis in quam qui'}, {'userId': 4, 'id': 38, 'title': 'explicabo et eos deleniti nostrum ab id repellendus', 'body': 'animi esse sit aut sit nesciunt assumenda eum voluptas\nquia voluptatibus provident quia necessitatibus ea\nrerum repudiandae quia voluptatem delectus fugit aut id quia\nratione optio eos iusto veniam iure'}, {'userId': 4, 'id': 39, 'title': 'eos dolorem iste accusantium est eaque quam', 'body': 'corporis rerum ducimus vel eum accusantium\nmaxime aspernatur a porro possimus iste omnis\nest in deleniti asperiores fuga aut\nvoluptas sapiente vel dolore minus voluptatem incidunt ex'}, {'userId': 4, 'id': 40, 'title': 'enim quo cumque', 'body': 'ut voluptatum aliquid illo tenetur nemo sequi quo facilis\nipsum rem optio mollitia quas\nvoluptatem eum voluptas qui\nunde omnis voluptatem iure quasi maxime voluptas nam'}, {'userId': 5, 'id': 41, 'title': 'non est facere', 'body': 'molestias id nostrum\nexcepturi molestiae dolore omnis repellendus quaerat saepe\nconsectetur iste quaerat tenetur asperiores accusamus ex ut\nnam quidem est ducimus sunt debitis saepe'}, {'userId': 5, 'id': 42, 'title': 'commodi ullam sint et excepturi error explicabo praesentium voluptas', 'body': 'odio fugit voluptatum ducimus earum autem est incidunt voluptatem\nodit reiciendis aliquam sunt sequi nulla dolorem\nnon facere repellendus voluptates quia\nratione harum vitae ut'}, {'userId': 5, 'id': 43, 'title': 'eligendi iste nostrum consequuntur adipisci praesentium sit beatae perferendis', 'body': 'similique fugit est\nillum et dolorum harum et voluptate eaque quidem\nexercitationem quos nam commodi possimus cum odio nihil nulla\ndolorum exercitationem magnam ex et a et distinctio debitis'}, {'userId': 5, 'id': 44, 'title': 'optio dolor molestias sit', 'body': 'temporibus est consectetur dolore\net libero debitis vel velit laboriosam quia\nipsum quibusdam qui itaque fuga rem aut\nea et iure quam sed maxime ut distinctio quae'}, {'userId': 5, 'id': 45, 'title': 'ut numquam possimus omnis eius suscipit laudantium iure', 'body': 'est natus reiciendis nihil possimus aut provident\nex et dolor\nrepellat pariatur est\nnobis rerum repellendus dolorem autem'}, {'userId': 5, 'id': 46, 'title': 'aut quo modi neque nostrum ducimus', 'body': 'voluptatem quisquam iste\nvoluptatibus natus officiis facilis dolorem\nquis quas ipsam\nvel et voluptatum in aliquid'}, {'userId': 5, 'id': 47, 'title': 'quibusdam cumque rem aut deserunt', 'body': 'voluptatem assumenda ut qui ut cupiditate aut impedit veniam\noccaecati nemo illum voluptatem laudantium\nmolestiae beatae rerum ea iure soluta nostrum\neligendi et voluptate'}, {'userId': 5, 'id': 48, 'title': 'ut voluptatem illum ea doloribus itaque eos', 'body': 'voluptates quo voluptatem facilis iure occaecati\nvel assumenda rerum officia et\nillum perspiciatis ab deleniti\nlaudantium repellat ad ut et autem reprehenderit'}, {'userId': 5, 'id': 49, 'title': 'laborum non sunt aut ut assumenda perspiciatis voluptas', 'body': 'inventore ab sint\nnatus fugit id nulla sequi architecto nihil quaerat\neos tenetur in in eum veritatis non\nquibusdam officiis aspernatur cumque aut commodi aut'}, {'userId': 5, 'id': 50, 'title': 'repellendus qui recusandae incidunt voluptates tenetur qui omnis exercitationem', 'body': 'error suscipit maxime adipisci consequuntur recusandae\nvoluptas eligendi et est et voluptates\nquia distinctio ab amet quaerat molestiae et vitae\nadipisci impedit sequi nesciunt quis consectetur'}, {'userId': 6, 'id': 51, 'title': 'soluta aliquam aperiam consequatur illo quis voluptas', 'body': 'sunt dolores aut doloribus\ndolore doloribus voluptates tempora et\ndoloremque et quo\ncum asperiores sit consectetur dolorem'}, {'userId': 6, 'id': 52, 'title': 'qui enim et consequuntur quia animi quis voluptate quibusdam', 'body': 'iusto est quibusdam fuga quas quaerat molestias\na enim ut sit accusamus enim\ntemporibus iusto accusantium provident architecto\nsoluta esse reprehenderit qui laborum'}, {'userId': 6, 'id': 53, 'title': 'ut quo aut ducimus alias', 'body': 'minima harum praesentium eum rerum illo dolore\nquasi exercitationem rerum nam\nporro quis neque quo\nconsequatur minus dolor quidem veritatis sunt non explicabo similique'}, {'userId': 6, 'id': 54, 'title': 'sit asperiores ipsam eveniet odio non quia', 'body': 'totam corporis dignissimos\nvitae dolorem ut occaecati accusamus\nex velit deserunt\net exercitationem vero incidunt corrupti mollitia'}, {'userId': 6, 'id': 55, 'title': 'sit vel voluptatem et non libero', 'body': 'debitis excepturi ea perferendis harum libero optio\neos accusamus cum fuga ut sapiente repudiandae\net ut incidunt omnis molestiae\nnihil ut eum odit'}, {'userId': 6, 'id': 56, 'title': 'qui et at rerum necessitatibus', 'body': 'aut est omnis dolores\nneque rerum quod ea rerum velit pariatur beatae excepturi\net provident voluptas corrupti\ncorporis harum reprehenderit dolores eligendi'}, {'userId': 6, 'id': 57, 'title': 'sed ab est est', 'body': 'at pariatur consequuntur earum quidem\nquo est laudantium soluta voluptatem\nqui ullam et est\net cum voluptas voluptatum repellat est'}, {'userId': 6, 'id': 58, 'title': 'voluptatum itaque dolores nisi et quasi', 'body': 'veniam voluptatum quae adipisci id\net id quia eos ad et dolorem\naliquam quo nisi sunt eos impedit error\nad similique veniam'}, {'userId': 6, 'id': 59, 'title': 'qui commodi dolor at maiores et quis id accusantium', 'body': 'perspiciatis et quam ea autem temporibus non voluptatibus qui\nbeatae a earum officia nesciunt dolores suscipit voluptas et\nanimi doloribus cum rerum quas et magni\net hic ut ut commodi expedita sunt'}, {'userId': 6, 'id': 60, 'title': 'consequatur placeat omnis quisquam quia reprehenderit fugit veritatis facere', 'body': 'asperiores sunt ab assumenda cumque modi velit\nqui esse omnis\nvoluptate et fuga perferendis voluptas\nillo ratione amet aut et omnis'}, {'userId': 7, 'id': 61, 'title': 'voluptatem doloribus consectetur est ut ducimus', 'body': 'ab nemo optio odio\ndelectus tenetur corporis similique nobis repellendus rerum omnis facilis\nvero blanditiis debitis in nesciunt doloribus dicta dolores\nmagnam minus velit'}, {'userId': 7, 'id': 62, 'title': 'beatae enim quia vel', 'body': 'enim aspernatur illo distinctio quae praesentium\nbeatae alias amet delectus qui voluptate distinctio\nodit sint accusantium autem omnis\nquo molestiae omnis ea eveniet optio'}, {'userId': 7, 'id': 63, 'title': 'voluptas blanditiis repellendus animi ducimus error sapiente et suscipit', 'body': 'enim adipisci aspernatur nemo\nnumquam omnis facere dolorem dolor ex quis temporibus incidunt\nab delectus culpa quo reprehenderit blanditiis asperiores\naccusantium ut quam in voluptatibus voluptas ipsam dicta'}, {'userId': 7, 'id': 64, 'title': 'et fugit quas eum in in aperiam quod', 'body': 'id velit blanditiis\neum ea voluptatem\nmolestiae sint occaecati est eos perspiciatis\nincidunt a error provident eaque aut aut qui'}, {'userId': 7, 'id': 65, 'title': 'consequatur id enim sunt et et', 'body': 'voluptatibus ex esse\nsint explicabo est aliquid cumque adipisci fuga repellat labore\nmolestiae corrupti ex saepe at asperiores et perferendis\nnatus id esse incidunt pariatur'}, {'userId': 7, 'id': 66, 'title': 'repudiandae ea animi iusto', 'body': 'officia veritatis tenetur vero qui itaque\nsint non ratione\nsed et ut asperiores iusto eos molestiae nostrum\nveritatis quibusdam et nemo iusto saepe'}, {'userId': 7, 'id': 67, 'title': 'aliquid eos sed fuga est maxime repellendus', 'body': 'reprehenderit id nostrum\nvoluptas doloremque pariatur sint et accusantium quia quod aspernatur\net fugiat amet\nnon sapiente et consequatur necessitatibus molestiae'}, {'userId': 7, 'id': 68, 'title': 'odio quis facere architecto reiciendis optio', 'body': 'magnam molestiae perferendis quisquam\nqui cum reiciendis\nquaerat animi amet hic inventore\nea quia deleniti quidem saepe porro velit'}, {'userId': 7, 'id': 69, 'title': 'fugiat quod pariatur odit minima', 'body': 'officiis error culpa consequatur modi asperiores et\ndolorum assumenda voluptas et vel qui aut vel rerum\nvoluptatum quisquam perspiciatis quia rerum consequatur totam quas\nsequi commodi repudiandae asperiores et saepe a'}, {'userId': 7, 'id': 70, 'title': 'voluptatem laborum magni', 'body': 'sunt repellendus quae\nest asperiores aut deleniti esse accusamus repellendus quia aut\nquia dolorem unde\neum tempora esse dolore'}, {'userId': 8, 'id': 71, 'title': 'et iusto veniam et illum aut fuga', 'body': 'occaecati a doloribus\niste saepe consectetur placeat eum voluptate dolorem et\nqui quo quia voluptas\nrerum ut id enim velit est perferendis'}, {'userId': 8, 'id': 72, 'title': 'sint hic doloribus consequatur eos non id', 'body': 'quam occaecati qui deleniti consectetur\nconsequatur aut facere quas exercitationem aliquam hic voluptas\nneque id sunt ut aut accusamus\nsunt consectetur expedita inventore velit'}, {'userId': 8, 'id': 73, 'title': 'consequuntur deleniti eos quia temporibus ab aliquid at', 'body': 'voluptatem cumque tenetur consequatur expedita ipsum nemo quia explicabo\naut eum minima consequatur\ntempore cumque quae est et\net in consequuntur voluptatem voluptates aut'}, {'userId': 8, 'id': 74, 'title': 'enim unde ratione doloribus quas enim ut sit sapiente', 'body': 'odit qui et et necessitatibus sint veniam\nmollitia amet doloremque molestiae commodi similique magnam et quam\nblanditiis est itaque\nquo et tenetur ratione occaecati molestiae tempora'}, {'userId': 8, 'id': 75, 'title': 'dignissimos eum dolor ut enim et delectus in', 'body': 'commodi non non omnis et voluptas sit\nautem aut nobis magnam et sapiente voluptatem\net laborum repellat qui delectus facilis temporibus\nrerum amet et nemo voluptate expedita adipisci error dolorem'}, {'userId': 8, 'id': 76, 'title': 'doloremque officiis ad et non perferendis', 'body': 'ut animi facere\ntotam iusto tempore\nmolestiae eum aut et dolorem aperiam\nquaerat recusandae totam odio'}, {'userId': 8, 'id': 77, 'title': 'necessitatibus quasi exercitationem odio', 'body': 'modi ut in nulla repudiandae dolorum nostrum eos\naut consequatur omnis\nut incidunt est omnis iste et quam\nvoluptates sapiente aliquam asperiores nobis amet corrupti repudiandae provident'}, {'userId': 8, 'id': 78, 'title': 'quam voluptatibus rerum veritatis', 'body': 'nobis facilis odit tempore cupiditate quia\nassumenda doloribus rerum qui ea\nillum et qui totam\naut veniam repellendus'}, {'userId': 8, 'id': 79, 'title': 'pariatur consequatur quia magnam autem omnis non amet', 'body': 'libero accusantium et et facere incidunt sit dolorem\nnon excepturi qui quia sed laudantium\nquisquam molestiae ducimus est\nofficiis esse molestiae iste et quos'}, {'userId': 8, 'id': 80, 'title': 'labore in ex et explicabo corporis aut quas', 'body': 'ex quod dolorem ea eum iure qui provident amet\nquia qui facere excepturi et repudiandae\nasperiores molestias provident\nminus incidunt vero fugit rerum sint sunt excepturi provident'}, {'userId': 9, 'id': 81, 'title': 'tempora rem veritatis voluptas quo dolores vero', 'body': 'facere qui nesciunt est voluptatum voluptatem nisi\nsequi eligendi necessitatibus ea at rerum itaque\nharum non ratione velit laboriosam quis consequuntur\nex officiis minima doloremque voluptas ut aut'}, {'userId': 9, 'id': 82, 'title': 'laudantium voluptate suscipit sunt enim enim', 'body': 'ut libero sit aut totam inventore sunt\nporro sint qui sunt molestiae\nconsequatur cupiditate qui iste ducimus adipisci\ndolor enim assumenda soluta laboriosam amet iste delectus hic'}, {'userId': 9, 'id': 83, 'title': 'odit et voluptates doloribus alias odio et', 'body': 'est molestiae facilis quis tempora numquam nihil qui\nvoluptate sapiente consequatur est qui\nnecessitatibus autem aut ipsa aperiam modi dolore numquam\nreprehenderit eius rem quibusdam'}, {'userId': 9, 'id': 84, 'title': 'optio ipsam molestias necessitatibus occaecati facilis veritatis dolores aut', 'body': 'sint molestiae magni a et quos\neaque et quasi\nut rerum debitis similique veniam\nrecusandae dignissimos dolor incidunt consequatur odio'}, {'userId': 9, 'id': 85, 'title': 'dolore veritatis porro provident adipisci blanditiis et sunt', 'body': 'similique sed nisi voluptas iusto omnis\nmollitia et quo\nassumenda suscipit officia magnam sint sed tempora\nenim provident pariatur praesentium atque animi amet ratione'}, {'userId': 9, 'id': 86, 'title': 'placeat quia et porro iste', 'body': 'quasi excepturi consequatur iste autem temporibus sed molestiae beatae\net quaerat et esse ut\nvoluptatem occaecati et vel explicabo autem\nasperiores pariatur deserunt optio'}, {'userId': 9, 'id': 87, 'title': 'nostrum quis quasi placeat', 'body': 'eos et molestiae\nnesciunt ut a\ndolores perspiciatis repellendus repellat aliquid\nmagnam sint rem ipsum est'}, {'userId': 9, 'id': 88, 'title': 'sapiente omnis fugit eos', 'body': 'consequatur omnis est praesentium\nducimus non iste\nneque hic deserunt\nvoluptatibus veniam cum et rerum sed'}, {'userId': 9, 'id': 89, 'title': 'sint soluta et vel magnam aut ut sed qui', 'body': 'repellat aut aperiam totam temporibus autem et\narchitecto magnam ut\nconsequatur qui cupiditate rerum quia soluta dignissimos nihil iure\ntempore quas est'}, {'userId': 9, 'id': 90, 'title': 'ad iusto omnis odit dolor voluptatibus', 'body': 'minus omnis soluta quia\nqui sed adipisci voluptates illum ipsam voluptatem\neligendi officia ut in\neos soluta similique molestias praesentium blanditiis'}, {'userId': 10, 'id': 91, 'title': 'aut amet sed', 'body': 'libero voluptate eveniet aperiam sed\nsunt placeat suscipit molestias\nsimilique fugit nam natus\nexpedita consequatur consequatur dolores quia eos et placeat'}, {'userId': 10, 'id': 92, 'title': 'ratione ex tenetur perferendis', 'body': 'aut et excepturi dicta laudantium sint rerum nihil\nlaudantium et at\na neque minima officia et similique libero et\ncommodi voluptate qui'}, {'userId': 10, 'id': 93, 'title': 'beatae soluta recusandae', 'body': 'dolorem quibusdam ducimus consequuntur dicta aut quo laboriosam\nvoluptatem quis enim recusandae ut sed sunt\nnostrum est odit totam\nsit error sed sunt eveniet provident qui nulla'}, {'userId': 10, 'id': 94, 'title': 'qui qui voluptates illo iste minima', 'body': 'aspernatur expedita soluta quo ab ut similique\nexpedita dolores amet\nsed temporibus distinctio magnam saepe deleniti\nomnis facilis nam ipsum natus sint similique omnis'}, {'userId': 10, 'id': 95, 'title': 'id minus libero illum nam ad officiis', 'body': 'earum voluptatem facere provident blanditiis velit laboriosam\npariatur accusamus odio saepe\ncumque dolor qui a dicta ab doloribus consequatur omnis\ncorporis cupiditate eaque assumenda ad nesciunt'}, {'userId': 10, 'id': 96, 'title': 'quaerat velit veniam amet cupiditate aut numquam ut sequi', 'body': 'in non odio excepturi sint eum\nlabore voluptates vitae quia qui et\ninventore itaque rerum\nveniam non exercitationem delectus aut'}, {'userId': 10, 'id': 97, 'title': 'quas fugiat ut perspiciatis vero provident', 'body': 'eum non blanditiis soluta porro quibusdam voluptas\nvel voluptatem qui placeat dolores qui velit aut\nvel inventore aut cumque culpa explicabo aliquid at\nperspiciatis est et voluptatem dignissimos dolor itaque sit nam'}, {'userId': 10, 'id': 98, 'title': 'laboriosam dolor voluptates', 'body': 'doloremque ex facilis sit sint culpa\nsoluta assumenda eligendi non ut eius\nsequi ducimus vel quasi\nveritatis est dolores'}, {'userId': 10, 'id': 99, 'title': 'temporibus sit alias delectus eligendi possimus magni', 'body': 'quo deleniti praesentium dicta non quod\naut est molestias\nmolestias et officia quis nihil\nitaque dolorem quia'}, {'userId': 10, 'id': 100, 'title': 'at nam consequatur ea labore ea harum', 'body': 'cupiditate quo est a modi nesciunt soluta\nipsa voluptas error itaque dicta in\nautem qui minus magnam et distinctio eum\naccusamus ratione error aut'}] - [{'id': 1, 'name': 'Leanne Graham', 'username': 'Bret', 'email': 'Sincere@april.biz', 'address': {'street': 'Kulas Light', 'suite': 'Apt. 556', 'city': 'Gwenborough', 'zipcode': '92998-3874', 'geo': {'lat': '-37.3159', 'lng': '81.1496'}}, 'phone': '1-770-736-8031 x56442', 'website': 'hildegard.org', 'company': {'name': 'Romaguera-Crona', 'catchPhrase': 'Multi-layered client-server neural-net', 'bs': 'harness real-time e-markets'}}, {'id': 2, 'name': 'Ervin Howell', 'username': 'Antonette', 'email': 'Shanna@melissa.tv', 'address': {'street': 'Victor Plains', 'suite': 'Suite 879', 'city': 'Wisokyburgh', 'zipcode': '90566-7771', 'geo': {'lat': '-43.9509', 'lng': '-34.4618'}}, 'phone': '010-692-6593 x09125', 'website': 'anastasia.net', 'company': {'name': 'Deckow-Crist', 'catchPhrase': 'Proactive didactic contingency', 'bs': 'synergize scalable supply-chains'}}, {'id': 3, 'name': 'Clementine Bauch', 'username': 'Samantha', 'email': 'Nathan@yesenia.net', 'address': {'street': 'Douglas Extension', 'suite': 'Suite 847', 'city': 'McKenziehaven', 'zipcode': '59590-4157', 'geo': {'lat': '-68.6102', 'lng': '-47.0653'}}, 'phone': '1-463-123-4447', 'website': 'ramiro.info', 'company': {'name': 'Romaguera-Jacobson', 'catchPhrase': 'Face to face bifurcated interface', 'bs': 'e-enable strategic applications'}}, {'id': 4, 'name': 'Patricia Lebsack', 'username': 'Karianne', 'email': 'Julianne.OConner@kory.org', 'address': {'street': 'Hoeger Mall', 'suite': 'Apt. 692', 'city': 'South Elvis', 'zipcode': '53919-4257', 'geo': {'lat': '29.4572', 'lng': '-164.2990'}}, 'phone': '493-170-9623 x156', 'website': 'kale.biz', 'company': {'name': 'Robel-Corkery', 'catchPhrase': 'Multi-tiered zero tolerance productivity', 'bs': 'transition cutting-edge web services'}}, {'id': 5, 'name': 'Chelsey Dietrich', 'username': 'Kamren', 'email': 'Lucio_Hettinger@annie.ca', 'address': {'street': 'Skiles Walks', 'suite': 'Suite 351', 'city': 'Roscoeview', 'zipcode': '33263', 'geo': {'lat': '-31.8129', 'lng': '62.5342'}}, 'phone': '(254)954-1289', 'website': 'demarco.info', 'company': {'name': 'Keebler LLC', 'catchPhrase': 'User-centric fault-tolerant solution', 'bs': 'revolutionize end-to-end systems'}}, {'id': 6, 'name': 'Mrs. Dennis Schulist', 'username': 'Leopoldo_Corkery', 'email': 'Karley_Dach@jasper.info', 'address': {'street': 'Norberto Crossing', 'suite': 'Apt. 950', 'city': 'South Christy', 'zipcode': '23505-1337', 'geo': {'lat': '-71.4197', 'lng': '71.7478'}}, 'phone': '1-477-935-8478 x6430', 'website': 'ola.org', 'company': {'name': 'Considine-Lockman', 'catchPhrase': 'Synchronised bottom-line interface', 'bs': 'e-enable innovative applications'}}, {'id': 7, 'name': 'Kurtis Weissnat', 'username': 'Elwyn.Skiles', 'email': 'Telly.Hoeger@billy.biz', 'address': {'street': 'Rex Trail', 'suite': 'Suite 280', 'city': 'Howemouth', 'zipcode': '58804-1099', 'geo': {'lat': '24.8918', 'lng': '21.8984'}}, 'phone': '210.067.6132', 'website': 'elvis.io', 'company': {'name': 'Johns Group', 'catchPhrase': 'Configurable multimedia task-force', 'bs': 'generate enterprise e-tailers'}}, {'id': 8, 'name': 'Nicholas Runolfsdottir V', 'username': 'Maxime_Nienow', 'email': 'Sherwood@rosamond.me', 'address': {'street': 'Ellsworth Summit', 'suite': 'Suite 729', 'city': 'Aliyaview', 'zipcode': '45169', 'geo': {'lat': '-14.3990', 'lng': '-120.7677'}}, 'phone': '586.493.6943 x140', 'website': 'jacynthe.com', 'company': {'name': 'Abernathy Group', 'catchPhrase': 'Implemented secondary concept', 'bs': 'e-enable extensible e-tailers'}}, {'id': 9, 'name': 'Glenna Reichert', 'username': 'Delphine', 'email': 'Chaim_McDermott@dana.io', 'address': {'street': 'Dayna Park', 'suite': 'Suite 449', 'city': 'Bartholomebury', 'zipcode': '76495-3109', 'geo': {'lat': '24.6463', 'lng': '-168.8889'}}, 'phone': '(775)976-6794 x41206', 'website': 'conrad.com', 'company': {'name': 'Yost and Sons', 'catchPhrase': 'Switchable contextually-based project', 'bs': 'aggregate real-time technologies'}}, {'id': 10, 'name': 'Clementina DuBuque', 'username': 'Moriah.Stanton', 'email': 'Rey.Padberg@karina.biz', 'address': {'street': 'Kattie Turnpike', 'suite': 'Suite 198', 'city': 'Lebsackbury', 'zipcode': '31428-2261', 'geo': {'lat': '-38.2386', 'lng': '57.2232'}}, 'phone': '024-648-3804', 'website': 'ambrose.net', 'company': {'name': 'Hoeger LLC', 'catchPhrase': 'Centralized empowering task-force', 'bs': 'target end-to-end models'}}]
2026-06-10 01:47:06,391 - INFO - Program finished
2026-06-10 01:47:48,713 - DEBUG - Using proactor: IocpProactor
2026-06-10 01:47:48,716 - INFO - Program started
2026-06-10 01:47:50,427 - DEBUG - HTTP client created
2026-06-10 01:47:50,444 - DEBUG - connect_tcp.started host='127.0.0.1' port=50422 local_address=None timeout=5.0 socket_options=None
2026-06-10 01:47:50,447 - DEBUG - connect_tcp.complete return_value=<httpcore._backends.anyio.AnyIOStream object at 0x00000191B6109E80>
2026-06-10 01:47:50,449 - DEBUG - send_request_headers.started request=<Request [b'CONNECT']>
2026-06-10 01:47:50,449 - DEBUG - send_request_headers.complete
2026-06-10 01:47:50,450 - DEBUG - send_request_body.started request=<Request [b'CONNECT']>
2026-06-10 01:47:50,450 - DEBUG - send_request_body.complete
2026-06-10 01:47:50,450 - DEBUG - receive_response_headers.started request=<Request [b'CONNECT']>
2026-06-10 01:47:50,477 - DEBUG - receive_response_headers.complete return_value=(b'HTTP/1.1', 200, b'OK', [])
2026-06-10 01:47:50,477 - DEBUG - start_tls.started ssl_context=<ssl.SSLContext object at 0x00000191B5EABAD0> server_hostname='jsonplaceholder.typicode.com' timeout=5.0
2026-06-10 01:47:50,518 - DEBUG - start_tls.complete return_value=<httpcore._backends.anyio.AnyIOStream object at 0x00000191B60CB750>
2026-06-10 01:47:50,520 - DEBUG - send_request_headers.started request=<Request [b'GET']>
2026-06-10 01:47:50,521 - DEBUG - send_request_headers.complete
2026-06-10 01:47:50,521 - DEBUG - send_request_body.started request=<Request [b'GET']>
2026-06-10 01:47:50,521 - DEBUG - send_request_body.complete
2026-06-10 01:47:50,521 - DEBUG - receive_response_headers.started request=<Request [b'GET']>
2026-06-10 01:47:50,637 - DEBUG - receive_response_headers.complete return_value=(b'HTTP/1.1', 200, b'OK', [(b'Date', b'Tue, 09 Jun 2026 21:47:53 GMT'), (b'Content-Type', b'application/json; charset=utf-8'), (b'Transfer-Encoding', b'chunked'), (b'Connection', b'keep-alive'), (b'Access-Control-Allow-Credentials', b'true'), (b'Cache-Control', b'max-age=43200'), (b'Content-Encoding', b'gzip'), (b'Etag', b'W/"6b80-Ybsq/K6GwwqrYkAsFxqDXGC7DoM"'), (b'Expires', b'-1'), (b'Nel', b'{"report_to":"heroku-nel","response_headers":["Via"],"max_age":3600,"success_fraction":0.01,"failure_fraction":0.1}'), (b'Pragma', b'no-cache'), (b'Report-To', b'{"group":"heroku-nel","endpoints":[{"url":"https://nel.heroku.com/reports?s=%2BkY5bRCRB2vnnoThORuukqcFYPEKuF86%2BVOjhMRT11Y%3D\\u0026sid=e11707d5-02a7-43ef-b45e-2cf4d2036f7d\\u0026ts=1780678126"}],"max_age":3600}'), (b'Reporting-Endpoints', b'heroku-nel="https://nel.heroku.com/reports?s=%2BkY5bRCRB2vnnoThORuukqcFYPEKuF86%2BVOjhMRT11Y%3D&sid=e11707d5-02a7-43ef-b45e-2cf4d2036f7d&ts=1780678126"'), (b'Server', b'cloudflare'), (b'Vary', b'Origin, Accept-Encoding'), (b'Via', b'2.0 heroku-router'), (b'X-Content-Type-Options', b'nosniff'), (b'X-Powered-By', b'Express'), (b'X-Ratelimit-Limit', b'1000'), (b'X-Ratelimit-Remaining', b'999'), (b'X-Ratelimit-Reset', b'1780678135'), (b'Age', b'21613'), (b'Cf-Cache-Status', b'HIT'), (b'CF-RAY', b'a093565a88de90e3-TBS'), (b'alt-svc', b'h3=":443"; ma=86400')])
2026-06-10 01:47:50,638 - INFO - HTTP Request: GET https://jsonplaceholder.typicode.com/posts "HTTP/1.1 200 OK"
2026-06-10 01:47:50,638 - DEBUG - receive_response_body.started request=<Request [b'GET']>
2026-06-10 01:47:50,657 - DEBUG - receive_response_body.complete
2026-06-10 01:47:50,659 - DEBUG - response_closed.started
2026-06-10 01:47:50,659 - DEBUG - response_closed.complete
2026-06-10 01:47:50,661 - INFO - Request sent to https://jsonplaceholder.typicode.com/posts
2026-06-10 01:47:50,661 - INFO - Response status: 200 OK
2026-06-10 01:47:50,661 - DEBUG - Todos received: 100 items
2026-06-10 01:47:50,662 - INFO - Posts found: [{'userId': 1, 'id': 1, 'title': 'sunt aut facere repellat provident occaecati excepturi optio reprehenderit', 'body': 'quia et suscipit\nsuscipit recusandae consequuntur expedita et cum\nreprehenderit molestiae ut ut quas totam\nnostrum rerum est autem sunt rem eveniet architecto'}, {'userId': 1, 'id': 2, 'title': 'qui est esse', 'body': 'est rerum tempore vitae\nsequi sint nihil reprehenderit dolor beatae ea dolores neque\nfugiat blanditiis voluptate porro vel nihil molestiae ut reiciendis\nqui aperiam non debitis possimus qui neque nisi nulla'}, {'userId': 1, 'id': 3, 'title': 'ea molestias quasi exercitationem repellat qui ipsa sit aut', 'body': 'et iusto sed quo iure\nvoluptatem occaecati omnis eligendi aut ad\nvoluptatem doloribus vel accusantium quis pariatur\nmolestiae porro eius odio et labore et velit aut'}, {'userId': 1, 'id': 4, 'title': 'eum et est occaecati', 'body': 'ullam et saepe reiciendis voluptatem adipisci\nsit amet autem assumenda provident rerum culpa\nquis hic commodi nesciunt rem tenetur doloremque ipsam iure\nquis sunt voluptatem rerum illo velit'}, {'userId': 1, 'id': 5, 'title': 'nesciunt quas odio', 'body': 'repudiandae veniam quaerat sunt sed\nalias aut fugiat sit autem sed est\nvoluptatem omnis possimus esse voluptatibus quis\nest aut tenetur dolor neque'}, {'userId': 1, 'id': 6, 'title': 'dolorem eum magni eos aperiam quia', 'body': 'ut aspernatur corporis harum nihil quis provident sequi\nmollitia nobis aliquid molestiae\nperspiciatis et ea nemo ab reprehenderit accusantium quas\nvoluptate dolores velit et doloremque molestiae'}, {'userId': 1, 'id': 7, 'title': 'magnam facilis autem', 'body': 'dolore placeat quibusdam ea quo vitae\nmagni quis enim qui quis quo nemo aut saepe\nquidem repellat excepturi ut quia\nsunt ut sequi eos ea sed quas'}, {'userId': 1, 'id': 8, 'title': 'dolorem dolore est ipsam', 'body': 'dignissimos aperiam dolorem qui eum\nfacilis quibusdam animi sint suscipit qui sint possimus cum\nquaerat magni maiores excepturi\nipsam ut commodi dolor voluptatum modi aut vitae'}, {'userId': 1, 'id': 9, 'title': 'nesciunt iure omnis dolorem tempora et accusantium', 'body': 'consectetur animi nesciunt iure dolore\nenim quia ad\nveniam autem ut quam aut nobis\net est aut quod aut provident voluptas autem voluptas'}, {'userId': 1, 'id': 10, 'title': 'optio molestias id quia eum', 'body': 'quo et expedita modi cum officia vel magni\ndoloribus qui repudiandae\nvero nisi sit\nquos veniam quod sed accusamus veritatis error'}, {'userId': 2, 'id': 11, 'title': 'et ea vero quia laudantium autem', 'body': 'delectus reiciendis molestiae occaecati non minima eveniet qui voluptatibus\naccusamus in eum beatae sit\nvel qui neque voluptates ut commodi qui incidunt\nut animi commodi'}, {'userId': 2, 'id': 12, 'title': 'in quibusdam tempore odit est dolorem', 'body': 'itaque id aut magnam\npraesentium quia et ea odit et ea voluptas et\nsapiente quia nihil amet occaecati quia id voluptatem\nincidunt ea est distinctio odio'}, {'userId': 2, 'id': 13, 'title': 'dolorum ut in voluptas mollitia et saepe quo animi', 'body': 'aut dicta possimus sint mollitia voluptas commodi quo doloremque\niste corrupti reiciendis voluptatem eius rerum\nsit cumque quod eligendi laborum minima\nperferendis recusandae assumenda consectetur porro architecto ipsum ipsam'}, {'userId': 2, 'id': 14, 'title': 'voluptatem eligendi optio', 'body': 'fuga et accusamus dolorum perferendis illo voluptas\nnon doloremque neque facere\nad qui dolorum molestiae beatae\nsed aut voluptas totam sit illum'}, {'userId': 2, 'id': 15, 'title': 'eveniet quod temporibus', 'body': 'reprehenderit quos placeat\nvelit minima officia dolores impedit repudiandae molestiae nam\nvoluptas recusandae quis delectus\nofficiis harum fugiat vitae'}, {'userId': 2, 'id': 16, 'title': 'sint suscipit perspiciatis velit dolorum rerum ipsa laboriosam odio', 'body': 'suscipit nam nisi quo aperiam aut\nasperiores eos fugit maiores voluptatibus quia\nvoluptatem quis ullam qui in alias quia est\nconsequatur magni mollitia accusamus ea nisi voluptate dicta'}, {'userId': 2, 'id': 17, 'title': 'fugit voluptas sed molestias voluptatem provident', 'body': 'eos voluptas et aut odit natus earum\naspernatur fuga molestiae ullam\ndeserunt ratione qui eos\nqui nihil ratione nemo velit ut aut id quo'}, {'userId': 2, 'id': 18, 'title': 'voluptate et itaque vero tempora molestiae', 'body': 'eveniet quo quis\nlaborum totam consequatur non dolor\nut et est repudiandae\nest voluptatem vel debitis et magnam'}, {'userId': 2, 'id': 19, 'title': 'adipisci placeat illum aut reiciendis qui', 'body': 'illum quis cupiditate provident sit magnam\nea sed aut omnis\nveniam maiores ullam consequatur atque\nadipisci quo iste expedita sit quos voluptas'}, {'userId': 2, 'id': 20, 'title': 'doloribus ad provident suscipit at', 'body': 'qui consequuntur ducimus possimus quisquam amet similique\nsuscipit porro ipsam amet\neos veritatis officiis exercitationem vel fugit aut necessitatibus totam\nomnis rerum consequatur expedita quidem cumque explicabo'}, {'userId': 3, 'id': 21, 'title': 'asperiores ea ipsam voluptatibus modi minima quia sint', 'body': 'repellat aliquid praesentium dolorem quo\nsed totam minus non itaque\nnihil labore molestiae sunt dolor eveniet hic recusandae veniam\ntempora et tenetur expedita sunt'}, {'userId': 3, 'id': 22, 'title': 'dolor sint quo a velit explicabo quia nam', 'body': 'eos qui et ipsum ipsam suscipit aut\nsed omnis non odio\nexpedita earum mollitia molestiae aut atque rem suscipit\nnam impedit esse'}, {'userId': 3, 'id': 23, 'title': 'maxime id vitae nihil numquam', 'body': 'veritatis unde neque eligendi\nquae quod architecto quo neque vitae\nest illo sit tempora doloremque fugit quod\net et vel beatae sequi ullam sed tenetur perspiciatis'}, {'userId': 3, 'id': 24, 'title': 'autem hic labore sunt dolores incidunt', 'body': 'enim et ex nulla\nomnis voluptas quia qui\nvoluptatem consequatur numquam aliquam sunt\ntotam recusandae id dignissimos aut sed asperiores deserunt'}, {'userId': 3, 'id': 25, 'title': 'rem alias distinctio quo quis', 'body': 'ullam consequatur ut\nomnis quis sit vel consequuntur\nipsa eligendi ipsum molestiae et omnis error nostrum\nmolestiae illo tempore quia et distinctio'}, {'userId': 3, 'id': 26, 'title': 'est et quae odit qui non', 'body': 'similique esse doloribus nihil accusamus\nomnis dolorem fuga consequuntur reprehenderit fugit recusandae temporibus\nperspiciatis cum ut laudantium\nomnis aut molestiae vel vero'}, {'userId': 3, 'id': 27, 'title': 'quasi id et eos tenetur aut quo autem', 'body': 'eum sed dolores ipsam sint possimus debitis occaecati\ndebitis qui qui et\nut placeat enim earum aut odit facilis\nconsequatur suscipit necessitatibus rerum sed inventore temporibus consequatur'}, {'userId': 3, 'id': 28, 'title': 'delectus ullam et corporis nulla voluptas sequi', 'body': 'non et quaerat ex quae ad maiores\nmaiores recusandae totam aut blanditiis mollitia quas illo\nut voluptatibus voluptatem\nsimilique nostrum eum'}, {'userId': 3, 'id': 29, 'title': 'iusto eius quod necessitatibus culpa ea', 'body': 'odit magnam ut saepe sed non qui\ntempora atque nihil\naccusamus illum doloribus illo dolor\neligendi repudiandae odit magni similique sed cum maiores'}, {'userId': 3, 'id': 30, 'title': 'a quo magni similique perferendis', 'body': 'alias dolor cumque\nimpedit blanditiis non eveniet odio maxime\nblanditiis amet eius quis tempora quia autem rem\na provident perspiciatis quia'}, {'userId': 4, 'id': 31, 'title': 'ullam ut quidem id aut vel consequuntur', 'body': 'debitis eius sed quibusdam non quis consectetur vitae\nimpedit ut qui consequatur sed aut in\nquidem sit nostrum et maiores adipisci atque\nquaerat voluptatem adipisci repudiandae'}, {'userId': 4, 'id': 32, 'title': 'doloremque illum aliquid sunt', 'body': 'deserunt eos nobis asperiores et hic\nest debitis repellat molestiae optio\nnihil ratione ut eos beatae quibusdam distinctio maiores\nearum voluptates et aut adipisci ea maiores voluptas maxime'}, {'userId': 4, 'id': 33, 'title': 'qui explicabo molestiae dolorem', 'body': 'rerum ut et numquam laborum odit est sit\nid qui sint in\nquasi tenetur tempore aperiam et quaerat qui in\nrerum officiis sequi cumque quod'}, {'userId': 4, 'id': 34, 'title': 'magnam ut rerum iure', 'body': 'ea velit perferendis earum ut voluptatem voluptate itaque iusto\ntotam pariatur in\nnemo voluptatem voluptatem autem magni tempora minima in\nest distinctio qui assumenda accusamus dignissimos officia nesciunt nobis'}, {'userId': 4, 'id': 35, 'title': 'id nihil consequatur molestias animi provident', 'body': 'nisi error delectus possimus ut eligendi vitae\nplaceat eos harum cupiditate facilis reprehenderit voluptatem beatae\nmodi ducimus quo illum voluptas eligendi\net nobis quia fugit'}, {'userId': 4, 'id': 36, 'title': 'fuga nam accusamus voluptas reiciendis itaque', 'body': 'ad mollitia et omnis minus architecto odit\nvoluptas doloremque maxime aut non ipsa qui alias veniam\nblanditiis culpa aut quia nihil cumque facere et occaecati\nqui aspernatur quia eaque ut aperiam inventore'}, {'userId': 4, 'id': 37, 'title': 'provident vel ut sit ratione est', 'body': 'debitis et eaque non officia sed nesciunt pariatur vel\nvoluptatem iste vero et ea\nnumquam aut expedita ipsum nulla in\nvoluptates omnis consequatur aut enim officiis in quam qui'}, {'userId': 4, 'id': 38, 'title': 'explicabo et eos deleniti nostrum ab id repellendus', 'body': 'animi esse sit aut sit nesciunt assumenda eum voluptas\nquia voluptatibus provident quia necessitatibus ea\nrerum repudiandae quia voluptatem delectus fugit aut id quia\nratione optio eos iusto veniam iure'}, {'userId': 4, 'id': 39, 'title': 'eos dolorem iste accusantium est eaque quam', 'body': 'corporis rerum ducimus vel eum accusantium\nmaxime aspernatur a porro possimus iste omnis\nest in deleniti asperiores fuga aut\nvoluptas sapiente vel dolore minus voluptatem incidunt ex'}, {'userId': 4, 'id': 40, 'title': 'enim quo cumque', 'body': 'ut voluptatum aliquid illo tenetur nemo sequi quo facilis\nipsum rem optio mollitia quas\nvoluptatem eum voluptas qui\nunde omnis voluptatem iure quasi maxime voluptas nam'}, {'userId': 5, 'id': 41, 'title': 'non est facere', 'body': 'molestias id nostrum\nexcepturi molestiae dolore omnis repellendus quaerat saepe\nconsectetur iste quaerat tenetur asperiores accusamus ex ut\nnam quidem est ducimus sunt debitis saepe'}, {'userId': 5, 'id': 42, 'title': 'commodi ullam sint et excepturi error explicabo praesentium voluptas', 'body': 'odio fugit voluptatum ducimus earum autem est incidunt voluptatem\nodit reiciendis aliquam sunt sequi nulla dolorem\nnon facere repellendus voluptates quia\nratione harum vitae ut'}, {'userId': 5, 'id': 43, 'title': 'eligendi iste nostrum consequuntur adipisci praesentium sit beatae perferendis', 'body': 'similique fugit est\nillum et dolorum harum et voluptate eaque quidem\nexercitationem quos nam commodi possimus cum odio nihil nulla\ndolorum exercitationem magnam ex et a et distinctio debitis'}, {'userId': 5, 'id': 44, 'title': 'optio dolor molestias sit', 'body': 'temporibus est consectetur dolore\net libero debitis vel velit laboriosam quia\nipsum quibusdam qui itaque fuga rem aut\nea et iure quam sed maxime ut distinctio quae'}, {'userId': 5, 'id': 45, 'title': 'ut numquam possimus omnis eius suscipit laudantium iure', 'body': 'est natus reiciendis nihil possimus aut provident\nex et dolor\nrepellat pariatur est\nnobis rerum repellendus dolorem autem'}, {'userId': 5, 'id': 46, 'title': 'aut quo modi neque nostrum ducimus', 'body': 'voluptatem quisquam iste\nvoluptatibus natus officiis facilis dolorem\nquis quas ipsam\nvel et voluptatum in aliquid'}, {'userId': 5, 'id': 47, 'title': 'quibusdam cumque rem aut deserunt', 'body': 'voluptatem assumenda ut qui ut cupiditate aut impedit veniam\noccaecati nemo illum voluptatem laudantium\nmolestiae beatae rerum ea iure soluta nostrum\neligendi et voluptate'}, {'userId': 5, 'id': 48, 'title': 'ut voluptatem illum ea doloribus itaque eos', 'body': 'voluptates quo voluptatem facilis iure occaecati\nvel assumenda rerum officia et\nillum perspiciatis ab deleniti\nlaudantium repellat ad ut et autem reprehenderit'}, {'userId': 5, 'id': 49, 'title': 'laborum non sunt aut ut assumenda perspiciatis voluptas', 'body': 'inventore ab sint\nnatus fugit id nulla sequi architecto nihil quaerat\neos tenetur in in eum veritatis non\nquibusdam officiis aspernatur cumque aut commodi aut'}, {'userId': 5, 'id': 50, 'title': 'repellendus qui recusandae incidunt voluptates tenetur qui omnis exercitationem', 'body': 'error suscipit maxime adipisci consequuntur recusandae\nvoluptas eligendi et est et voluptates\nquia distinctio ab amet quaerat molestiae et vitae\nadipisci impedit sequi nesciunt quis consectetur'}, {'userId': 6, 'id': 51, 'title': 'soluta aliquam aperiam consequatur illo quis voluptas', 'body': 'sunt dolores aut doloribus\ndolore doloribus voluptates tempora et\ndoloremque et quo\ncum asperiores sit consectetur dolorem'}, {'userId': 6, 'id': 52, 'title': 'qui enim et consequuntur quia animi quis voluptate quibusdam', 'body': 'iusto est quibusdam fuga quas quaerat molestias\na enim ut sit accusamus enim\ntemporibus iusto accusantium provident architecto\nsoluta esse reprehenderit qui laborum'}, {'userId': 6, 'id': 53, 'title': 'ut quo aut ducimus alias', 'body': 'minima harum praesentium eum rerum illo dolore\nquasi exercitationem rerum nam\nporro quis neque quo\nconsequatur minus dolor quidem veritatis sunt non explicabo similique'}, {'userId': 6, 'id': 54, 'title': 'sit asperiores ipsam eveniet odio non quia', 'body': 'totam corporis dignissimos\nvitae dolorem ut occaecati accusamus\nex velit deserunt\net exercitationem vero incidunt corrupti mollitia'}, {'userId': 6, 'id': 55, 'title': 'sit vel voluptatem et non libero', 'body': 'debitis excepturi ea perferendis harum libero optio\neos accusamus cum fuga ut sapiente repudiandae\net ut incidunt omnis molestiae\nnihil ut eum odit'}, {'userId': 6, 'id': 56, 'title': 'qui et at rerum necessitatibus', 'body': 'aut est omnis dolores\nneque rerum quod ea rerum velit pariatur beatae excepturi\net provident voluptas corrupti\ncorporis harum reprehenderit dolores eligendi'}, {'userId': 6, 'id': 57, 'title': 'sed ab est est', 'body': 'at pariatur consequuntur earum quidem\nquo est laudantium soluta voluptatem\nqui ullam et est\net cum voluptas voluptatum repellat est'}, {'userId': 6, 'id': 58, 'title': 'voluptatum itaque dolores nisi et quasi', 'body': 'veniam voluptatum quae adipisci id\net id quia eos ad et dolorem\naliquam quo nisi sunt eos impedit error\nad similique veniam'}, {'userId': 6, 'id': 59, 'title': 'qui commodi dolor at maiores et quis id accusantium', 'body': 'perspiciatis et quam ea autem temporibus non voluptatibus qui\nbeatae a earum officia nesciunt dolores suscipit voluptas et\nanimi doloribus cum rerum quas et magni\net hic ut ut commodi expedita sunt'}, {'userId': 6, 'id': 60, 'title': 'consequatur placeat omnis quisquam quia reprehenderit fugit veritatis facere', 'body': 'asperiores sunt ab assumenda cumque modi velit\nqui esse omnis\nvoluptate et fuga perferendis voluptas\nillo ratione amet aut et omnis'}, {'userId': 7, 'id': 61, 'title': 'voluptatem doloribus consectetur est ut ducimus', 'body': 'ab nemo optio odio\ndelectus tenetur corporis similique nobis repellendus rerum omnis facilis\nvero blanditiis debitis in nesciunt doloribus dicta dolores\nmagnam minus velit'}, {'userId': 7, 'id': 62, 'title': 'beatae enim quia vel', 'body': 'enim aspernatur illo distinctio quae praesentium\nbeatae alias amet delectus qui voluptate distinctio\nodit sint accusantium autem omnis\nquo molestiae omnis ea eveniet optio'}, {'userId': 7, 'id': 63, 'title': 'voluptas blanditiis repellendus animi ducimus error sapiente et suscipit', 'body': 'enim adipisci aspernatur nemo\nnumquam omnis facere dolorem dolor ex quis temporibus incidunt\nab delectus culpa quo reprehenderit blanditiis asperiores\naccusantium ut quam in voluptatibus voluptas ipsam dicta'}, {'userId': 7, 'id': 64, 'title': 'et fugit quas eum in in aperiam quod', 'body': 'id velit blanditiis\neum ea voluptatem\nmolestiae sint occaecati est eos perspiciatis\nincidunt a error provident eaque aut aut qui'}, {'userId': 7, 'id': 65, 'title': 'consequatur id enim sunt et et', 'body': 'voluptatibus ex esse\nsint explicabo est aliquid cumque adipisci fuga repellat labore\nmolestiae corrupti ex saepe at asperiores et perferendis\nnatus id esse incidunt pariatur'}, {'userId': 7, 'id': 66, 'title': 'repudiandae ea animi iusto', 'body': 'officia veritatis tenetur vero qui itaque\nsint non ratione\nsed et ut asperiores iusto eos molestiae nostrum\nveritatis quibusdam et nemo iusto saepe'}, {'userId': 7, 'id': 67, 'title': 'aliquid eos sed fuga est maxime repellendus', 'body': 'reprehenderit id nostrum\nvoluptas doloremque pariatur sint et accusantium quia quod aspernatur\net fugiat amet\nnon sapiente et consequatur necessitatibus molestiae'}, {'userId': 7, 'id': 68, 'title': 'odio quis facere architecto reiciendis optio', 'body': 'magnam molestiae perferendis quisquam\nqui cum reiciendis\nquaerat animi amet hic inventore\nea quia deleniti quidem saepe porro velit'}, {'userId': 7, 'id': 69, 'title': 'fugiat quod pariatur odit minima', 'body': 'officiis error culpa consequatur modi asperiores et\ndolorum assumenda voluptas et vel qui aut vel rerum\nvoluptatum quisquam perspiciatis quia rerum consequatur totam quas\nsequi commodi repudiandae asperiores et saepe a'}, {'userId': 7, 'id': 70, 'title': 'voluptatem laborum magni', 'body': 'sunt repellendus quae\nest asperiores aut deleniti esse accusamus repellendus quia aut\nquia dolorem unde\neum tempora esse dolore'}, {'userId': 8, 'id': 71, 'title': 'et iusto veniam et illum aut fuga', 'body': 'occaecati a doloribus\niste saepe consectetur placeat eum voluptate dolorem et\nqui quo quia voluptas\nrerum ut id enim velit est perferendis'}, {'userId': 8, 'id': 72, 'title': 'sint hic doloribus consequatur eos non id', 'body': 'quam occaecati qui deleniti consectetur\nconsequatur aut facere quas exercitationem aliquam hic voluptas\nneque id sunt ut aut accusamus\nsunt consectetur expedita inventore velit'}, {'userId': 8, 'id': 73, 'title': 'consequuntur deleniti eos quia temporibus ab aliquid at', 'body': 'voluptatem cumque tenetur consequatur expedita ipsum nemo quia explicabo\naut eum minima consequatur\ntempore cumque quae est et\net in consequuntur voluptatem voluptates aut'}, {'userId': 8, 'id': 74, 'title': 'enim unde ratione doloribus quas enim ut sit sapiente', 'body': 'odit qui et et necessitatibus sint veniam\nmollitia amet doloremque molestiae commodi similique magnam et quam\nblanditiis est itaque\nquo et tenetur ratione occaecati molestiae tempora'}, {'userId': 8, 'id': 75, 'title': 'dignissimos eum dolor ut enim et delectus in', 'body': 'commodi non non omnis et voluptas sit\nautem aut nobis magnam et sapiente voluptatem\net laborum repellat qui delectus facilis temporibus\nrerum amet et nemo voluptate expedita adipisci error dolorem'}, {'userId': 8, 'id': 76, 'title': 'doloremque officiis ad et non perferendis', 'body': 'ut animi facere\ntotam iusto tempore\nmolestiae eum aut et dolorem aperiam\nquaerat recusandae totam odio'}, {'userId': 8, 'id': 77, 'title': 'necessitatibus quasi exercitationem odio', 'body': 'modi ut in nulla repudiandae dolorum nostrum eos\naut consequatur omnis\nut incidunt est omnis iste et quam\nvoluptates sapiente aliquam asperiores nobis amet corrupti repudiandae provident'}, {'userId': 8, 'id': 78, 'title': 'quam voluptatibus rerum veritatis', 'body': 'nobis facilis odit tempore cupiditate quia\nassumenda doloribus rerum qui ea\nillum et qui totam\naut veniam repellendus'}, {'userId': 8, 'id': 79, 'title': 'pariatur consequatur quia magnam autem omnis non amet', 'body': 'libero accusantium et et facere incidunt sit dolorem\nnon excepturi qui quia sed laudantium\nquisquam molestiae ducimus est\nofficiis esse molestiae iste et quos'}, {'userId': 8, 'id': 80, 'title': 'labore in ex et explicabo corporis aut quas', 'body': 'ex quod dolorem ea eum iure qui provident amet\nquia qui facere excepturi et repudiandae\nasperiores molestias provident\nminus incidunt vero fugit rerum sint sunt excepturi provident'}, {'userId': 9, 'id': 81, 'title': 'tempora rem veritatis voluptas quo dolores vero', 'body': 'facere qui nesciunt est voluptatum voluptatem nisi\nsequi eligendi necessitatibus ea at rerum itaque\nharum non ratione velit laboriosam quis consequuntur\nex officiis minima doloremque voluptas ut aut'}, {'userId': 9, 'id': 82, 'title': 'laudantium voluptate suscipit sunt enim enim', 'body': 'ut libero sit aut totam inventore sunt\nporro sint qui sunt molestiae\nconsequatur cupiditate qui iste ducimus adipisci\ndolor enim assumenda soluta laboriosam amet iste delectus hic'}, {'userId': 9, 'id': 83, 'title': 'odit et voluptates doloribus alias odio et', 'body': 'est molestiae facilis quis tempora numquam nihil qui\nvoluptate sapiente consequatur est qui\nnecessitatibus autem aut ipsa aperiam modi dolore numquam\nreprehenderit eius rem quibusdam'}, {'userId': 9, 'id': 84, 'title': 'optio ipsam molestias necessitatibus occaecati facilis veritatis dolores aut', 'body': 'sint molestiae magni a et quos\neaque et quasi\nut rerum debitis similique veniam\nrecusandae dignissimos dolor incidunt consequatur odio'}, {'userId': 9, 'id': 85, 'title': 'dolore veritatis porro provident adipisci blanditiis et sunt', 'body': 'similique sed nisi voluptas iusto omnis\nmollitia et quo\nassumenda suscipit officia magnam sint sed tempora\nenim provident pariatur praesentium atque animi amet ratione'}, {'userId': 9, 'id': 86, 'title': 'placeat quia et porro iste', 'body': 'quasi excepturi consequatur iste autem temporibus sed molestiae beatae\net quaerat et esse ut\nvoluptatem occaecati et vel explicabo autem\nasperiores pariatur deserunt optio'}, {'userId': 9, 'id': 87, 'title': 'nostrum quis quasi placeat', 'body': 'eos et molestiae\nnesciunt ut a\ndolores perspiciatis repellendus repellat aliquid\nmagnam sint rem ipsum est'}, {'userId': 9, 'id': 88, 'title': 'sapiente omnis fugit eos', 'body': 'consequatur omnis est praesentium\nducimus non iste\nneque hic deserunt\nvoluptatibus veniam cum et rerum sed'}, {'userId': 9, 'id': 89, 'title': 'sint soluta et vel magnam aut ut sed qui', 'body': 'repellat aut aperiam totam temporibus autem et\narchitecto magnam ut\nconsequatur qui cupiditate rerum quia soluta dignissimos nihil iure\ntempore quas est'}, {'userId': 9, 'id': 90, 'title': 'ad iusto omnis odit dolor voluptatibus', 'body': 'minus omnis soluta quia\nqui sed adipisci voluptates illum ipsam voluptatem\neligendi officia ut in\neos soluta similique molestias praesentium blanditiis'}, {'userId': 10, 'id': 91, 'title': 'aut amet sed', 'body': 'libero voluptate eveniet aperiam sed\nsunt placeat suscipit molestias\nsimilique fugit nam natus\nexpedita consequatur consequatur dolores quia eos et placeat'}, {'userId': 10, 'id': 92, 'title': 'ratione ex tenetur perferendis', 'body': 'aut et excepturi dicta laudantium sint rerum nihil\nlaudantium et at\na neque minima officia et similique libero et\ncommodi voluptate qui'}, {'userId': 10, 'id': 93, 'title': 'beatae soluta recusandae', 'body': 'dolorem quibusdam ducimus consequuntur dicta aut quo laboriosam\nvoluptatem quis enim recusandae ut sed sunt\nnostrum est odit totam\nsit error sed sunt eveniet provident qui nulla'}, {'userId': 10, 'id': 94, 'title': 'qui qui voluptates illo iste minima', 'body': 'aspernatur expedita soluta quo ab ut similique\nexpedita dolores amet\nsed temporibus distinctio magnam saepe deleniti\nomnis facilis nam ipsum natus sint similique omnis'}, {'userId': 10, 'id': 95, 'title': 'id minus libero illum nam ad officiis', 'body': 'earum voluptatem facere provident blanditiis velit laboriosam\npariatur accusamus odio saepe\ncumque dolor qui a dicta ab doloribus consequatur omnis\ncorporis cupiditate eaque assumenda ad nesciunt'}, {'userId': 10, 'id': 96, 'title': 'quaerat velit veniam amet cupiditate aut numquam ut sequi', 'body': 'in non odio excepturi sint eum\nlabore voluptates vitae quia qui et\ninventore itaque rerum\nveniam non exercitationem delectus aut'}, {'userId': 10, 'id': 97, 'title': 'quas fugiat ut perspiciatis vero provident', 'body': 'eum non blanditiis soluta porro quibusdam voluptas\nvel voluptatem qui placeat dolores qui velit aut\nvel inventore aut cumque culpa explicabo aliquid at\nperspiciatis est et voluptatem dignissimos dolor itaque sit nam'}, {'userId': 10, 'id': 98, 'title': 'laboriosam dolor voluptates', 'body': 'doloremque ex facilis sit sint culpa\nsoluta assumenda eligendi non ut eius\nsequi ducimus vel quasi\nveritatis est dolores'}, {'userId': 10, 'id': 99, 'title': 'temporibus sit alias delectus eligendi possimus magni', 'body': 'quo deleniti praesentium dicta non quod\naut est molestias\nmolestias et officia quis nihil\nitaque dolorem quia'}, {'userId': 10, 'id': 100, 'title': 'at nam consequatur ea labore ea harum', 'body': 'cupiditate quo est a modi nesciunt soluta\nipsa voluptas error itaque dicta in\nautem qui minus magnam et distinctio eum\naccusamus ratione error aut'}]
2026-06-10 01:47:50,666 - INFO - 
get_posts() finished

2026-06-10 01:47:50,669 - INFO - 
get_users() started

2026-06-10 01:47:52,159 - DEBUG - HTTP client created
2026-06-10 01:47:52,164 - DEBUG - connect_tcp.started host='127.0.0.1' port=50422 local_address=None timeout=5.0 socket_options=None
2026-06-10 01:47:52,166 - DEBUG - connect_tcp.complete return_value=<httpcore._backends.anyio.AnyIOStream object at 0x00000191B6191310>
2026-06-10 01:47:52,168 - DEBUG - send_request_headers.started request=<Request [b'CONNECT']>
2026-06-10 01:47:52,168 - DEBUG - send_request_headers.complete
2026-06-10 01:47:52,168 - DEBUG - send_request_body.started request=<Request [b'CONNECT']>
2026-06-10 01:47:52,168 - DEBUG - send_request_body.complete
2026-06-10 01:47:52,168 - DEBUG - receive_response_headers.started request=<Request [b'CONNECT']>
2026-06-10 01:47:52,197 - DEBUG - receive_response_headers.complete return_value=(b'HTTP/1.1', 200, b'OK', [])
2026-06-10 01:47:52,197 - DEBUG - start_tls.started ssl_context=<ssl.SSLContext object at 0x00000191B6103D40> server_hostname='jsonplaceholder.typicode.com' timeout=5.0
2026-06-10 01:47:52,221 - DEBUG - start_tls.complete return_value=<httpcore._backends.anyio.AnyIOStream object at 0x00000191B6164E90>
2026-06-10 01:47:52,222 - DEBUG - send_request_headers.started request=<Request [b'GET']>
2026-06-10 01:47:52,223 - DEBUG - send_request_headers.complete
2026-06-10 01:47:52,223 - DEBUG - send_request_body.started request=<Request [b'GET']>
2026-06-10 01:47:52,223 - DEBUG - send_request_body.complete
2026-06-10 01:47:52,223 - DEBUG - receive_response_headers.started request=<Request [b'GET']>
2026-06-10 01:47:52,298 - DEBUG - receive_response_headers.complete return_value=(b'HTTP/1.1', 200, b'OK', [(b'Date', b'Tue, 09 Jun 2026 21:47:55 GMT'), (b'Content-Type', b'application/json; charset=utf-8'), (b'Content-Length', b'1847'), (b'Connection', b'keep-alive'), (b'Access-Control-Allow-Credentials', b'true'), (b'Cache-Control', b'max-age=43200'), (b'Content-Encoding', b'gzip'), (b'Etag', b'W/"160d-1eMSsxeJRfnVLRBmYJSbCiJZ1qQ"'), (b'Expires', b'-1'), (b'Nel', b'{"report_to":"heroku-nel","response_headers":["Via"],"max_age":3600,"success_fraction":0.01,"failure_fraction":0.1}'), (b'Pragma', b'no-cache'), (b'Report-To', b'{"group":"heroku-nel","endpoints":[{"url":"https://nel.heroku.com/reports?s=rX0hNbT6HQlnHmtbQx1TTDBPTGPf7UlnaOELZo1kY0o%3D\\u0026sid=e11707d5-02a7-43ef-b45e-2cf4d2036f7d\\u0026ts=1779908048"}],"max_age":3600}'), (b'Reporting-Endpoints', b'heroku-nel="https://nel.heroku.com/reports?s=rX0hNbT6HQlnHmtbQx1TTDBPTGPf7UlnaOELZo1kY0o%3D&sid=e11707d5-02a7-43ef-b45e-2cf4d2036f7d&ts=1779908048"'), (b'Server', b'cloudflare'), (b'Vary', b'Origin, Accept-Encoding'), (b'Via', b'2.0 heroku-router'), (b'X-Content-Type-Options', b'nosniff'), (b'X-Powered-By', b'Express'), (b'X-Ratelimit-Limit', b'1000'), (b'X-Ratelimit-Remaining', b'999'), (b'X-Ratelimit-Reset', b'1779908071'), (b'Age', b'12905'), (b'Accept-Ranges', b'bytes'), (b'Cf-Cache-Status', b'HIT'), (b'CF-RAY', b'a09356652f65e784-TBS'), (b'alt-svc', b'h3=":443"; ma=86400')])
2026-06-10 01:47:52,298 - INFO - HTTP Request: GET https://jsonplaceholder.typicode.com/users "HTTP/1.1 200 OK"
2026-06-10 01:47:52,298 - DEBUG - receive_response_body.started request=<Request [b'GET']>
2026-06-10 01:47:52,316 - DEBUG - receive_response_body.complete
2026-06-10 01:47:52,318 - DEBUG - response_closed.started
2026-06-10 01:47:52,318 - DEBUG - response_closed.complete
2026-06-10 01:47:52,319 - INFO - Request sent to https://jsonplaceholder.typicode.com/users
2026-06-10 01:47:52,319 - INFO - Response status: 200 OK
2026-06-10 01:47:52,320 - DEBUG - Users received: 10 items
2026-06-10 01:47:52,320 - INFO - Users found: [{'id': 1, 'name': 'Leanne Graham', 'username': 'Bret', 'email': 'Sincere@april.biz', 'address': {'street': 'Kulas Light', 'suite': 'Apt. 556', 'city': 'Gwenborough', 'zipcode': '92998-3874', 'geo': {'lat': '-37.3159', 'lng': '81.1496'}}, 'phone': '1-770-736-8031 x56442', 'website': 'hildegard.org', 'company': {'name': 'Romaguera-Crona', 'catchPhrase': 'Multi-layered client-server neural-net', 'bs': 'harness real-time e-markets'}}, {'id': 2, 'name': 'Ervin Howell', 'username': 'Antonette', 'email': 'Shanna@melissa.tv', 'address': {'street': 'Victor Plains', 'suite': 'Suite 879', 'city': 'Wisokyburgh', 'zipcode': '90566-7771', 'geo': {'lat': '-43.9509', 'lng': '-34.4618'}}, 'phone': '010-692-6593 x09125', 'website': 'anastasia.net', 'company': {'name': 'Deckow-Crist', 'catchPhrase': 'Proactive didactic contingency', 'bs': 'synergize scalable supply-chains'}}, {'id': 3, 'name': 'Clementine Bauch', 'username': 'Samantha', 'email': 'Nathan@yesenia.net', 'address': {'street': 'Douglas Extension', 'suite': 'Suite 847', 'city': 'McKenziehaven', 'zipcode': '59590-4157', 'geo': {'lat': '-68.6102', 'lng': '-47.0653'}}, 'phone': '1-463-123-4447', 'website': 'ramiro.info', 'company': {'name': 'Romaguera-Jacobson', 'catchPhrase': 'Face to face bifurcated interface', 'bs': 'e-enable strategic applications'}}, {'id': 4, 'name': 'Patricia Lebsack', 'username': 'Karianne', 'email': 'Julianne.OConner@kory.org', 'address': {'street': 'Hoeger Mall', 'suite': 'Apt. 692', 'city': 'South Elvis', 'zipcode': '53919-4257', 'geo': {'lat': '29.4572', 'lng': '-164.2990'}}, 'phone': '493-170-9623 x156', 'website': 'kale.biz', 'company': {'name': 'Robel-Corkery', 'catchPhrase': 'Multi-tiered zero tolerance productivity', 'bs': 'transition cutting-edge web services'}}, {'id': 5, 'name': 'Chelsey Dietrich', 'username': 'Kamren', 'email': 'Lucio_Hettinger@annie.ca', 'address': {'street': 'Skiles Walks', 'suite': 'Suite 351', 'city': 'Roscoeview', 'zipcode': '33263', 'geo': {'lat': '-31.8129', 'lng': '62.5342'}}, 'phone': '(254)954-1289', 'website': 'demarco.info', 'company': {'name': 'Keebler LLC', 'catchPhrase': 'User-centric fault-tolerant solution', 'bs': 'revolutionize end-to-end systems'}}, {'id': 6, 'name': 'Mrs. Dennis Schulist', 'username': 'Leopoldo_Corkery', 'email': 'Karley_Dach@jasper.info', 'address': {'street': 'Norberto Crossing', 'suite': 'Apt. 950', 'city': 'South Christy', 'zipcode': '23505-1337', 'geo': {'lat': '-71.4197', 'lng': '71.7478'}}, 'phone': '1-477-935-8478 x6430', 'website': 'ola.org', 'company': {'name': 'Considine-Lockman', 'catchPhrase': 'Synchronised bottom-line interface', 'bs': 'e-enable innovative applications'}}, {'id': 7, 'name': 'Kurtis Weissnat', 'username': 'Elwyn.Skiles', 'email': 'Telly.Hoeger@billy.biz', 'address': {'street': 'Rex Trail', 'suite': 'Suite 280', 'city': 'Howemouth', 'zipcode': '58804-1099', 'geo': {'lat': '24.8918', 'lng': '21.8984'}}, 'phone': '210.067.6132', 'website': 'elvis.io', 'company': {'name': 'Johns Group', 'catchPhrase': 'Configurable multimedia task-force', 'bs': 'generate enterprise e-tailers'}}, {'id': 8, 'name': 'Nicholas Runolfsdottir V', 'username': 'Maxime_Nienow', 'email': 'Sherwood@rosamond.me', 'address': {'street': 'Ellsworth Summit', 'suite': 'Suite 729', 'city': 'Aliyaview', 'zipcode': '45169', 'geo': {'lat': '-14.3990', 'lng': '-120.7677'}}, 'phone': '586.493.6943 x140', 'website': 'jacynthe.com', 'company': {'name': 'Abernathy Group', 'catchPhrase': 'Implemented secondary concept', 'bs': 'e-enable extensible e-tailers'}}, {'id': 9, 'name': 'Glenna Reichert', 'username': 'Delphine', 'email': 'Chaim_McDermott@dana.io', 'address': {'street': 'Dayna Park', 'suite': 'Suite 449', 'city': 'Bartholomebury', 'zipcode': '76495-3109', 'geo': {'lat': '24.6463', 'lng': '-168.8889'}}, 'phone': '(775)976-6794 x41206', 'website': 'conrad.com', 'company': {'name': 'Yost and Sons', 'catchPhrase': 'Switchable contextually-based project', 'bs': 'aggregate real-time technologies'}}, {'id': 10, 'name': 'Clementina DuBuque', 'username': 'Moriah.Stanton', 'email': 'Rey.Padberg@karina.biz', 'address': {'street': 'Kattie Turnpike', 'suite': 'Suite 198', 'city': 'Lebsackbury', 'zipcode': '31428-2261', 'geo': {'lat': '-38.2386', 'lng': '57.2232'}}, 'phone': '024-648-3804', 'website': 'ambrose.net', 'company': {'name': 'Hoeger LLC', 'catchPhrase': 'Centralized empowering task-force', 'bs': 'target end-to-end models'}}]
2026-06-10 01:47:52,323 - INFO - 
get_users() finished

2026-06-10 01:47:52,332 - INFO - Program result: [{'id': 1, 'name': 'Leanne Graham', 'username': 'Bret', 'email': 'Sincere@april.biz', 'address': {'street': 'Kulas Light', 'suite': 'Apt. 556', 'city': 'Gwenborough', 'zipcode': '92998-3874', 'geo': {'lat': '-37.3159', 'lng': '81.1496'}}, 'phone': '1-770-736-8031 x56442', 'website': 'hildegard.org', 'company': {'name': 'Romaguera-Crona', 'catchPhrase': 'Multi-layered client-server neural-net', 'bs': 'harness real-time e-markets'}}, {'id': 2, 'name': 'Ervin Howell', 'username': 'Antonette', 'email': 'Shanna@melissa.tv', 'address': {'street': 'Victor Plains', 'suite': 'Suite 879', 'city': 'Wisokyburgh', 'zipcode': '90566-7771', 'geo': {'lat': '-43.9509', 'lng': '-34.4618'}}, 'phone': '010-692-6593 x09125', 'website': 'anastasia.net', 'company': {'name': 'Deckow-Crist', 'catchPhrase': 'Proactive didactic contingency', 'bs': 'synergize scalable supply-chains'}}, {'id': 3, 'name': 'Clementine Bauch', 'username': 'Samantha', 'email': 'Nathan@yesenia.net', 'address': {'street': 'Douglas Extension', 'suite': 'Suite 847', 'city': 'McKenziehaven', 'zipcode': '59590-4157', 'geo': {'lat': '-68.6102', 'lng': '-47.0653'}}, 'phone': '1-463-123-4447', 'website': 'ramiro.info', 'company': {'name': 'Romaguera-Jacobson', 'catchPhrase': 'Face to face bifurcated interface', 'bs': 'e-enable strategic applications'}}, {'id': 4, 'name': 'Patricia Lebsack', 'username': 'Karianne', 'email': 'Julianne.OConner@kory.org', 'address': {'street': 'Hoeger Mall', 'suite': 'Apt. 692', 'city': 'South Elvis', 'zipcode': '53919-4257', 'geo': {'lat': '29.4572', 'lng': '-164.2990'}}, 'phone': '493-170-9623 x156', 'website': 'kale.biz', 'company': {'name': 'Robel-Corkery', 'catchPhrase': 'Multi-tiered zero tolerance productivity', 'bs': 'transition cutting-edge web services'}}, {'id': 5, 'name': 'Chelsey Dietrich', 'username': 'Kamren', 'email': 'Lucio_Hettinger@annie.ca', 'address': {'street': 'Skiles Walks', 'suite': 'Suite 351', 'city': 'Roscoeview', 'zipcode': '33263', 'geo': {'lat': '-31.8129', 'lng': '62.5342'}}, 'phone': '(254)954-1289', 'website': 'demarco.info', 'company': {'name': 'Keebler LLC', 'catchPhrase': 'User-centric fault-tolerant solution', 'bs': 'revolutionize end-to-end systems'}}, {'id': 6, 'name': 'Mrs. Dennis Schulist', 'username': 'Leopoldo_Corkery', 'email': 'Karley_Dach@jasper.info', 'address': {'street': 'Norberto Crossing', 'suite': 'Apt. 950', 'city': 'South Christy', 'zipcode': '23505-1337', 'geo': {'lat': '-71.4197', 'lng': '71.7478'}}, 'phone': '1-477-935-8478 x6430', 'website': 'ola.org', 'company': {'name': 'Considine-Lockman', 'catchPhrase': 'Synchronised bottom-line interface', 'bs': 'e-enable innovative applications'}}, {'id': 7, 'name': 'Kurtis Weissnat', 'username': 'Elwyn.Skiles', 'email': 'Telly.Hoeger@billy.biz', 'address': {'street': 'Rex Trail', 'suite': 'Suite 280', 'city': 'Howemouth', 'zipcode': '58804-1099', 'geo': {'lat': '24.8918', 'lng': '21.8984'}}, 'phone': '210.067.6132', 'website': 'elvis.io', 'company': {'name': 'Johns Group', 'catchPhrase': 'Configurable multimedia task-force', 'bs': 'generate enterprise e-tailers'}}, {'id': 8, 'name': 'Nicholas Runolfsdottir V', 'username': 'Maxime_Nienow', 'email': 'Sherwood@rosamond.me', 'address': {'street': 'Ellsworth Summit', 'suite': 'Suite 729', 'city': 'Aliyaview', 'zipcode': '45169', 'geo': {'lat': '-14.3990', 'lng': '-120.7677'}}, 'phone': '586.493.6943 x140', 'website': 'jacynthe.com', 'company': {'name': 'Abernathy Group', 'catchPhrase': 'Implemented secondary concept', 'bs': 'e-enable extensible e-tailers'}}, {'id': 9, 'name': 'Glenna Reichert', 'username': 'Delphine', 'email': 'Chaim_McDermott@dana.io', 'address': {'street': 'Dayna Park', 'suite': 'Suite 449', 'city': 'Bartholomebury', 'zipcode': '76495-3109', 'geo': {'lat': '24.6463', 'lng': '-168.8889'}}, 'phone': '(775)976-6794 x41206', 'website': 'conrad.com', 'company': {'name': 'Yost and Sons', 'catchPhrase': 'Switchable contextually-based project', 'bs': 'aggregate real-time technologies'}}, {'id': 10, 'name': 'Clementina DuBuque', 'username': 'Moriah.Stanton', 'email': 'Rey.Padberg@karina.biz', 'address': {'street': 'Kattie Turnpike', 'suite': 'Suite 198', 'city': 'Lebsackbury', 'zipcode': '31428-2261', 'geo': {'lat': '-38.2386', 'lng': '57.2232'}}, 'phone': '024-648-3804', 'website': 'ambrose.net', 'company': {'name': 'Hoeger LLC', 'catchPhrase': 'Centralized empowering task-force', 'bs': 'target end-to-end models'}}] - [{'userId': 1, 'id': 1, 'title': 'sunt aut facere repellat provident occaecati excepturi optio reprehenderit', 'body': 'quia et suscipit\nsuscipit recusandae consequuntur expedita et cum\nreprehenderit molestiae ut ut quas totam\nnostrum rerum est autem sunt rem eveniet architecto'}, {'userId': 1, 'id': 2, 'title': 'qui est esse', 'body': 'est rerum tempore vitae\nsequi sint nihil reprehenderit dolor beatae ea dolores neque\nfugiat blanditiis voluptate porro vel nihil molestiae ut reiciendis\nqui aperiam non debitis possimus qui neque nisi nulla'}, {'userId': 1, 'id': 3, 'title': 'ea molestias quasi exercitationem repellat qui ipsa sit aut', 'body': 'et iusto sed quo iure\nvoluptatem occaecati omnis eligendi aut ad\nvoluptatem doloribus vel accusantium quis pariatur\nmolestiae porro eius odio et labore et velit aut'}, {'userId': 1, 'id': 4, 'title': 'eum et est occaecati', 'body': 'ullam et saepe reiciendis voluptatem adipisci\nsit amet autem assumenda provident rerum culpa\nquis hic commodi nesciunt rem tenetur doloremque ipsam iure\nquis sunt voluptatem rerum illo velit'}, {'userId': 1, 'id': 5, 'title': 'nesciunt quas odio', 'body': 'repudiandae veniam quaerat sunt sed\nalias aut fugiat sit autem sed est\nvoluptatem omnis possimus esse voluptatibus quis\nest aut tenetur dolor neque'}, {'userId': 1, 'id': 6, 'title': 'dolorem eum magni eos aperiam quia', 'body': 'ut aspernatur corporis harum nihil quis provident sequi\nmollitia nobis aliquid molestiae\nperspiciatis et ea nemo ab reprehenderit accusantium quas\nvoluptate dolores velit et doloremque molestiae'}, {'userId': 1, 'id': 7, 'title': 'magnam facilis autem', 'body': 'dolore placeat quibusdam ea quo vitae\nmagni quis enim qui quis quo nemo aut saepe\nquidem repellat excepturi ut quia\nsunt ut sequi eos ea sed quas'}, {'userId': 1, 'id': 8, 'title': 'dolorem dolore est ipsam', 'body': 'dignissimos aperiam dolorem qui eum\nfacilis quibusdam animi sint suscipit qui sint possimus cum\nquaerat magni maiores excepturi\nipsam ut commodi dolor voluptatum modi aut vitae'}, {'userId': 1, 'id': 9, 'title': 'nesciunt iure omnis dolorem tempora et accusantium', 'body': 'consectetur animi nesciunt iure dolore\nenim quia ad\nveniam autem ut quam aut nobis\net est aut quod aut provident voluptas autem voluptas'}, {'userId': 1, 'id': 10, 'title': 'optio molestias id quia eum', 'body': 'quo et expedita modi cum officia vel magni\ndoloribus qui repudiandae\nvero nisi sit\nquos veniam quod sed accusamus veritatis error'}, {'userId': 2, 'id': 11, 'title': 'et ea vero quia laudantium autem', 'body': 'delectus reiciendis molestiae occaecati non minima eveniet qui voluptatibus\naccusamus in eum beatae sit\nvel qui neque voluptates ut commodi qui incidunt\nut animi commodi'}, {'userId': 2, 'id': 12, 'title': 'in quibusdam tempore odit est dolorem', 'body': 'itaque id aut magnam\npraesentium quia et ea odit et ea voluptas et\nsapiente quia nihil amet occaecati quia id voluptatem\nincidunt ea est distinctio odio'}, {'userId': 2, 'id': 13, 'title': 'dolorum ut in voluptas mollitia et saepe quo animi', 'body': 'aut dicta possimus sint mollitia voluptas commodi quo doloremque\niste corrupti reiciendis voluptatem eius rerum\nsit cumque quod eligendi laborum minima\nperferendis recusandae assumenda consectetur porro architecto ipsum ipsam'}, {'userId': 2, 'id': 14, 'title': 'voluptatem eligendi optio', 'body': 'fuga et accusamus dolorum perferendis illo voluptas\nnon doloremque neque facere\nad qui dolorum molestiae beatae\nsed aut voluptas totam sit illum'}, {'userId': 2, 'id': 15, 'title': 'eveniet quod temporibus', 'body': 'reprehenderit quos placeat\nvelit minima officia dolores impedit repudiandae molestiae nam\nvoluptas recusandae quis delectus\nofficiis harum fugiat vitae'}, {'userId': 2, 'id': 16, 'title': 'sint suscipit perspiciatis velit dolorum rerum ipsa laboriosam odio', 'body': 'suscipit nam nisi quo aperiam aut\nasperiores eos fugit maiores voluptatibus quia\nvoluptatem quis ullam qui in alias quia est\nconsequatur magni mollitia accusamus ea nisi voluptate dicta'}, {'userId': 2, 'id': 17, 'title': 'fugit voluptas sed molestias voluptatem provident', 'body': 'eos voluptas et aut odit natus earum\naspernatur fuga molestiae ullam\ndeserunt ratione qui eos\nqui nihil ratione nemo velit ut aut id quo'}, {'userId': 2, 'id': 18, 'title': 'voluptate et itaque vero tempora molestiae', 'body': 'eveniet quo quis\nlaborum totam consequatur non dolor\nut et est repudiandae\nest voluptatem vel debitis et magnam'}, {'userId': 2, 'id': 19, 'title': 'adipisci placeat illum aut reiciendis qui', 'body': 'illum quis cupiditate provident sit magnam\nea sed aut omnis\nveniam maiores ullam consequatur atque\nadipisci quo iste expedita sit quos voluptas'}, {'userId': 2, 'id': 20, 'title': 'doloribus ad provident suscipit at', 'body': 'qui consequuntur ducimus possimus quisquam amet similique\nsuscipit porro ipsam amet\neos veritatis officiis exercitationem vel fugit aut necessitatibus totam\nomnis rerum consequatur expedita quidem cumque explicabo'}, {'userId': 3, 'id': 21, 'title': 'asperiores ea ipsam voluptatibus modi minima quia sint', 'body': 'repellat aliquid praesentium dolorem quo\nsed totam minus non itaque\nnihil labore molestiae sunt dolor eveniet hic recusandae veniam\ntempora et tenetur expedita sunt'}, {'userId': 3, 'id': 22, 'title': 'dolor sint quo a velit explicabo quia nam', 'body': 'eos qui et ipsum ipsam suscipit aut\nsed omnis non odio\nexpedita earum mollitia molestiae aut atque rem suscipit\nnam impedit esse'}, {'userId': 3, 'id': 23, 'title': 'maxime id vitae nihil numquam', 'body': 'veritatis unde neque eligendi\nquae quod architecto quo neque vitae\nest illo sit tempora doloremque fugit quod\net et vel beatae sequi ullam sed tenetur perspiciatis'}, {'userId': 3, 'id': 24, 'title': 'autem hic labore sunt dolores incidunt', 'body': 'enim et ex nulla\nomnis voluptas quia qui\nvoluptatem consequatur numquam aliquam sunt\ntotam recusandae id dignissimos aut sed asperiores deserunt'}, {'userId': 3, 'id': 25, 'title': 'rem alias distinctio quo quis', 'body': 'ullam consequatur ut\nomnis quis sit vel consequuntur\nipsa eligendi ipsum molestiae et omnis error nostrum\nmolestiae illo tempore quia et distinctio'}, {'userId': 3, 'id': 26, 'title': 'est et quae odit qui non', 'body': 'similique esse doloribus nihil accusamus\nomnis dolorem fuga consequuntur reprehenderit fugit recusandae temporibus\nperspiciatis cum ut laudantium\nomnis aut molestiae vel vero'}, {'userId': 3, 'id': 27, 'title': 'quasi id et eos tenetur aut quo autem', 'body': 'eum sed dolores ipsam sint possimus debitis occaecati\ndebitis qui qui et\nut placeat enim earum aut odit facilis\nconsequatur suscipit necessitatibus rerum sed inventore temporibus consequatur'}, {'userId': 3, 'id': 28, 'title': 'delectus ullam et corporis nulla voluptas sequi', 'body': 'non et quaerat ex quae ad maiores\nmaiores recusandae totam aut blanditiis mollitia quas illo\nut voluptatibus voluptatem\nsimilique nostrum eum'}, {'userId': 3, 'id': 29, 'title': 'iusto eius quod necessitatibus culpa ea', 'body': 'odit magnam ut saepe sed non qui\ntempora atque nihil\naccusamus illum doloribus illo dolor\neligendi repudiandae odit magni similique sed cum maiores'}, {'userId': 3, 'id': 30, 'title': 'a quo magni similique perferendis', 'body': 'alias dolor cumque\nimpedit blanditiis non eveniet odio maxime\nblanditiis amet eius quis tempora quia autem rem\na provident perspiciatis quia'}, {'userId': 4, 'id': 31, 'title': 'ullam ut quidem id aut vel consequuntur', 'body': 'debitis eius sed quibusdam non quis consectetur vitae\nimpedit ut qui consequatur sed aut in\nquidem sit nostrum et maiores adipisci atque\nquaerat voluptatem adipisci repudiandae'}, {'userId': 4, 'id': 32, 'title': 'doloremque illum aliquid sunt', 'body': 'deserunt eos nobis asperiores et hic\nest debitis repellat molestiae optio\nnihil ratione ut eos beatae quibusdam distinctio maiores\nearum voluptates et aut adipisci ea maiores voluptas maxime'}, {'userId': 4, 'id': 33, 'title': 'qui explicabo molestiae dolorem', 'body': 'rerum ut et numquam laborum odit est sit\nid qui sint in\nquasi tenetur tempore aperiam et quaerat qui in\nrerum officiis sequi cumque quod'}, {'userId': 4, 'id': 34, 'title': 'magnam ut rerum iure', 'body': 'ea velit perferendis earum ut voluptatem voluptate itaque iusto\ntotam pariatur in\nnemo voluptatem voluptatem autem magni tempora minima in\nest distinctio qui assumenda accusamus dignissimos officia nesciunt nobis'}, {'userId': 4, 'id': 35, 'title': 'id nihil consequatur molestias animi provident', 'body': 'nisi error delectus possimus ut eligendi vitae\nplaceat eos harum cupiditate facilis reprehenderit voluptatem beatae\nmodi ducimus quo illum voluptas eligendi\net nobis quia fugit'}, {'userId': 4, 'id': 36, 'title': 'fuga nam accusamus voluptas reiciendis itaque', 'body': 'ad mollitia et omnis minus architecto odit\nvoluptas doloremque maxime aut non ipsa qui alias veniam\nblanditiis culpa aut quia nihil cumque facere et occaecati\nqui aspernatur quia eaque ut aperiam inventore'}, {'userId': 4, 'id': 37, 'title': 'provident vel ut sit ratione est', 'body': 'debitis et eaque non officia sed nesciunt pariatur vel\nvoluptatem iste vero et ea\nnumquam aut expedita ipsum nulla in\nvoluptates omnis consequatur aut enim officiis in quam qui'}, {'userId': 4, 'id': 38, 'title': 'explicabo et eos deleniti nostrum ab id repellendus', 'body': 'animi esse sit aut sit nesciunt assumenda eum voluptas\nquia voluptatibus provident quia necessitatibus ea\nrerum repudiandae quia voluptatem delectus fugit aut id quia\nratione optio eos iusto veniam iure'}, {'userId': 4, 'id': 39, 'title': 'eos dolorem iste accusantium est eaque quam', 'body': 'corporis rerum ducimus vel eum accusantium\nmaxime aspernatur a porro possimus iste omnis\nest in deleniti asperiores fuga aut\nvoluptas sapiente vel dolore minus voluptatem incidunt ex'}, {'userId': 4, 'id': 40, 'title': 'enim quo cumque', 'body': 'ut voluptatum aliquid illo tenetur nemo sequi quo facilis\nipsum rem optio mollitia quas\nvoluptatem eum voluptas qui\nunde omnis voluptatem iure quasi maxime voluptas nam'}, {'userId': 5, 'id': 41, 'title': 'non est facere', 'body': 'molestias id nostrum\nexcepturi molestiae dolore omnis repellendus quaerat saepe\nconsectetur iste quaerat tenetur asperiores accusamus ex ut\nnam quidem est ducimus sunt debitis saepe'}, {'userId': 5, 'id': 42, 'title': 'commodi ullam sint et excepturi error explicabo praesentium voluptas', 'body': 'odio fugit voluptatum ducimus earum autem est incidunt voluptatem\nodit reiciendis aliquam sunt sequi nulla dolorem\nnon facere repellendus voluptates quia\nratione harum vitae ut'}, {'userId': 5, 'id': 43, 'title': 'eligendi iste nostrum consequuntur adipisci praesentium sit beatae perferendis', 'body': 'similique fugit est\nillum et dolorum harum et voluptate eaque quidem\nexercitationem quos nam commodi possimus cum odio nihil nulla\ndolorum exercitationem magnam ex et a et distinctio debitis'}, {'userId': 5, 'id': 44, 'title': 'optio dolor molestias sit', 'body': 'temporibus est consectetur dolore\net libero debitis vel velit laboriosam quia\nipsum quibusdam qui itaque fuga rem aut\nea et iure quam sed maxime ut distinctio quae'}, {'userId': 5, 'id': 45, 'title': 'ut numquam possimus omnis eius suscipit laudantium iure', 'body': 'est natus reiciendis nihil possimus aut provident\nex et dolor\nrepellat pariatur est\nnobis rerum repellendus dolorem autem'}, {'userId': 5, 'id': 46, 'title': 'aut quo modi neque nostrum ducimus', 'body': 'voluptatem quisquam iste\nvoluptatibus natus officiis facilis dolorem\nquis quas ipsam\nvel et voluptatum in aliquid'}, {'userId': 5, 'id': 47, 'title': 'quibusdam cumque rem aut deserunt', 'body': 'voluptatem assumenda ut qui ut cupiditate aut impedit veniam\noccaecati nemo illum voluptatem laudantium\nmolestiae beatae rerum ea iure soluta nostrum\neligendi et voluptate'}, {'userId': 5, 'id': 48, 'title': 'ut voluptatem illum ea doloribus itaque eos', 'body': 'voluptates quo voluptatem facilis iure occaecati\nvel assumenda rerum officia et\nillum perspiciatis ab deleniti\nlaudantium repellat ad ut et autem reprehenderit'}, {'userId': 5, 'id': 49, 'title': 'laborum non sunt aut ut assumenda perspiciatis voluptas', 'body': 'inventore ab sint\nnatus fugit id nulla sequi architecto nihil quaerat\neos tenetur in in eum veritatis non\nquibusdam officiis aspernatur cumque aut commodi aut'}, {'userId': 5, 'id': 50, 'title': 'repellendus qui recusandae incidunt voluptates tenetur qui omnis exercitationem', 'body': 'error suscipit maxime adipisci consequuntur recusandae\nvoluptas eligendi et est et voluptates\nquia distinctio ab amet quaerat molestiae et vitae\nadipisci impedit sequi nesciunt quis consectetur'}, {'userId': 6, 'id': 51, 'title': 'soluta aliquam aperiam consequatur illo quis voluptas', 'body': 'sunt dolores aut doloribus\ndolore doloribus voluptates tempora et\ndoloremque et quo\ncum asperiores sit consectetur dolorem'}, {'userId': 6, 'id': 52, 'title': 'qui enim et consequuntur quia animi quis voluptate quibusdam', 'body': 'iusto est quibusdam fuga quas quaerat molestias\na enim ut sit accusamus enim\ntemporibus iusto accusantium provident architecto\nsoluta esse reprehenderit qui laborum'}, {'userId': 6, 'id': 53, 'title': 'ut quo aut ducimus alias', 'body': 'minima harum praesentium eum rerum illo dolore\nquasi exercitationem rerum nam\nporro quis neque quo\nconsequatur minus dolor quidem veritatis sunt non explicabo similique'}, {'userId': 6, 'id': 54, 'title': 'sit asperiores ipsam eveniet odio non quia', 'body': 'totam corporis dignissimos\nvitae dolorem ut occaecati accusamus\nex velit deserunt\net exercitationem vero incidunt corrupti mollitia'}, {'userId': 6, 'id': 55, 'title': 'sit vel voluptatem et non libero', 'body': 'debitis excepturi ea perferendis harum libero optio\neos accusamus cum fuga ut sapiente repudiandae\net ut incidunt omnis molestiae\nnihil ut eum odit'}, {'userId': 6, 'id': 56, 'title': 'qui et at rerum necessitatibus', 'body': 'aut est omnis dolores\nneque rerum quod ea rerum velit pariatur beatae excepturi\net provident voluptas corrupti\ncorporis harum reprehenderit dolores eligendi'}, {'userId': 6, 'id': 57, 'title': 'sed ab est est', 'body': 'at pariatur consequuntur earum quidem\nquo est laudantium soluta voluptatem\nqui ullam et est\net cum voluptas voluptatum repellat est'}, {'userId': 6, 'id': 58, 'title': 'voluptatum itaque dolores nisi et quasi', 'body': 'veniam voluptatum quae adipisci id\net id quia eos ad et dolorem\naliquam quo nisi sunt eos impedit error\nad similique veniam'}, {'userId': 6, 'id': 59, 'title': 'qui commodi dolor at maiores et quis id accusantium', 'body': 'perspiciatis et quam ea autem temporibus non voluptatibus qui\nbeatae a earum officia nesciunt dolores suscipit voluptas et\nanimi doloribus cum rerum quas et magni\net hic ut ut commodi expedita sunt'}, {'userId': 6, 'id': 60, 'title': 'consequatur placeat omnis quisquam quia reprehenderit fugit veritatis facere', 'body': 'asperiores sunt ab assumenda cumque modi velit\nqui esse omnis\nvoluptate et fuga perferendis voluptas\nillo ratione amet aut et omnis'}, {'userId': 7, 'id': 61, 'title': 'voluptatem doloribus consectetur est ut ducimus', 'body': 'ab nemo optio odio\ndelectus tenetur corporis similique nobis repellendus rerum omnis facilis\nvero blanditiis debitis in nesciunt doloribus dicta dolores\nmagnam minus velit'}, {'userId': 7, 'id': 62, 'title': 'beatae enim quia vel', 'body': 'enim aspernatur illo distinctio quae praesentium\nbeatae alias amet delectus qui voluptate distinctio\nodit sint accusantium autem omnis\nquo molestiae omnis ea eveniet optio'}, {'userId': 7, 'id': 63, 'title': 'voluptas blanditiis repellendus animi ducimus error sapiente et suscipit', 'body': 'enim adipisci aspernatur nemo\nnumquam omnis facere dolorem dolor ex quis temporibus incidunt\nab delectus culpa quo reprehenderit blanditiis asperiores\naccusantium ut quam in voluptatibus voluptas ipsam dicta'}, {'userId': 7, 'id': 64, 'title': 'et fugit quas eum in in aperiam quod', 'body': 'id velit blanditiis\neum ea voluptatem\nmolestiae sint occaecati est eos perspiciatis\nincidunt a error provident eaque aut aut qui'}, {'userId': 7, 'id': 65, 'title': 'consequatur id enim sunt et et', 'body': 'voluptatibus ex esse\nsint explicabo est aliquid cumque adipisci fuga repellat labore\nmolestiae corrupti ex saepe at asperiores et perferendis\nnatus id esse incidunt pariatur'}, {'userId': 7, 'id': 66, 'title': 'repudiandae ea animi iusto', 'body': 'officia veritatis tenetur vero qui itaque\nsint non ratione\nsed et ut asperiores iusto eos molestiae nostrum\nveritatis quibusdam et nemo iusto saepe'}, {'userId': 7, 'id': 67, 'title': 'aliquid eos sed fuga est maxime repellendus', 'body': 'reprehenderit id nostrum\nvoluptas doloremque pariatur sint et accusantium quia quod aspernatur\net fugiat amet\nnon sapiente et consequatur necessitatibus molestiae'}, {'userId': 7, 'id': 68, 'title': 'odio quis facere architecto reiciendis optio', 'body': 'magnam molestiae perferendis quisquam\nqui cum reiciendis\nquaerat animi amet hic inventore\nea quia deleniti quidem saepe porro velit'}, {'userId': 7, 'id': 69, 'title': 'fugiat quod pariatur odit minima', 'body': 'officiis error culpa consequatur modi asperiores et\ndolorum assumenda voluptas et vel qui aut vel rerum\nvoluptatum quisquam perspiciatis quia rerum consequatur totam quas\nsequi commodi repudiandae asperiores et saepe a'}, {'userId': 7, 'id': 70, 'title': 'voluptatem laborum magni', 'body': 'sunt repellendus quae\nest asperiores aut deleniti esse accusamus repellendus quia aut\nquia dolorem unde\neum tempora esse dolore'}, {'userId': 8, 'id': 71, 'title': 'et iusto veniam et illum aut fuga', 'body': 'occaecati a doloribus\niste saepe consectetur placeat eum voluptate dolorem et\nqui quo quia voluptas\nrerum ut id enim velit est perferendis'}, {'userId': 8, 'id': 72, 'title': 'sint hic doloribus consequatur eos non id', 'body': 'quam occaecati qui deleniti consectetur\nconsequatur aut facere quas exercitationem aliquam hic voluptas\nneque id sunt ut aut accusamus\nsunt consectetur expedita inventore velit'}, {'userId': 8, 'id': 73, 'title': 'consequuntur deleniti eos quia temporibus ab aliquid at', 'body': 'voluptatem cumque tenetur consequatur expedita ipsum nemo quia explicabo\naut eum minima consequatur\ntempore cumque quae est et\net in consequuntur voluptatem voluptates aut'}, {'userId': 8, 'id': 74, 'title': 'enim unde ratione doloribus quas enim ut sit sapiente', 'body': 'odit qui et et necessitatibus sint veniam\nmollitia amet doloremque molestiae commodi similique magnam et quam\nblanditiis est itaque\nquo et tenetur ratione occaecati molestiae tempora'}, {'userId': 8, 'id': 75, 'title': 'dignissimos eum dolor ut enim et delectus in', 'body': 'commodi non non omnis et voluptas sit\nautem aut nobis magnam et sapiente voluptatem\net laborum repellat qui delectus facilis temporibus\nrerum amet et nemo voluptate expedita adipisci error dolorem'}, {'userId': 8, 'id': 76, 'title': 'doloremque officiis ad et non perferendis', 'body': 'ut animi facere\ntotam iusto tempore\nmolestiae eum aut et dolorem aperiam\nquaerat recusandae totam odio'}, {'userId': 8, 'id': 77, 'title': 'necessitatibus quasi exercitationem odio', 'body': 'modi ut in nulla repudiandae dolorum nostrum eos\naut consequatur omnis\nut incidunt est omnis iste et quam\nvoluptates sapiente aliquam asperiores nobis amet corrupti repudiandae provident'}, {'userId': 8, 'id': 78, 'title': 'quam voluptatibus rerum veritatis', 'body': 'nobis facilis odit tempore cupiditate quia\nassumenda doloribus rerum qui ea\nillum et qui totam\naut veniam repellendus'}, {'userId': 8, 'id': 79, 'title': 'pariatur consequatur quia magnam autem omnis non amet', 'body': 'libero accusantium et et facere incidunt sit dolorem\nnon excepturi qui quia sed laudantium\nquisquam molestiae ducimus est\nofficiis esse molestiae iste et quos'}, {'userId': 8, 'id': 80, 'title': 'labore in ex et explicabo corporis aut quas', 'body': 'ex quod dolorem ea eum iure qui provident amet\nquia qui facere excepturi et repudiandae\nasperiores molestias provident\nminus incidunt vero fugit rerum sint sunt excepturi provident'}, {'userId': 9, 'id': 81, 'title': 'tempora rem veritatis voluptas quo dolores vero', 'body': 'facere qui nesciunt est voluptatum voluptatem nisi\nsequi eligendi necessitatibus ea at rerum itaque\nharum non ratione velit laboriosam quis consequuntur\nex officiis minima doloremque voluptas ut aut'}, {'userId': 9, 'id': 82, 'title': 'laudantium voluptate suscipit sunt enim enim', 'body': 'ut libero sit aut totam inventore sunt\nporro sint qui sunt molestiae\nconsequatur cupiditate qui iste ducimus adipisci\ndolor enim assumenda soluta laboriosam amet iste delectus hic'}, {'userId': 9, 'id': 83, 'title': 'odit et voluptates doloribus alias odio et', 'body': 'est molestiae facilis quis tempora numquam nihil qui\nvoluptate sapiente consequatur est qui\nnecessitatibus autem aut ipsa aperiam modi dolore numquam\nreprehenderit eius rem quibusdam'}, {'userId': 9, 'id': 84, 'title': 'optio ipsam molestias necessitatibus occaecati facilis veritatis dolores aut', 'body': 'sint molestiae magni a et quos\neaque et quasi\nut rerum debitis similique veniam\nrecusandae dignissimos dolor incidunt consequatur odio'}, {'userId': 9, 'id': 85, 'title': 'dolore veritatis porro provident adipisci blanditiis et sunt', 'body': 'similique sed nisi voluptas iusto omnis\nmollitia et quo\nassumenda suscipit officia magnam sint sed tempora\nenim provident pariatur praesentium atque animi amet ratione'}, {'userId': 9, 'id': 86, 'title': 'placeat quia et porro iste', 'body': 'quasi excepturi consequatur iste autem temporibus sed molestiae beatae\net quaerat et esse ut\nvoluptatem occaecati et vel explicabo autem\nasperiores pariatur deserunt optio'}, {'userId': 9, 'id': 87, 'title': 'nostrum quis quasi placeat', 'body': 'eos et molestiae\nnesciunt ut a\ndolores perspiciatis repellendus repellat aliquid\nmagnam sint rem ipsum est'}, {'userId': 9, 'id': 88, 'title': 'sapiente omnis fugit eos', 'body': 'consequatur omnis est praesentium\nducimus non iste\nneque hic deserunt\nvoluptatibus veniam cum et rerum sed'}, {'userId': 9, 'id': 89, 'title': 'sint soluta et vel magnam aut ut sed qui', 'body': 'repellat aut aperiam totam temporibus autem et\narchitecto magnam ut\nconsequatur qui cupiditate rerum quia soluta dignissimos nihil iure\ntempore quas est'}, {'userId': 9, 'id': 90, 'title': 'ad iusto omnis odit dolor voluptatibus', 'body': 'minus omnis soluta quia\nqui sed adipisci voluptates illum ipsam voluptatem\neligendi officia ut in\neos soluta similique molestias praesentium blanditiis'}, {'userId': 10, 'id': 91, 'title': 'aut amet sed', 'body': 'libero voluptate eveniet aperiam sed\nsunt placeat suscipit molestias\nsimilique fugit nam natus\nexpedita consequatur consequatur dolores quia eos et placeat'}, {'userId': 10, 'id': 92, 'title': 'ratione ex tenetur perferendis', 'body': 'aut et excepturi dicta laudantium sint rerum nihil\nlaudantium et at\na neque minima officia et similique libero et\ncommodi voluptate qui'}, {'userId': 10, 'id': 93, 'title': 'beatae soluta recusandae', 'body': 'dolorem quibusdam ducimus consequuntur dicta aut quo laboriosam\nvoluptatem quis enim recusandae ut sed sunt\nnostrum est odit totam\nsit error sed sunt eveniet provident qui nulla'}, {'userId': 10, 'id': 94, 'title': 'qui qui voluptates illo iste minima', 'body': 'aspernatur expedita soluta quo ab ut similique\nexpedita dolores amet\nsed temporibus distinctio magnam saepe deleniti\nomnis facilis nam ipsum natus sint similique omnis'}, {'userId': 10, 'id': 95, 'title': 'id minus libero illum nam ad officiis', 'body': 'earum voluptatem facere provident blanditiis velit laboriosam\npariatur accusamus odio saepe\ncumque dolor qui a dicta ab doloribus consequatur omnis\ncorporis cupiditate eaque assumenda ad nesciunt'}, {'userId': 10, 'id': 96, 'title': 'quaerat velit veniam amet cupiditate aut numquam ut sequi', 'body': 'in non odio excepturi sint eum\nlabore voluptates vitae quia qui et\ninventore itaque rerum\nveniam non exercitationem delectus aut'}, {'userId': 10, 'id': 97, 'title': 'quas fugiat ut perspiciatis vero provident', 'body': 'eum non blanditiis soluta porro quibusdam voluptas\nvel voluptatem qui placeat dolores qui velit aut\nvel inventore aut cumque culpa explicabo aliquid at\nperspiciatis est et voluptatem dignissimos dolor itaque sit nam'}, {'userId': 10, 'id': 98, 'title': 'laboriosam dolor voluptates', 'body': 'doloremque ex facilis sit sint culpa\nsoluta assumenda eligendi non ut eius\nsequi ducimus vel quasi\nveritatis est dolores'}, {'userId': 10, 'id': 99, 'title': 'temporibus sit alias delectus eligendi possimus magni', 'body': 'quo deleniti praesentium dicta non quod\naut est molestias\nmolestias et officia quis nihil\nitaque dolorem quia'}, {'userId': 10, 'id': 100, 'title': 'at nam consequatur ea labore ea harum', 'body': 'cupiditate quo est a modi nesciunt soluta\nipsa voluptas error itaque dicta in\nautem qui minus magnam et distinctio eum\naccusamus ratione error aut'}]
2026-06-10 01:47:52,332 - INFO - Program finished
2026-06-10 01:48:16,913 - DEBUG - Using proactor: IocpProactor
2026-06-10 01:48:16,915 - INFO - Program started
2026-06-10 01:48:18,299 - DEBUG - HTTP client created
2026-06-10 01:48:18,317 - DEBUG - connect_tcp.started host='127.0.0.1' port=50422 local_address=None timeout=5.0 socket_options=None
2026-06-10 01:48:18,320 - DEBUG - connect_tcp.complete return_value=<httpcore._backends.anyio.AnyIOStream object at 0x0000012CE7049E80>
2026-06-10 01:48:18,322 - DEBUG - send_request_headers.started request=<Request [b'CONNECT']>
2026-06-10 01:48:18,322 - DEBUG - send_request_headers.complete
2026-06-10 01:48:18,322 - DEBUG - send_request_body.started request=<Request [b'CONNECT']>
2026-06-10 01:48:18,322 - DEBUG - send_request_body.complete
2026-06-10 01:48:18,323 - DEBUG - receive_response_headers.started request=<Request [b'CONNECT']>
2026-06-10 01:48:18,357 - DEBUG - receive_response_headers.complete return_value=(b'HTTP/1.1', 200, b'OK', [])
2026-06-10 01:48:18,358 - DEBUG - start_tls.started ssl_context=<ssl.SSLContext object at 0x0000012CE6DEBAD0> server_hostname='jsonplaceholder.typicode.com' timeout=5.0
2026-06-10 01:48:18,394 - DEBUG - start_tls.complete return_value=<httpcore._backends.anyio.AnyIOStream object at 0x0000012CE700B750>
2026-06-10 01:48:18,396 - DEBUG - send_request_headers.started request=<Request [b'GET']>
2026-06-10 01:48:18,396 - DEBUG - send_request_headers.complete
2026-06-10 01:48:18,396 - DEBUG - send_request_body.started request=<Request [b'GET']>
2026-06-10 01:48:18,396 - DEBUG - send_request_body.complete
2026-06-10 01:48:18,396 - DEBUG - receive_response_headers.started request=<Request [b'GET']>
2026-06-10 01:48:18,469 - DEBUG - receive_response_headers.complete return_value=(b'HTTP/1.1', 200, b'OK', [(b'Date', b'Tue, 09 Jun 2026 21:48:21 GMT'), (b'Content-Type', b'application/json; charset=utf-8'), (b'Transfer-Encoding', b'chunked'), (b'Connection', b'keep-alive'), (b'Access-Control-Allow-Credentials', b'true'), (b'Cache-Control', b'max-age=43200'), (b'Content-Encoding', b'gzip'), (b'Etag', b'W/"6b80-Ybsq/K6GwwqrYkAsFxqDXGC7DoM"'), (b'Expires', b'-1'), (b'Nel', b'{"report_to":"heroku-nel","response_headers":["Via"],"max_age":3600,"success_fraction":0.01,"failure_fraction":0.1}'), (b'Pragma', b'no-cache'), (b'Report-To', b'{"group":"heroku-nel","endpoints":[{"url":"https://nel.heroku.com/reports?s=%2BkY5bRCRB2vnnoThORuukqcFYPEKuF86%2BVOjhMRT11Y%3D\\u0026sid=e11707d5-02a7-43ef-b45e-2cf4d2036f7d\\u0026ts=1780678126"}],"max_age":3600}'), (b'Reporting-Endpoints', b'heroku-nel="https://nel.heroku.com/reports?s=%2BkY5bRCRB2vnnoThORuukqcFYPEKuF86%2BVOjhMRT11Y%3D&sid=e11707d5-02a7-43ef-b45e-2cf4d2036f7d&ts=1780678126"'), (b'Server', b'cloudflare'), (b'Vary', b'Origin, Accept-Encoding'), (b'Via', b'2.0 heroku-router'), (b'X-Content-Type-Options', b'nosniff'), (b'X-Powered-By', b'Express'), (b'X-Ratelimit-Limit', b'1000'), (b'X-Ratelimit-Remaining', b'999'), (b'X-Ratelimit-Reset', b'1780678135'), (b'Age', b'21641'), (b'Cf-Cache-Status', b'HIT'), (b'CF-RAY', b'a0935708b92ce784-TBS'), (b'alt-svc', b'h3=":443"; ma=86400')])
2026-06-10 01:48:18,470 - INFO - HTTP Request: GET https://jsonplaceholder.typicode.com/posts "HTTP/1.1 200 OK"
2026-06-10 01:48:18,471 - DEBUG - receive_response_body.started request=<Request [b'GET']>
2026-06-10 01:48:18,487 - DEBUG - receive_response_body.complete
2026-06-10 01:48:18,489 - DEBUG - response_closed.started
2026-06-10 01:48:18,489 - DEBUG - response_closed.complete
2026-06-10 01:48:18,491 - INFO - Request sent to https://jsonplaceholder.typicode.com/posts
2026-06-10 01:48:18,492 - INFO - Response status: 200 OK
2026-06-10 01:48:18,492 - DEBUG - Todos received: 100 items
2026-06-10 01:48:18,492 - INFO - Posts found: [{'userId': 1, 'id': 1, 'title': 'sunt aut facere repellat provident occaecati excepturi optio reprehenderit', 'body': 'quia et suscipit\nsuscipit recusandae consequuntur expedita et cum\nreprehenderit molestiae ut ut quas totam\nnostrum rerum est autem sunt rem eveniet architecto'}, {'userId': 1, 'id': 2, 'title': 'qui est esse', 'body': 'est rerum tempore vitae\nsequi sint nihil reprehenderit dolor beatae ea dolores neque\nfugiat blanditiis voluptate porro vel nihil molestiae ut reiciendis\nqui aperiam non debitis possimus qui neque nisi nulla'}, {'userId': 1, 'id': 3, 'title': 'ea molestias quasi exercitationem repellat qui ipsa sit aut', 'body': 'et iusto sed quo iure\nvoluptatem occaecati omnis eligendi aut ad\nvoluptatem doloribus vel accusantium quis pariatur\nmolestiae porro eius odio et labore et velit aut'}, {'userId': 1, 'id': 4, 'title': 'eum et est occaecati', 'body': 'ullam et saepe reiciendis voluptatem adipisci\nsit amet autem assumenda provident rerum culpa\nquis hic commodi nesciunt rem tenetur doloremque ipsam iure\nquis sunt voluptatem rerum illo velit'}, {'userId': 1, 'id': 5, 'title': 'nesciunt quas odio', 'body': 'repudiandae veniam quaerat sunt sed\nalias aut fugiat sit autem sed est\nvoluptatem omnis possimus esse voluptatibus quis\nest aut tenetur dolor neque'}, {'userId': 1, 'id': 6, 'title': 'dolorem eum magni eos aperiam quia', 'body': 'ut aspernatur corporis harum nihil quis provident sequi\nmollitia nobis aliquid molestiae\nperspiciatis et ea nemo ab reprehenderit accusantium quas\nvoluptate dolores velit et doloremque molestiae'}, {'userId': 1, 'id': 7, 'title': 'magnam facilis autem', 'body': 'dolore placeat quibusdam ea quo vitae\nmagni quis enim qui quis quo nemo aut saepe\nquidem repellat excepturi ut quia\nsunt ut sequi eos ea sed quas'}, {'userId': 1, 'id': 8, 'title': 'dolorem dolore est ipsam', 'body': 'dignissimos aperiam dolorem qui eum\nfacilis quibusdam animi sint suscipit qui sint possimus cum\nquaerat magni maiores excepturi\nipsam ut commodi dolor voluptatum modi aut vitae'}, {'userId': 1, 'id': 9, 'title': 'nesciunt iure omnis dolorem tempora et accusantium', 'body': 'consectetur animi nesciunt iure dolore\nenim quia ad\nveniam autem ut quam aut nobis\net est aut quod aut provident voluptas autem voluptas'}, {'userId': 1, 'id': 10, 'title': 'optio molestias id quia eum', 'body': 'quo et expedita modi cum officia vel magni\ndoloribus qui repudiandae\nvero nisi sit\nquos veniam quod sed accusamus veritatis error'}, {'userId': 2, 'id': 11, 'title': 'et ea vero quia laudantium autem', 'body': 'delectus reiciendis molestiae occaecati non minima eveniet qui voluptatibus\naccusamus in eum beatae sit\nvel qui neque voluptates ut commodi qui incidunt\nut animi commodi'}, {'userId': 2, 'id': 12, 'title': 'in quibusdam tempore odit est dolorem', 'body': 'itaque id aut magnam\npraesentium quia et ea odit et ea voluptas et\nsapiente quia nihil amet occaecati quia id voluptatem\nincidunt ea est distinctio odio'}, {'userId': 2, 'id': 13, 'title': 'dolorum ut in voluptas mollitia et saepe quo animi', 'body': 'aut dicta possimus sint mollitia voluptas commodi quo doloremque\niste corrupti reiciendis voluptatem eius rerum\nsit cumque quod eligendi laborum minima\nperferendis recusandae assumenda consectetur porro architecto ipsum ipsam'}, {'userId': 2, 'id': 14, 'title': 'voluptatem eligendi optio', 'body': 'fuga et accusamus dolorum perferendis illo voluptas\nnon doloremque neque facere\nad qui dolorum molestiae beatae\nsed aut voluptas totam sit illum'}, {'userId': 2, 'id': 15, 'title': 'eveniet quod temporibus', 'body': 'reprehenderit quos placeat\nvelit minima officia dolores impedit repudiandae molestiae nam\nvoluptas recusandae quis delectus\nofficiis harum fugiat vitae'}, {'userId': 2, 'id': 16, 'title': 'sint suscipit perspiciatis velit dolorum rerum ipsa laboriosam odio', 'body': 'suscipit nam nisi quo aperiam aut\nasperiores eos fugit maiores voluptatibus quia\nvoluptatem quis ullam qui in alias quia est\nconsequatur magni mollitia accusamus ea nisi voluptate dicta'}, {'userId': 2, 'id': 17, 'title': 'fugit voluptas sed molestias voluptatem provident', 'body': 'eos voluptas et aut odit natus earum\naspernatur fuga molestiae ullam\ndeserunt ratione qui eos\nqui nihil ratione nemo velit ut aut id quo'}, {'userId': 2, 'id': 18, 'title': 'voluptate et itaque vero tempora molestiae', 'body': 'eveniet quo quis\nlaborum totam consequatur non dolor\nut et est repudiandae\nest voluptatem vel debitis et magnam'}, {'userId': 2, 'id': 19, 'title': 'adipisci placeat illum aut reiciendis qui', 'body': 'illum quis cupiditate provident sit magnam\nea sed aut omnis\nveniam maiores ullam consequatur atque\nadipisci quo iste expedita sit quos voluptas'}, {'userId': 2, 'id': 20, 'title': 'doloribus ad provident suscipit at', 'body': 'qui consequuntur ducimus possimus quisquam amet similique\nsuscipit porro ipsam amet\neos veritatis officiis exercitationem vel fugit aut necessitatibus totam\nomnis rerum consequatur expedita quidem cumque explicabo'}, {'userId': 3, 'id': 21, 'title': 'asperiores ea ipsam voluptatibus modi minima quia sint', 'body': 'repellat aliquid praesentium dolorem quo\nsed totam minus non itaque\nnihil labore molestiae sunt dolor eveniet hic recusandae veniam\ntempora et tenetur expedita sunt'}, {'userId': 3, 'id': 22, 'title': 'dolor sint quo a velit explicabo quia nam', 'body': 'eos qui et ipsum ipsam suscipit aut\nsed omnis non odio\nexpedita earum mollitia molestiae aut atque rem suscipit\nnam impedit esse'}, {'userId': 3, 'id': 23, 'title': 'maxime id vitae nihil numquam', 'body': 'veritatis unde neque eligendi\nquae quod architecto quo neque vitae\nest illo sit tempora doloremque fugit quod\net et vel beatae sequi ullam sed tenetur perspiciatis'}, {'userId': 3, 'id': 24, 'title': 'autem hic labore sunt dolores incidunt', 'body': 'enim et ex nulla\nomnis voluptas quia qui\nvoluptatem consequatur numquam aliquam sunt\ntotam recusandae id dignissimos aut sed asperiores deserunt'}, {'userId': 3, 'id': 25, 'title': 'rem alias distinctio quo quis', 'body': 'ullam consequatur ut\nomnis quis sit vel consequuntur\nipsa eligendi ipsum molestiae et omnis error nostrum\nmolestiae illo tempore quia et distinctio'}, {'userId': 3, 'id': 26, 'title': 'est et quae odit qui non', 'body': 'similique esse doloribus nihil accusamus\nomnis dolorem fuga consequuntur reprehenderit fugit recusandae temporibus\nperspiciatis cum ut laudantium\nomnis aut molestiae vel vero'}, {'userId': 3, 'id': 27, 'title': 'quasi id et eos tenetur aut quo autem', 'body': 'eum sed dolores ipsam sint possimus debitis occaecati\ndebitis qui qui et\nut placeat enim earum aut odit facilis\nconsequatur suscipit necessitatibus rerum sed inventore temporibus consequatur'}, {'userId': 3, 'id': 28, 'title': 'delectus ullam et corporis nulla voluptas sequi', 'body': 'non et quaerat ex quae ad maiores\nmaiores recusandae totam aut blanditiis mollitia quas illo\nut voluptatibus voluptatem\nsimilique nostrum eum'}, {'userId': 3, 'id': 29, 'title': 'iusto eius quod necessitatibus culpa ea', 'body': 'odit magnam ut saepe sed non qui\ntempora atque nihil\naccusamus illum doloribus illo dolor\neligendi repudiandae odit magni similique sed cum maiores'}, {'userId': 3, 'id': 30, 'title': 'a quo magni similique perferendis', 'body': 'alias dolor cumque\nimpedit blanditiis non eveniet odio maxime\nblanditiis amet eius quis tempora quia autem rem\na provident perspiciatis quia'}, {'userId': 4, 'id': 31, 'title': 'ullam ut quidem id aut vel consequuntur', 'body': 'debitis eius sed quibusdam non quis consectetur vitae\nimpedit ut qui consequatur sed aut in\nquidem sit nostrum et maiores adipisci atque\nquaerat voluptatem adipisci repudiandae'}, {'userId': 4, 'id': 32, 'title': 'doloremque illum aliquid sunt', 'body': 'deserunt eos nobis asperiores et hic\nest debitis repellat molestiae optio\nnihil ratione ut eos beatae quibusdam distinctio maiores\nearum voluptates et aut adipisci ea maiores voluptas maxime'}, {'userId': 4, 'id': 33, 'title': 'qui explicabo molestiae dolorem', 'body': 'rerum ut et numquam laborum odit est sit\nid qui sint in\nquasi tenetur tempore aperiam et quaerat qui in\nrerum officiis sequi cumque quod'}, {'userId': 4, 'id': 34, 'title': 'magnam ut rerum iure', 'body': 'ea velit perferendis earum ut voluptatem voluptate itaque iusto\ntotam pariatur in\nnemo voluptatem voluptatem autem magni tempora minima in\nest distinctio qui assumenda accusamus dignissimos officia nesciunt nobis'}, {'userId': 4, 'id': 35, 'title': 'id nihil consequatur molestias animi provident', 'body': 'nisi error delectus possimus ut eligendi vitae\nplaceat eos harum cupiditate facilis reprehenderit voluptatem beatae\nmodi ducimus quo illum voluptas eligendi\net nobis quia fugit'}, {'userId': 4, 'id': 36, 'title': 'fuga nam accusamus voluptas reiciendis itaque', 'body': 'ad mollitia et omnis minus architecto odit\nvoluptas doloremque maxime aut non ipsa qui alias veniam\nblanditiis culpa aut quia nihil cumque facere et occaecati\nqui aspernatur quia eaque ut aperiam inventore'}, {'userId': 4, 'id': 37, 'title': 'provident vel ut sit ratione est', 'body': 'debitis et eaque non officia sed nesciunt pariatur vel\nvoluptatem iste vero et ea\nnumquam aut expedita ipsum nulla in\nvoluptates omnis consequatur aut enim officiis in quam qui'}, {'userId': 4, 'id': 38, 'title': 'explicabo et eos deleniti nostrum ab id repellendus', 'body': 'animi esse sit aut sit nesciunt assumenda eum voluptas\nquia voluptatibus provident quia necessitatibus ea\nrerum repudiandae quia voluptatem delectus fugit aut id quia\nratione optio eos iusto veniam iure'}, {'userId': 4, 'id': 39, 'title': 'eos dolorem iste accusantium est eaque quam', 'body': 'corporis rerum ducimus vel eum accusantium\nmaxime aspernatur a porro possimus iste omnis\nest in deleniti asperiores fuga aut\nvoluptas sapiente vel dolore minus voluptatem incidunt ex'}, {'userId': 4, 'id': 40, 'title': 'enim quo cumque', 'body': 'ut voluptatum aliquid illo tenetur nemo sequi quo facilis\nipsum rem optio mollitia quas\nvoluptatem eum voluptas qui\nunde omnis voluptatem iure quasi maxime voluptas nam'}, {'userId': 5, 'id': 41, 'title': 'non est facere', 'body': 'molestias id nostrum\nexcepturi molestiae dolore omnis repellendus quaerat saepe\nconsectetur iste quaerat tenetur asperiores accusamus ex ut\nnam quidem est ducimus sunt debitis saepe'}, {'userId': 5, 'id': 42, 'title': 'commodi ullam sint et excepturi error explicabo praesentium voluptas', 'body': 'odio fugit voluptatum ducimus earum autem est incidunt voluptatem\nodit reiciendis aliquam sunt sequi nulla dolorem\nnon facere repellendus voluptates quia\nratione harum vitae ut'}, {'userId': 5, 'id': 43, 'title': 'eligendi iste nostrum consequuntur adipisci praesentium sit beatae perferendis', 'body': 'similique fugit est\nillum et dolorum harum et voluptate eaque quidem\nexercitationem quos nam commodi possimus cum odio nihil nulla\ndolorum exercitationem magnam ex et a et distinctio debitis'}, {'userId': 5, 'id': 44, 'title': 'optio dolor molestias sit', 'body': 'temporibus est consectetur dolore\net libero debitis vel velit laboriosam quia\nipsum quibusdam qui itaque fuga rem aut\nea et iure quam sed maxime ut distinctio quae'}, {'userId': 5, 'id': 45, 'title': 'ut numquam possimus omnis eius suscipit laudantium iure', 'body': 'est natus reiciendis nihil possimus aut provident\nex et dolor\nrepellat pariatur est\nnobis rerum repellendus dolorem autem'}, {'userId': 5, 'id': 46, 'title': 'aut quo modi neque nostrum ducimus', 'body': 'voluptatem quisquam iste\nvoluptatibus natus officiis facilis dolorem\nquis quas ipsam\nvel et voluptatum in aliquid'}, {'userId': 5, 'id': 47, 'title': 'quibusdam cumque rem aut deserunt', 'body': 'voluptatem assumenda ut qui ut cupiditate aut impedit veniam\noccaecati nemo illum voluptatem laudantium\nmolestiae beatae rerum ea iure soluta nostrum\neligendi et voluptate'}, {'userId': 5, 'id': 48, 'title': 'ut voluptatem illum ea doloribus itaque eos', 'body': 'voluptates quo voluptatem facilis iure occaecati\nvel assumenda rerum officia et\nillum perspiciatis ab deleniti\nlaudantium repellat ad ut et autem reprehenderit'}, {'userId': 5, 'id': 49, 'title': 'laborum non sunt aut ut assumenda perspiciatis voluptas', 'body': 'inventore ab sint\nnatus fugit id nulla sequi architecto nihil quaerat\neos tenetur in in eum veritatis non\nquibusdam officiis aspernatur cumque aut commodi aut'}, {'userId': 5, 'id': 50, 'title': 'repellendus qui recusandae incidunt voluptates tenetur qui omnis exercitationem', 'body': 'error suscipit maxime adipisci consequuntur recusandae\nvoluptas eligendi et est et voluptates\nquia distinctio ab amet quaerat molestiae et vitae\nadipisci impedit sequi nesciunt quis consectetur'}, {'userId': 6, 'id': 51, 'title': 'soluta aliquam aperiam consequatur illo quis voluptas', 'body': 'sunt dolores aut doloribus\ndolore doloribus voluptates tempora et\ndoloremque et quo\ncum asperiores sit consectetur dolorem'}, {'userId': 6, 'id': 52, 'title': 'qui enim et consequuntur quia animi quis voluptate quibusdam', 'body': 'iusto est quibusdam fuga quas quaerat molestias\na enim ut sit accusamus enim\ntemporibus iusto accusantium provident architecto\nsoluta esse reprehenderit qui laborum'}, {'userId': 6, 'id': 53, 'title': 'ut quo aut ducimus alias', 'body': 'minima harum praesentium eum rerum illo dolore\nquasi exercitationem rerum nam\nporro quis neque quo\nconsequatur minus dolor quidem veritatis sunt non explicabo similique'}, {'userId': 6, 'id': 54, 'title': 'sit asperiores ipsam eveniet odio non quia', 'body': 'totam corporis dignissimos\nvitae dolorem ut occaecati accusamus\nex velit deserunt\net exercitationem vero incidunt corrupti mollitia'}, {'userId': 6, 'id': 55, 'title': 'sit vel voluptatem et non libero', 'body': 'debitis excepturi ea perferendis harum libero optio\neos accusamus cum fuga ut sapiente repudiandae\net ut incidunt omnis molestiae\nnihil ut eum odit'}, {'userId': 6, 'id': 56, 'title': 'qui et at rerum necessitatibus', 'body': 'aut est omnis dolores\nneque rerum quod ea rerum velit pariatur beatae excepturi\net provident voluptas corrupti\ncorporis harum reprehenderit dolores eligendi'}, {'userId': 6, 'id': 57, 'title': 'sed ab est est', 'body': 'at pariatur consequuntur earum quidem\nquo est laudantium soluta voluptatem\nqui ullam et est\net cum voluptas voluptatum repellat est'}, {'userId': 6, 'id': 58, 'title': 'voluptatum itaque dolores nisi et quasi', 'body': 'veniam voluptatum quae adipisci id\net id quia eos ad et dolorem\naliquam quo nisi sunt eos impedit error\nad similique veniam'}, {'userId': 6, 'id': 59, 'title': 'qui commodi dolor at maiores et quis id accusantium', 'body': 'perspiciatis et quam ea autem temporibus non voluptatibus qui\nbeatae a earum officia nesciunt dolores suscipit voluptas et\nanimi doloribus cum rerum quas et magni\net hic ut ut commodi expedita sunt'}, {'userId': 6, 'id': 60, 'title': 'consequatur placeat omnis quisquam quia reprehenderit fugit veritatis facere', 'body': 'asperiores sunt ab assumenda cumque modi velit\nqui esse omnis\nvoluptate et fuga perferendis voluptas\nillo ratione amet aut et omnis'}, {'userId': 7, 'id': 61, 'title': 'voluptatem doloribus consectetur est ut ducimus', 'body': 'ab nemo optio odio\ndelectus tenetur corporis similique nobis repellendus rerum omnis facilis\nvero blanditiis debitis in nesciunt doloribus dicta dolores\nmagnam minus velit'}, {'userId': 7, 'id': 62, 'title': 'beatae enim quia vel', 'body': 'enim aspernatur illo distinctio quae praesentium\nbeatae alias amet delectus qui voluptate distinctio\nodit sint accusantium autem omnis\nquo molestiae omnis ea eveniet optio'}, {'userId': 7, 'id': 63, 'title': 'voluptas blanditiis repellendus animi ducimus error sapiente et suscipit', 'body': 'enim adipisci aspernatur nemo\nnumquam omnis facere dolorem dolor ex quis temporibus incidunt\nab delectus culpa quo reprehenderit blanditiis asperiores\naccusantium ut quam in voluptatibus voluptas ipsam dicta'}, {'userId': 7, 'id': 64, 'title': 'et fugit quas eum in in aperiam quod', 'body': 'id velit blanditiis\neum ea voluptatem\nmolestiae sint occaecati est eos perspiciatis\nincidunt a error provident eaque aut aut qui'}, {'userId': 7, 'id': 65, 'title': 'consequatur id enim sunt et et', 'body': 'voluptatibus ex esse\nsint explicabo est aliquid cumque adipisci fuga repellat labore\nmolestiae corrupti ex saepe at asperiores et perferendis\nnatus id esse incidunt pariatur'}, {'userId': 7, 'id': 66, 'title': 'repudiandae ea animi iusto', 'body': 'officia veritatis tenetur vero qui itaque\nsint non ratione\nsed et ut asperiores iusto eos molestiae nostrum\nveritatis quibusdam et nemo iusto saepe'}, {'userId': 7, 'id': 67, 'title': 'aliquid eos sed fuga est maxime repellendus', 'body': 'reprehenderit id nostrum\nvoluptas doloremque pariatur sint et accusantium quia quod aspernatur\net fugiat amet\nnon sapiente et consequatur necessitatibus molestiae'}, {'userId': 7, 'id': 68, 'title': 'odio quis facere architecto reiciendis optio', 'body': 'magnam molestiae perferendis quisquam\nqui cum reiciendis\nquaerat animi amet hic inventore\nea quia deleniti quidem saepe porro velit'}, {'userId': 7, 'id': 69, 'title': 'fugiat quod pariatur odit minima', 'body': 'officiis error culpa consequatur modi asperiores et\ndolorum assumenda voluptas et vel qui aut vel rerum\nvoluptatum quisquam perspiciatis quia rerum consequatur totam quas\nsequi commodi repudiandae asperiores et saepe a'}, {'userId': 7, 'id': 70, 'title': 'voluptatem laborum magni', 'body': 'sunt repellendus quae\nest asperiores aut deleniti esse accusamus repellendus quia aut\nquia dolorem unde\neum tempora esse dolore'}, {'userId': 8, 'id': 71, 'title': 'et iusto veniam et illum aut fuga', 'body': 'occaecati a doloribus\niste saepe consectetur placeat eum voluptate dolorem et\nqui quo quia voluptas\nrerum ut id enim velit est perferendis'}, {'userId': 8, 'id': 72, 'title': 'sint hic doloribus consequatur eos non id', 'body': 'quam occaecati qui deleniti consectetur\nconsequatur aut facere quas exercitationem aliquam hic voluptas\nneque id sunt ut aut accusamus\nsunt consectetur expedita inventore velit'}, {'userId': 8, 'id': 73, 'title': 'consequuntur deleniti eos quia temporibus ab aliquid at', 'body': 'voluptatem cumque tenetur consequatur expedita ipsum nemo quia explicabo\naut eum minima consequatur\ntempore cumque quae est et\net in consequuntur voluptatem voluptates aut'}, {'userId': 8, 'id': 74, 'title': 'enim unde ratione doloribus quas enim ut sit sapiente', 'body': 'odit qui et et necessitatibus sint veniam\nmollitia amet doloremque molestiae commodi similique magnam et quam\nblanditiis est itaque\nquo et tenetur ratione occaecati molestiae tempora'}, {'userId': 8, 'id': 75, 'title': 'dignissimos eum dolor ut enim et delectus in', 'body': 'commodi non non omnis et voluptas sit\nautem aut nobis magnam et sapiente voluptatem\net laborum repellat qui delectus facilis temporibus\nrerum amet et nemo voluptate expedita adipisci error dolorem'}, {'userId': 8, 'id': 76, 'title': 'doloremque officiis ad et non perferendis', 'body': 'ut animi facere\ntotam iusto tempore\nmolestiae eum aut et dolorem aperiam\nquaerat recusandae totam odio'}, {'userId': 8, 'id': 77, 'title': 'necessitatibus quasi exercitationem odio', 'body': 'modi ut in nulla repudiandae dolorum nostrum eos\naut consequatur omnis\nut incidunt est omnis iste et quam\nvoluptates sapiente aliquam asperiores nobis amet corrupti repudiandae provident'}, {'userId': 8, 'id': 78, 'title': 'quam voluptatibus rerum veritatis', 'body': 'nobis facilis odit tempore cupiditate quia\nassumenda doloribus rerum qui ea\nillum et qui totam\naut veniam repellendus'}, {'userId': 8, 'id': 79, 'title': 'pariatur consequatur quia magnam autem omnis non amet', 'body': 'libero accusantium et et facere incidunt sit dolorem\nnon excepturi qui quia sed laudantium\nquisquam molestiae ducimus est\nofficiis esse molestiae iste et quos'}, {'userId': 8, 'id': 80, 'title': 'labore in ex et explicabo corporis aut quas', 'body': 'ex quod dolorem ea eum iure qui provident amet\nquia qui facere excepturi et repudiandae\nasperiores molestias provident\nminus incidunt vero fugit rerum sint sunt excepturi provident'}, {'userId': 9, 'id': 81, 'title': 'tempora rem veritatis voluptas quo dolores vero', 'body': 'facere qui nesciunt est voluptatum voluptatem nisi\nsequi eligendi necessitatibus ea at rerum itaque\nharum non ratione velit laboriosam quis consequuntur\nex officiis minima doloremque voluptas ut aut'}, {'userId': 9, 'id': 82, 'title': 'laudantium voluptate suscipit sunt enim enim', 'body': 'ut libero sit aut totam inventore sunt\nporro sint qui sunt molestiae\nconsequatur cupiditate qui iste ducimus adipisci\ndolor enim assumenda soluta laboriosam amet iste delectus hic'}, {'userId': 9, 'id': 83, 'title': 'odit et voluptates doloribus alias odio et', 'body': 'est molestiae facilis quis tempora numquam nihil qui\nvoluptate sapiente consequatur est qui\nnecessitatibus autem aut ipsa aperiam modi dolore numquam\nreprehenderit eius rem quibusdam'}, {'userId': 9, 'id': 84, 'title': 'optio ipsam molestias necessitatibus occaecati facilis veritatis dolores aut', 'body': 'sint molestiae magni a et quos\neaque et quasi\nut rerum debitis similique veniam\nrecusandae dignissimos dolor incidunt consequatur odio'}, {'userId': 9, 'id': 85, 'title': 'dolore veritatis porro provident adipisci blanditiis et sunt', 'body': 'similique sed nisi voluptas iusto omnis\nmollitia et quo\nassumenda suscipit officia magnam sint sed tempora\nenim provident pariatur praesentium atque animi amet ratione'}, {'userId': 9, 'id': 86, 'title': 'placeat quia et porro iste', 'body': 'quasi excepturi consequatur iste autem temporibus sed molestiae beatae\net quaerat et esse ut\nvoluptatem occaecati et vel explicabo autem\nasperiores pariatur deserunt optio'}, {'userId': 9, 'id': 87, 'title': 'nostrum quis quasi placeat', 'body': 'eos et molestiae\nnesciunt ut a\ndolores perspiciatis repellendus repellat aliquid\nmagnam sint rem ipsum est'}, {'userId': 9, 'id': 88, 'title': 'sapiente omnis fugit eos', 'body': 'consequatur omnis est praesentium\nducimus non iste\nneque hic deserunt\nvoluptatibus veniam cum et rerum sed'}, {'userId': 9, 'id': 89, 'title': 'sint soluta et vel magnam aut ut sed qui', 'body': 'repellat aut aperiam totam temporibus autem et\narchitecto magnam ut\nconsequatur qui cupiditate rerum quia soluta dignissimos nihil iure\ntempore quas est'}, {'userId': 9, 'id': 90, 'title': 'ad iusto omnis odit dolor voluptatibus', 'body': 'minus omnis soluta quia\nqui sed adipisci voluptates illum ipsam voluptatem\neligendi officia ut in\neos soluta similique molestias praesentium blanditiis'}, {'userId': 10, 'id': 91, 'title': 'aut amet sed', 'body': 'libero voluptate eveniet aperiam sed\nsunt placeat suscipit molestias\nsimilique fugit nam natus\nexpedita consequatur consequatur dolores quia eos et placeat'}, {'userId': 10, 'id': 92, 'title': 'ratione ex tenetur perferendis', 'body': 'aut et excepturi dicta laudantium sint rerum nihil\nlaudantium et at\na neque minima officia et similique libero et\ncommodi voluptate qui'}, {'userId': 10, 'id': 93, 'title': 'beatae soluta recusandae', 'body': 'dolorem quibusdam ducimus consequuntur dicta aut quo laboriosam\nvoluptatem quis enim recusandae ut sed sunt\nnostrum est odit totam\nsit error sed sunt eveniet provident qui nulla'}, {'userId': 10, 'id': 94, 'title': 'qui qui voluptates illo iste minima', 'body': 'aspernatur expedita soluta quo ab ut similique\nexpedita dolores amet\nsed temporibus distinctio magnam saepe deleniti\nomnis facilis nam ipsum natus sint similique omnis'}, {'userId': 10, 'id': 95, 'title': 'id minus libero illum nam ad officiis', 'body': 'earum voluptatem facere provident blanditiis velit laboriosam\npariatur accusamus odio saepe\ncumque dolor qui a dicta ab doloribus consequatur omnis\ncorporis cupiditate eaque assumenda ad nesciunt'}, {'userId': 10, 'id': 96, 'title': 'quaerat velit veniam amet cupiditate aut numquam ut sequi', 'body': 'in non odio excepturi sint eum\nlabore voluptates vitae quia qui et\ninventore itaque rerum\nveniam non exercitationem delectus aut'}, {'userId': 10, 'id': 97, 'title': 'quas fugiat ut perspiciatis vero provident', 'body': 'eum non blanditiis soluta porro quibusdam voluptas\nvel voluptatem qui placeat dolores qui velit aut\nvel inventore aut cumque culpa explicabo aliquid at\nperspiciatis est et voluptatem dignissimos dolor itaque sit nam'}, {'userId': 10, 'id': 98, 'title': 'laboriosam dolor voluptates', 'body': 'doloremque ex facilis sit sint culpa\nsoluta assumenda eligendi non ut eius\nsequi ducimus vel quasi\nveritatis est dolores'}, {'userId': 10, 'id': 99, 'title': 'temporibus sit alias delectus eligendi possimus magni', 'body': 'quo deleniti praesentium dicta non quod\naut est molestias\nmolestias et officia quis nihil\nitaque dolorem quia'}, {'userId': 10, 'id': 100, 'title': 'at nam consequatur ea labore ea harum', 'body': 'cupiditate quo est a modi nesciunt soluta\nipsa voluptas error itaque dicta in\nautem qui minus magnam et distinctio eum\naccusamus ratione error aut'}]
2026-06-10 01:48:18,497 - INFO - 
get_posts() finished

2026-06-10 01:48:18,500 - INFO - 
get_users() started

2026-06-10 01:48:19,738 - DEBUG - HTTP client created
2026-06-10 01:48:19,743 - DEBUG - connect_tcp.started host='127.0.0.1' port=50422 local_address=None timeout=5.0 socket_options=None
2026-06-10 01:48:19,746 - DEBUG - connect_tcp.complete return_value=<httpcore._backends.anyio.AnyIOStream object at 0x0000012CE70CD310>
2026-06-10 01:48:19,747 - DEBUG - send_request_headers.started request=<Request [b'CONNECT']>
2026-06-10 01:48:19,748 - DEBUG - send_request_headers.complete
2026-06-10 01:48:19,748 - DEBUG - send_request_body.started request=<Request [b'CONNECT']>
2026-06-10 01:48:19,748 - DEBUG - send_request_body.complete
2026-06-10 01:48:19,748 - DEBUG - receive_response_headers.started request=<Request [b'CONNECT']>
2026-06-10 01:48:19,777 - DEBUG - receive_response_headers.complete return_value=(b'HTTP/1.1', 200, b'OK', [])
2026-06-10 01:48:19,777 - DEBUG - start_tls.started ssl_context=<ssl.SSLContext object at 0x0000012CE7043D40> server_hostname='jsonplaceholder.typicode.com' timeout=5.0
2026-06-10 01:48:19,803 - DEBUG - start_tls.complete return_value=<httpcore._backends.anyio.AnyIOStream object at 0x0000012CE70A4FC0>
2026-06-10 01:48:19,804 - DEBUG - send_request_headers.started request=<Request [b'GET']>
2026-06-10 01:48:19,805 - DEBUG - send_request_headers.complete
2026-06-10 01:48:19,805 - DEBUG - send_request_body.started request=<Request [b'GET']>
2026-06-10 01:48:19,806 - DEBUG - send_request_body.complete
2026-06-10 01:48:19,806 - DEBUG - receive_response_headers.started request=<Request [b'GET']>
2026-06-10 01:48:19,894 - DEBUG - receive_response_headers.complete return_value=(b'HTTP/1.1', 200, b'OK', [(b'Date', b'Tue, 09 Jun 2026 21:48:22 GMT'), (b'Content-Type', b'application/json; charset=utf-8'), (b'Content-Length', b'1847'), (b'Connection', b'keep-alive'), (b'Access-Control-Allow-Credentials', b'true'), (b'Cache-Control', b'max-age=43200'), (b'Content-Encoding', b'gzip'), (b'Etag', b'W/"160d-1eMSsxeJRfnVLRBmYJSbCiJZ1qQ"'), (b'Expires', b'-1'), (b'Nel', b'{"report_to":"heroku-nel","response_headers":["Via"],"max_age":3600,"success_fraction":0.01,"failure_fraction":0.1}'), (b'Pragma', b'no-cache'), (b'Report-To', b'{"group":"heroku-nel","endpoints":[{"url":"https://nel.heroku.com/reports?s=rX0hNbT6HQlnHmtbQx1TTDBPTGPf7UlnaOELZo1kY0o%3D\\u0026sid=e11707d5-02a7-43ef-b45e-2cf4d2036f7d\\u0026ts=1779908048"}],"max_age":3600}'), (b'Reporting-Endpoints', b'heroku-nel="https://nel.heroku.com/reports?s=rX0hNbT6HQlnHmtbQx1TTDBPTGPf7UlnaOELZo1kY0o%3D&sid=e11707d5-02a7-43ef-b45e-2cf4d2036f7d&ts=1779908048"'), (b'Server', b'cloudflare'), (b'Vary', b'Origin, Accept-Encoding'), (b'Via', b'2.0 heroku-router'), (b'X-Content-Type-Options', b'nosniff'), (b'X-Powered-By', b'Express'), (b'X-Ratelimit-Limit', b'1000'), (b'X-Ratelimit-Remaining', b'999'), (b'X-Ratelimit-Reset', b'1779908071'), (b'Age', b'12932'), (b'Accept-Ranges', b'bytes'), (b'Cf-Cache-Status', b'HIT'), (b'CF-RAY', b'a09357119ce3a4a3-TBS'), (b'alt-svc', b'h3=":443"; ma=86400')])
2026-06-10 01:48:19,895 - INFO - HTTP Request: GET https://jsonplaceholder.typicode.com/users "HTTP/1.1 200 OK"
2026-06-10 01:48:19,895 - DEBUG - receive_response_body.started request=<Request [b'GET']>
2026-06-10 01:48:19,907 - DEBUG - receive_response_body.complete
2026-06-10 01:48:19,908 - DEBUG - response_closed.started
2026-06-10 01:48:19,909 - DEBUG - response_closed.complete
2026-06-10 01:48:19,910 - INFO - Request sent to https://jsonplaceholder.typicode.com/users
2026-06-10 01:48:19,910 - INFO - Response status: 200 OK
2026-06-10 01:48:19,910 - DEBUG - Users received: 10 items
2026-06-10 01:48:19,910 - INFO - Users found: [{'id': 1, 'name': 'Leanne Graham', 'username': 'Bret', 'email': 'Sincere@april.biz', 'address': {'street': 'Kulas Light', 'suite': 'Apt. 556', 'city': 'Gwenborough', 'zipcode': '92998-3874', 'geo': {'lat': '-37.3159', 'lng': '81.1496'}}, 'phone': '1-770-736-8031 x56442', 'website': 'hildegard.org', 'company': {'name': 'Romaguera-Crona', 'catchPhrase': 'Multi-layered client-server neural-net', 'bs': 'harness real-time e-markets'}}, {'id': 2, 'name': 'Ervin Howell', 'username': 'Antonette', 'email': 'Shanna@melissa.tv', 'address': {'street': 'Victor Plains', 'suite': 'Suite 879', 'city': 'Wisokyburgh', 'zipcode': '90566-7771', 'geo': {'lat': '-43.9509', 'lng': '-34.4618'}}, 'phone': '010-692-6593 x09125', 'website': 'anastasia.net', 'company': {'name': 'Deckow-Crist', 'catchPhrase': 'Proactive didactic contingency', 'bs': 'synergize scalable supply-chains'}}, {'id': 3, 'name': 'Clementine Bauch', 'username': 'Samantha', 'email': 'Nathan@yesenia.net', 'address': {'street': 'Douglas Extension', 'suite': 'Suite 847', 'city': 'McKenziehaven', 'zipcode': '59590-4157', 'geo': {'lat': '-68.6102', 'lng': '-47.0653'}}, 'phone': '1-463-123-4447', 'website': 'ramiro.info', 'company': {'name': 'Romaguera-Jacobson', 'catchPhrase': 'Face to face bifurcated interface', 'bs': 'e-enable strategic applications'}}, {'id': 4, 'name': 'Patricia Lebsack', 'username': 'Karianne', 'email': 'Julianne.OConner@kory.org', 'address': {'street': 'Hoeger Mall', 'suite': 'Apt. 692', 'city': 'South Elvis', 'zipcode': '53919-4257', 'geo': {'lat': '29.4572', 'lng': '-164.2990'}}, 'phone': '493-170-9623 x156', 'website': 'kale.biz', 'company': {'name': 'Robel-Corkery', 'catchPhrase': 'Multi-tiered zero tolerance productivity', 'bs': 'transition cutting-edge web services'}}, {'id': 5, 'name': 'Chelsey Dietrich', 'username': 'Kamren', 'email': 'Lucio_Hettinger@annie.ca', 'address': {'street': 'Skiles Walks', 'suite': 'Suite 351', 'city': 'Roscoeview', 'zipcode': '33263', 'geo': {'lat': '-31.8129', 'lng': '62.5342'}}, 'phone': '(254)954-1289', 'website': 'demarco.info', 'company': {'name': 'Keebler LLC', 'catchPhrase': 'User-centric fault-tolerant solution', 'bs': 'revolutionize end-to-end systems'}}, {'id': 6, 'name': 'Mrs. Dennis Schulist', 'username': 'Leopoldo_Corkery', 'email': 'Karley_Dach@jasper.info', 'address': {'street': 'Norberto Crossing', 'suite': 'Apt. 950', 'city': 'South Christy', 'zipcode': '23505-1337', 'geo': {'lat': '-71.4197', 'lng': '71.7478'}}, 'phone': '1-477-935-8478 x6430', 'website': 'ola.org', 'company': {'name': 'Considine-Lockman', 'catchPhrase': 'Synchronised bottom-line interface', 'bs': 'e-enable innovative applications'}}, {'id': 7, 'name': 'Kurtis Weissnat', 'username': 'Elwyn.Skiles', 'email': 'Telly.Hoeger@billy.biz', 'address': {'street': 'Rex Trail', 'suite': 'Suite 280', 'city': 'Howemouth', 'zipcode': '58804-1099', 'geo': {'lat': '24.8918', 'lng': '21.8984'}}, 'phone': '210.067.6132', 'website': 'elvis.io', 'company': {'name': 'Johns Group', 'catchPhrase': 'Configurable multimedia task-force', 'bs': 'generate enterprise e-tailers'}}, {'id': 8, 'name': 'Nicholas Runolfsdottir V', 'username': 'Maxime_Nienow', 'email': 'Sherwood@rosamond.me', 'address': {'street': 'Ellsworth Summit', 'suite': 'Suite 729', 'city': 'Aliyaview', 'zipcode': '45169', 'geo': {'lat': '-14.3990', 'lng': '-120.7677'}}, 'phone': '586.493.6943 x140', 'website': 'jacynthe.com', 'company': {'name': 'Abernathy Group', 'catchPhrase': 'Implemented secondary concept', 'bs': 'e-enable extensible e-tailers'}}, {'id': 9, 'name': 'Glenna Reichert', 'username': 'Delphine', 'email': 'Chaim_McDermott@dana.io', 'address': {'street': 'Dayna Park', 'suite': 'Suite 449', 'city': 'Bartholomebury', 'zipcode': '76495-3109', 'geo': {'lat': '24.6463', 'lng': '-168.8889'}}, 'phone': '(775)976-6794 x41206', 'website': 'conrad.com', 'company': {'name': 'Yost and Sons', 'catchPhrase': 'Switchable contextually-based project', 'bs': 'aggregate real-time technologies'}}, {'id': 10, 'name': 'Clementina DuBuque', 'username': 'Moriah.Stanton', 'email': 'Rey.Padberg@karina.biz', 'address': {'street': 'Kattie Turnpike', 'suite': 'Suite 198', 'city': 'Lebsackbury', 'zipcode': '31428-2261', 'geo': {'lat': '-38.2386', 'lng': '57.2232'}}, 'phone': '024-648-3804', 'website': 'ambrose.net', 'company': {'name': 'Hoeger LLC', 'catchPhrase': 'Centralized empowering task-force', 'bs': 'target end-to-end models'}}]
2026-06-10 01:48:19,913 - INFO - 
get_users() finished

2026-06-10 01:48:19,920 - INFO - Program result: [{'id': 1, 'name': 'Leanne Graham', 'username': 'Bret', 'email': 'Sincere@april.biz', 'address': {'street': 'Kulas Light', 'suite': 'Apt. 556', 'city': 'Gwenborough', 'zipcode': '92998-3874', 'geo': {'lat': '-37.3159', 'lng': '81.1496'}}, 'phone': '1-770-736-8031 x56442', 'website': 'hildegard.org', 'company': {'name': 'Romaguera-Crona', 'catchPhrase': 'Multi-layered client-server neural-net', 'bs': 'harness real-time e-markets'}}, {'id': 2, 'name': 'Ervin Howell', 'username': 'Antonette', 'email': 'Shanna@melissa.tv', 'address': {'street': 'Victor Plains', 'suite': 'Suite 879', 'city': 'Wisokyburgh', 'zipcode': '90566-7771', 'geo': {'lat': '-43.9509', 'lng': '-34.4618'}}, 'phone': '010-692-6593 x09125', 'website': 'anastasia.net', 'company': {'name': 'Deckow-Crist', 'catchPhrase': 'Proactive didactic contingency', 'bs': 'synergize scalable supply-chains'}}, {'id': 3, 'name': 'Clementine Bauch', 'username': 'Samantha', 'email': 'Nathan@yesenia.net', 'address': {'street': 'Douglas Extension', 'suite': 'Suite 847', 'city': 'McKenziehaven', 'zipcode': '59590-4157', 'geo': {'lat': '-68.6102', 'lng': '-47.0653'}}, 'phone': '1-463-123-4447', 'website': 'ramiro.info', 'company': {'name': 'Romaguera-Jacobson', 'catchPhrase': 'Face to face bifurcated interface', 'bs': 'e-enable strategic applications'}}, {'id': 4, 'name': 'Patricia Lebsack', 'username': 'Karianne', 'email': 'Julianne.OConner@kory.org', 'address': {'street': 'Hoeger Mall', 'suite': 'Apt. 692', 'city': 'South Elvis', 'zipcode': '53919-4257', 'geo': {'lat': '29.4572', 'lng': '-164.2990'}}, 'phone': '493-170-9623 x156', 'website': 'kale.biz', 'company': {'name': 'Robel-Corkery', 'catchPhrase': 'Multi-tiered zero tolerance productivity', 'bs': 'transition cutting-edge web services'}}, {'id': 5, 'name': 'Chelsey Dietrich', 'username': 'Kamren', 'email': 'Lucio_Hettinger@annie.ca', 'address': {'street': 'Skiles Walks', 'suite': 'Suite 351', 'city': 'Roscoeview', 'zipcode': '33263', 'geo': {'lat': '-31.8129', 'lng': '62.5342'}}, 'phone': '(254)954-1289', 'website': 'demarco.info', 'company': {'name': 'Keebler LLC', 'catchPhrase': 'User-centric fault-tolerant solution', 'bs': 'revolutionize end-to-end systems'}}, {'id': 6, 'name': 'Mrs. Dennis Schulist', 'username': 'Leopoldo_Corkery', 'email': 'Karley_Dach@jasper.info', 'address': {'street': 'Norberto Crossing', 'suite': 'Apt. 950', 'city': 'South Christy', 'zipcode': '23505-1337', 'geo': {'lat': '-71.4197', 'lng': '71.7478'}}, 'phone': '1-477-935-8478 x6430', 'website': 'ola.org', 'company': {'name': 'Considine-Lockman', 'catchPhrase': 'Synchronised bottom-line interface', 'bs': 'e-enable innovative applications'}}, {'id': 7, 'name': 'Kurtis Weissnat', 'username': 'Elwyn.Skiles', 'email': 'Telly.Hoeger@billy.biz', 'address': {'street': 'Rex Trail', 'suite': 'Suite 280', 'city': 'Howemouth', 'zipcode': '58804-1099', 'geo': {'lat': '24.8918', 'lng': '21.8984'}}, 'phone': '210.067.6132', 'website': 'elvis.io', 'company': {'name': 'Johns Group', 'catchPhrase': 'Configurable multimedia task-force', 'bs': 'generate enterprise e-tailers'}}, {'id': 8, 'name': 'Nicholas Runolfsdottir V', 'username': 'Maxime_Nienow', 'email': 'Sherwood@rosamond.me', 'address': {'street': 'Ellsworth Summit', 'suite': 'Suite 729', 'city': 'Aliyaview', 'zipcode': '45169', 'geo': {'lat': '-14.3990', 'lng': '-120.7677'}}, 'phone': '586.493.6943 x140', 'website': 'jacynthe.com', 'company': {'name': 'Abernathy Group', 'catchPhrase': 'Implemented secondary concept', 'bs': 'e-enable extensible e-tailers'}}, {'id': 9, 'name': 'Glenna Reichert', 'username': 'Delphine', 'email': 'Chaim_McDermott@dana.io', 'address': {'street': 'Dayna Park', 'suite': 'Suite 449', 'city': 'Bartholomebury', 'zipcode': '76495-3109', 'geo': {'lat': '24.6463', 'lng': '-168.8889'}}, 'phone': '(775)976-6794 x41206', 'website': 'conrad.com', 'company': {'name': 'Yost and Sons', 'catchPhrase': 'Switchable contextually-based project', 'bs': 'aggregate real-time technologies'}}, {'id': 10, 'name': 'Clementina DuBuque', 'username': 'Moriah.Stanton', 'email': 'Rey.Padberg@karina.biz', 'address': {'street': 'Kattie Turnpike', 'suite': 'Suite 198', 'city': 'Lebsackbury', 'zipcode': '31428-2261', 'geo': {'lat': '-38.2386', 'lng': '57.2232'}}, 'phone': '024-648-3804', 'website': 'ambrose.net', 'company': {'name': 'Hoeger LLC', 'catchPhrase': 'Centralized empowering task-force', 'bs': 'target end-to-end models'}}] - [{'userId': 1, 'id': 1, 'title': 'sunt aut facere repellat provident occaecati excepturi optio reprehenderit', 'body': 'quia et suscipit\nsuscipit recusandae consequuntur expedita et cum\nreprehenderit molestiae ut ut quas totam\nnostrum rerum est autem sunt rem eveniet architecto'}, {'userId': 1, 'id': 2, 'title': 'qui est esse', 'body': 'est rerum tempore vitae\nsequi sint nihil reprehenderit dolor beatae ea dolores neque\nfugiat blanditiis voluptate porro vel nihil molestiae ut reiciendis\nqui aperiam non debitis possimus qui neque nisi nulla'}, {'userId': 1, 'id': 3, 'title': 'ea molestias quasi exercitationem repellat qui ipsa sit aut', 'body': 'et iusto sed quo iure\nvoluptatem occaecati omnis eligendi aut ad\nvoluptatem doloribus vel accusantium quis pariatur\nmolestiae porro eius odio et labore et velit aut'}, {'userId': 1, 'id': 4, 'title': 'eum et est occaecati', 'body': 'ullam et saepe reiciendis voluptatem adipisci\nsit amet autem assumenda provident rerum culpa\nquis hic commodi nesciunt rem tenetur doloremque ipsam iure\nquis sunt voluptatem rerum illo velit'}, {'userId': 1, 'id': 5, 'title': 'nesciunt quas odio', 'body': 'repudiandae veniam quaerat sunt sed\nalias aut fugiat sit autem sed est\nvoluptatem omnis possimus esse voluptatibus quis\nest aut tenetur dolor neque'}, {'userId': 1, 'id': 6, 'title': 'dolorem eum magni eos aperiam quia', 'body': 'ut aspernatur corporis harum nihil quis provident sequi\nmollitia nobis aliquid molestiae\nperspiciatis et ea nemo ab reprehenderit accusantium quas\nvoluptate dolores velit et doloremque molestiae'}, {'userId': 1, 'id': 7, 'title': 'magnam facilis autem', 'body': 'dolore placeat quibusdam ea quo vitae\nmagni quis enim qui quis quo nemo aut saepe\nquidem repellat excepturi ut quia\nsunt ut sequi eos ea sed quas'}, {'userId': 1, 'id': 8, 'title': 'dolorem dolore est ipsam', 'body': 'dignissimos aperiam dolorem qui eum\nfacilis quibusdam animi sint suscipit qui sint possimus cum\nquaerat magni maiores excepturi\nipsam ut commodi dolor voluptatum modi aut vitae'}, {'userId': 1, 'id': 9, 'title': 'nesciunt iure omnis dolorem tempora et accusantium', 'body': 'consectetur animi nesciunt iure dolore\nenim quia ad\nveniam autem ut quam aut nobis\net est aut quod aut provident voluptas autem voluptas'}, {'userId': 1, 'id': 10, 'title': 'optio molestias id quia eum', 'body': 'quo et expedita modi cum officia vel magni\ndoloribus qui repudiandae\nvero nisi sit\nquos veniam quod sed accusamus veritatis error'}, {'userId': 2, 'id': 11, 'title': 'et ea vero quia laudantium autem', 'body': 'delectus reiciendis molestiae occaecati non minima eveniet qui voluptatibus\naccusamus in eum beatae sit\nvel qui neque voluptates ut commodi qui incidunt\nut animi commodi'}, {'userId': 2, 'id': 12, 'title': 'in quibusdam tempore odit est dolorem', 'body': 'itaque id aut magnam\npraesentium quia et ea odit et ea voluptas et\nsapiente quia nihil amet occaecati quia id voluptatem\nincidunt ea est distinctio odio'}, {'userId': 2, 'id': 13, 'title': 'dolorum ut in voluptas mollitia et saepe quo animi', 'body': 'aut dicta possimus sint mollitia voluptas commodi quo doloremque\niste corrupti reiciendis voluptatem eius rerum\nsit cumque quod eligendi laborum minima\nperferendis recusandae assumenda consectetur porro architecto ipsum ipsam'}, {'userId': 2, 'id': 14, 'title': 'voluptatem eligendi optio', 'body': 'fuga et accusamus dolorum perferendis illo voluptas\nnon doloremque neque facere\nad qui dolorum molestiae beatae\nsed aut voluptas totam sit illum'}, {'userId': 2, 'id': 15, 'title': 'eveniet quod temporibus', 'body': 'reprehenderit quos placeat\nvelit minima officia dolores impedit repudiandae molestiae nam\nvoluptas recusandae quis delectus\nofficiis harum fugiat vitae'}, {'userId': 2, 'id': 16, 'title': 'sint suscipit perspiciatis velit dolorum rerum ipsa laboriosam odio', 'body': 'suscipit nam nisi quo aperiam aut\nasperiores eos fugit maiores voluptatibus quia\nvoluptatem quis ullam qui in alias quia est\nconsequatur magni mollitia accusamus ea nisi voluptate dicta'}, {'userId': 2, 'id': 17, 'title': 'fugit voluptas sed molestias voluptatem provident', 'body': 'eos voluptas et aut odit natus earum\naspernatur fuga molestiae ullam\ndeserunt ratione qui eos\nqui nihil ratione nemo velit ut aut id quo'}, {'userId': 2, 'id': 18, 'title': 'voluptate et itaque vero tempora molestiae', 'body': 'eveniet quo quis\nlaborum totam consequatur non dolor\nut et est repudiandae\nest voluptatem vel debitis et magnam'}, {'userId': 2, 'id': 19, 'title': 'adipisci placeat illum aut reiciendis qui', 'body': 'illum quis cupiditate provident sit magnam\nea sed aut omnis\nveniam maiores ullam consequatur atque\nadipisci quo iste expedita sit quos voluptas'}, {'userId': 2, 'id': 20, 'title': 'doloribus ad provident suscipit at', 'body': 'qui consequuntur ducimus possimus quisquam amet similique\nsuscipit porro ipsam amet\neos veritatis officiis exercitationem vel fugit aut necessitatibus totam\nomnis rerum consequatur expedita quidem cumque explicabo'}, {'userId': 3, 'id': 21, 'title': 'asperiores ea ipsam voluptatibus modi minima quia sint', 'body': 'repellat aliquid praesentium dolorem quo\nsed totam minus non itaque\nnihil labore molestiae sunt dolor eveniet hic recusandae veniam\ntempora et tenetur expedita sunt'}, {'userId': 3, 'id': 22, 'title': 'dolor sint quo a velit explicabo quia nam', 'body': 'eos qui et ipsum ipsam suscipit aut\nsed omnis non odio\nexpedita earum mollitia molestiae aut atque rem suscipit\nnam impedit esse'}, {'userId': 3, 'id': 23, 'title': 'maxime id vitae nihil numquam', 'body': 'veritatis unde neque eligendi\nquae quod architecto quo neque vitae\nest illo sit tempora doloremque fugit quod\net et vel beatae sequi ullam sed tenetur perspiciatis'}, {'userId': 3, 'id': 24, 'title': 'autem hic labore sunt dolores incidunt', 'body': 'enim et ex nulla\nomnis voluptas quia qui\nvoluptatem consequatur numquam aliquam sunt\ntotam recusandae id dignissimos aut sed asperiores deserunt'}, {'userId': 3, 'id': 25, 'title': 'rem alias distinctio quo quis', 'body': 'ullam consequatur ut\nomnis quis sit vel consequuntur\nipsa eligendi ipsum molestiae et omnis error nostrum\nmolestiae illo tempore quia et distinctio'}, {'userId': 3, 'id': 26, 'title': 'est et quae odit qui non', 'body': 'similique esse doloribus nihil accusamus\nomnis dolorem fuga consequuntur reprehenderit fugit recusandae temporibus\nperspiciatis cum ut laudantium\nomnis aut molestiae vel vero'}, {'userId': 3, 'id': 27, 'title': 'quasi id et eos tenetur aut quo autem', 'body': 'eum sed dolores ipsam sint possimus debitis occaecati\ndebitis qui qui et\nut placeat enim earum aut odit facilis\nconsequatur suscipit necessitatibus rerum sed inventore temporibus consequatur'}, {'userId': 3, 'id': 28, 'title': 'delectus ullam et corporis nulla voluptas sequi', 'body': 'non et quaerat ex quae ad maiores\nmaiores recusandae totam aut blanditiis mollitia quas illo\nut voluptatibus voluptatem\nsimilique nostrum eum'}, {'userId': 3, 'id': 29, 'title': 'iusto eius quod necessitatibus culpa ea', 'body': 'odit magnam ut saepe sed non qui\ntempora atque nihil\naccusamus illum doloribus illo dolor\neligendi repudiandae odit magni similique sed cum maiores'}, {'userId': 3, 'id': 30, 'title': 'a quo magni similique perferendis', 'body': 'alias dolor cumque\nimpedit blanditiis non eveniet odio maxime\nblanditiis amet eius quis tempora quia autem rem\na provident perspiciatis quia'}, {'userId': 4, 'id': 31, 'title': 'ullam ut quidem id aut vel consequuntur', 'body': 'debitis eius sed quibusdam non quis consectetur vitae\nimpedit ut qui consequatur sed aut in\nquidem sit nostrum et maiores adipisci atque\nquaerat voluptatem adipisci repudiandae'}, {'userId': 4, 'id': 32, 'title': 'doloremque illum aliquid sunt', 'body': 'deserunt eos nobis asperiores et hic\nest debitis repellat molestiae optio\nnihil ratione ut eos beatae quibusdam distinctio maiores\nearum voluptates et aut adipisci ea maiores voluptas maxime'}, {'userId': 4, 'id': 33, 'title': 'qui explicabo molestiae dolorem', 'body': 'rerum ut et numquam laborum odit est sit\nid qui sint in\nquasi tenetur tempore aperiam et quaerat qui in\nrerum officiis sequi cumque quod'}, {'userId': 4, 'id': 34, 'title': 'magnam ut rerum iure', 'body': 'ea velit perferendis earum ut voluptatem voluptate itaque iusto\ntotam pariatur in\nnemo voluptatem voluptatem autem magni tempora minima in\nest distinctio qui assumenda accusamus dignissimos officia nesciunt nobis'}, {'userId': 4, 'id': 35, 'title': 'id nihil consequatur molestias animi provident', 'body': 'nisi error delectus possimus ut eligendi vitae\nplaceat eos harum cupiditate facilis reprehenderit voluptatem beatae\nmodi ducimus quo illum voluptas eligendi\net nobis quia fugit'}, {'userId': 4, 'id': 36, 'title': 'fuga nam accusamus voluptas reiciendis itaque', 'body': 'ad mollitia et omnis minus architecto odit\nvoluptas doloremque maxime aut non ipsa qui alias veniam\nblanditiis culpa aut quia nihil cumque facere et occaecati\nqui aspernatur quia eaque ut aperiam inventore'}, {'userId': 4, 'id': 37, 'title': 'provident vel ut sit ratione est', 'body': 'debitis et eaque non officia sed nesciunt pariatur vel\nvoluptatem iste vero et ea\nnumquam aut expedita ipsum nulla in\nvoluptates omnis consequatur aut enim officiis in quam qui'}, {'userId': 4, 'id': 38, 'title': 'explicabo et eos deleniti nostrum ab id repellendus', 'body': 'animi esse sit aut sit nesciunt assumenda eum voluptas\nquia voluptatibus provident quia necessitatibus ea\nrerum repudiandae quia voluptatem delectus fugit aut id quia\nratione optio eos iusto veniam iure'}, {'userId': 4, 'id': 39, 'title': 'eos dolorem iste accusantium est eaque quam', 'body': 'corporis rerum ducimus vel eum accusantium\nmaxime aspernatur a porro possimus iste omnis\nest in deleniti asperiores fuga aut\nvoluptas sapiente vel dolore minus voluptatem incidunt ex'}, {'userId': 4, 'id': 40, 'title': 'enim quo cumque', 'body': 'ut voluptatum aliquid illo tenetur nemo sequi quo facilis\nipsum rem optio mollitia quas\nvoluptatem eum voluptas qui\nunde omnis voluptatem iure quasi maxime voluptas nam'}, {'userId': 5, 'id': 41, 'title': 'non est facere', 'body': 'molestias id nostrum\nexcepturi molestiae dolore omnis repellendus quaerat saepe\nconsectetur iste quaerat tenetur asperiores accusamus ex ut\nnam quidem est ducimus sunt debitis saepe'}, {'userId': 5, 'id': 42, 'title': 'commodi ullam sint et excepturi error explicabo praesentium voluptas', 'body': 'odio fugit voluptatum ducimus earum autem est incidunt voluptatem\nodit reiciendis aliquam sunt sequi nulla dolorem\nnon facere repellendus voluptates quia\nratione harum vitae ut'}, {'userId': 5, 'id': 43, 'title': 'eligendi iste nostrum consequuntur adipisci praesentium sit beatae perferendis', 'body': 'similique fugit est\nillum et dolorum harum et voluptate eaque quidem\nexercitationem quos nam commodi possimus cum odio nihil nulla\ndolorum exercitationem magnam ex et a et distinctio debitis'}, {'userId': 5, 'id': 44, 'title': 'optio dolor molestias sit', 'body': 'temporibus est consectetur dolore\net libero debitis vel velit laboriosam quia\nipsum quibusdam qui itaque fuga rem aut\nea et iure quam sed maxime ut distinctio quae'}, {'userId': 5, 'id': 45, 'title': 'ut numquam possimus omnis eius suscipit laudantium iure', 'body': 'est natus reiciendis nihil possimus aut provident\nex et dolor\nrepellat pariatur est\nnobis rerum repellendus dolorem autem'}, {'userId': 5, 'id': 46, 'title': 'aut quo modi neque nostrum ducimus', 'body': 'voluptatem quisquam iste\nvoluptatibus natus officiis facilis dolorem\nquis quas ipsam\nvel et voluptatum in aliquid'}, {'userId': 5, 'id': 47, 'title': 'quibusdam cumque rem aut deserunt', 'body': 'voluptatem assumenda ut qui ut cupiditate aut impedit veniam\noccaecati nemo illum voluptatem laudantium\nmolestiae beatae rerum ea iure soluta nostrum\neligendi et voluptate'}, {'userId': 5, 'id': 48, 'title': 'ut voluptatem illum ea doloribus itaque eos', 'body': 'voluptates quo voluptatem facilis iure occaecati\nvel assumenda rerum officia et\nillum perspiciatis ab deleniti\nlaudantium repellat ad ut et autem reprehenderit'}, {'userId': 5, 'id': 49, 'title': 'laborum non sunt aut ut assumenda perspiciatis voluptas', 'body': 'inventore ab sint\nnatus fugit id nulla sequi architecto nihil quaerat\neos tenetur in in eum veritatis non\nquibusdam officiis aspernatur cumque aut commodi aut'}, {'userId': 5, 'id': 50, 'title': 'repellendus qui recusandae incidunt voluptates tenetur qui omnis exercitationem', 'body': 'error suscipit maxime adipisci consequuntur recusandae\nvoluptas eligendi et est et voluptates\nquia distinctio ab amet quaerat molestiae et vitae\nadipisci impedit sequi nesciunt quis consectetur'}, {'userId': 6, 'id': 51, 'title': 'soluta aliquam aperiam consequatur illo quis voluptas', 'body': 'sunt dolores aut doloribus\ndolore doloribus voluptates tempora et\ndoloremque et quo\ncum asperiores sit consectetur dolorem'}, {'userId': 6, 'id': 52, 'title': 'qui enim et consequuntur quia animi quis voluptate quibusdam', 'body': 'iusto est quibusdam fuga quas quaerat molestias\na enim ut sit accusamus enim\ntemporibus iusto accusantium provident architecto\nsoluta esse reprehenderit qui laborum'}, {'userId': 6, 'id': 53, 'title': 'ut quo aut ducimus alias', 'body': 'minima harum praesentium eum rerum illo dolore\nquasi exercitationem rerum nam\nporro quis neque quo\nconsequatur minus dolor quidem veritatis sunt non explicabo similique'}, {'userId': 6, 'id': 54, 'title': 'sit asperiores ipsam eveniet odio non quia', 'body': 'totam corporis dignissimos\nvitae dolorem ut occaecati accusamus\nex velit deserunt\net exercitationem vero incidunt corrupti mollitia'}, {'userId': 6, 'id': 55, 'title': 'sit vel voluptatem et non libero', 'body': 'debitis excepturi ea perferendis harum libero optio\neos accusamus cum fuga ut sapiente repudiandae\net ut incidunt omnis molestiae\nnihil ut eum odit'}, {'userId': 6, 'id': 56, 'title': 'qui et at rerum necessitatibus', 'body': 'aut est omnis dolores\nneque rerum quod ea rerum velit pariatur beatae excepturi\net provident voluptas corrupti\ncorporis harum reprehenderit dolores eligendi'}, {'userId': 6, 'id': 57, 'title': 'sed ab est est', 'body': 'at pariatur consequuntur earum quidem\nquo est laudantium soluta voluptatem\nqui ullam et est\net cum voluptas voluptatum repellat est'}, {'userId': 6, 'id': 58, 'title': 'voluptatum itaque dolores nisi et quasi', 'body': 'veniam voluptatum quae adipisci id\net id quia eos ad et dolorem\naliquam quo nisi sunt eos impedit error\nad similique veniam'}, {'userId': 6, 'id': 59, 'title': 'qui commodi dolor at maiores et quis id accusantium', 'body': 'perspiciatis et quam ea autem temporibus non voluptatibus qui\nbeatae a earum officia nesciunt dolores suscipit voluptas et\nanimi doloribus cum rerum quas et magni\net hic ut ut commodi expedita sunt'}, {'userId': 6, 'id': 60, 'title': 'consequatur placeat omnis quisquam quia reprehenderit fugit veritatis facere', 'body': 'asperiores sunt ab assumenda cumque modi velit\nqui esse omnis\nvoluptate et fuga perferendis voluptas\nillo ratione amet aut et omnis'}, {'userId': 7, 'id': 61, 'title': 'voluptatem doloribus consectetur est ut ducimus', 'body': 'ab nemo optio odio\ndelectus tenetur corporis similique nobis repellendus rerum omnis facilis\nvero blanditiis debitis in nesciunt doloribus dicta dolores\nmagnam minus velit'}, {'userId': 7, 'id': 62, 'title': 'beatae enim quia vel', 'body': 'enim aspernatur illo distinctio quae praesentium\nbeatae alias amet delectus qui voluptate distinctio\nodit sint accusantium autem omnis\nquo molestiae omnis ea eveniet optio'}, {'userId': 7, 'id': 63, 'title': 'voluptas blanditiis repellendus animi ducimus error sapiente et suscipit', 'body': 'enim adipisci aspernatur nemo\nnumquam omnis facere dolorem dolor ex quis temporibus incidunt\nab delectus culpa quo reprehenderit blanditiis asperiores\naccusantium ut quam in voluptatibus voluptas ipsam dicta'}, {'userId': 7, 'id': 64, 'title': 'et fugit quas eum in in aperiam quod', 'body': 'id velit blanditiis\neum ea voluptatem\nmolestiae sint occaecati est eos perspiciatis\nincidunt a error provident eaque aut aut qui'}, {'userId': 7, 'id': 65, 'title': 'consequatur id enim sunt et et', 'body': 'voluptatibus ex esse\nsint explicabo est aliquid cumque adipisci fuga repellat labore\nmolestiae corrupti ex saepe at asperiores et perferendis\nnatus id esse incidunt pariatur'}, {'userId': 7, 'id': 66, 'title': 'repudiandae ea animi iusto', 'body': 'officia veritatis tenetur vero qui itaque\nsint non ratione\nsed et ut asperiores iusto eos molestiae nostrum\nveritatis quibusdam et nemo iusto saepe'}, {'userId': 7, 'id': 67, 'title': 'aliquid eos sed fuga est maxime repellendus', 'body': 'reprehenderit id nostrum\nvoluptas doloremque pariatur sint et accusantium quia quod aspernatur\net fugiat amet\nnon sapiente et consequatur necessitatibus molestiae'}, {'userId': 7, 'id': 68, 'title': 'odio quis facere architecto reiciendis optio', 'body': 'magnam molestiae perferendis quisquam\nqui cum reiciendis\nquaerat animi amet hic inventore\nea quia deleniti quidem saepe porro velit'}, {'userId': 7, 'id': 69, 'title': 'fugiat quod pariatur odit minima', 'body': 'officiis error culpa consequatur modi asperiores et\ndolorum assumenda voluptas et vel qui aut vel rerum\nvoluptatum quisquam perspiciatis quia rerum consequatur totam quas\nsequi commodi repudiandae asperiores et saepe a'}, {'userId': 7, 'id': 70, 'title': 'voluptatem laborum magni', 'body': 'sunt repellendus quae\nest asperiores aut deleniti esse accusamus repellendus quia aut\nquia dolorem unde\neum tempora esse dolore'}, {'userId': 8, 'id': 71, 'title': 'et iusto veniam et illum aut fuga', 'body': 'occaecati a doloribus\niste saepe consectetur placeat eum voluptate dolorem et\nqui quo quia voluptas\nrerum ut id enim velit est perferendis'}, {'userId': 8, 'id': 72, 'title': 'sint hic doloribus consequatur eos non id', 'body': 'quam occaecati qui deleniti consectetur\nconsequatur aut facere quas exercitationem aliquam hic voluptas\nneque id sunt ut aut accusamus\nsunt consectetur expedita inventore velit'}, {'userId': 8, 'id': 73, 'title': 'consequuntur deleniti eos quia temporibus ab aliquid at', 'body': 'voluptatem cumque tenetur consequatur expedita ipsum nemo quia explicabo\naut eum minima consequatur\ntempore cumque quae est et\net in consequuntur voluptatem voluptates aut'}, {'userId': 8, 'id': 74, 'title': 'enim unde ratione doloribus quas enim ut sit sapiente', 'body': 'odit qui et et necessitatibus sint veniam\nmollitia amet doloremque molestiae commodi similique magnam et quam\nblanditiis est itaque\nquo et tenetur ratione occaecati molestiae tempora'}, {'userId': 8, 'id': 75, 'title': 'dignissimos eum dolor ut enim et delectus in', 'body': 'commodi non non omnis et voluptas sit\nautem aut nobis magnam et sapiente voluptatem\net laborum repellat qui delectus facilis temporibus\nrerum amet et nemo voluptate expedita adipisci error dolorem'}, {'userId': 8, 'id': 76, 'title': 'doloremque officiis ad et non perferendis', 'body': 'ut animi facere\ntotam iusto tempore\nmolestiae eum aut et dolorem aperiam\nquaerat recusandae totam odio'}, {'userId': 8, 'id': 77, 'title': 'necessitatibus quasi exercitationem odio', 'body': 'modi ut in nulla repudiandae dolorum nostrum eos\naut consequatur omnis\nut incidunt est omnis iste et quam\nvoluptates sapiente aliquam asperiores nobis amet corrupti repudiandae provident'}, {'userId': 8, 'id': 78, 'title': 'quam voluptatibus rerum veritatis', 'body': 'nobis facilis odit tempore cupiditate quia\nassumenda doloribus rerum qui ea\nillum et qui totam\naut veniam repellendus'}, {'userId': 8, 'id': 79, 'title': 'pariatur consequatur quia magnam autem omnis non amet', 'body': 'libero accusantium et et facere incidunt sit dolorem\nnon excepturi qui quia sed laudantium\nquisquam molestiae ducimus est\nofficiis esse molestiae iste et quos'}, {'userId': 8, 'id': 80, 'title': 'labore in ex et explicabo corporis aut quas', 'body': 'ex quod dolorem ea eum iure qui provident amet\nquia qui facere excepturi et repudiandae\nasperiores molestias provident\nminus incidunt vero fugit rerum sint sunt excepturi provident'}, {'userId': 9, 'id': 81, 'title': 'tempora rem veritatis voluptas quo dolores vero', 'body': 'facere qui nesciunt est voluptatum voluptatem nisi\nsequi eligendi necessitatibus ea at rerum itaque\nharum non ratione velit laboriosam quis consequuntur\nex officiis minima doloremque voluptas ut aut'}, {'userId': 9, 'id': 82, 'title': 'laudantium voluptate suscipit sunt enim enim', 'body': 'ut libero sit aut totam inventore sunt\nporro sint qui sunt molestiae\nconsequatur cupiditate qui iste ducimus adipisci\ndolor enim assumenda soluta laboriosam amet iste delectus hic'}, {'userId': 9, 'id': 83, 'title': 'odit et voluptates doloribus alias odio et', 'body': 'est molestiae facilis quis tempora numquam nihil qui\nvoluptate sapiente consequatur est qui\nnecessitatibus autem aut ipsa aperiam modi dolore numquam\nreprehenderit eius rem quibusdam'}, {'userId': 9, 'id': 84, 'title': 'optio ipsam molestias necessitatibus occaecati facilis veritatis dolores aut', 'body': 'sint molestiae magni a et quos\neaque et quasi\nut rerum debitis similique veniam\nrecusandae dignissimos dolor incidunt consequatur odio'}, {'userId': 9, 'id': 85, 'title': 'dolore veritatis porro provident adipisci blanditiis et sunt', 'body': 'similique sed nisi voluptas iusto omnis\nmollitia et quo\nassumenda suscipit officia magnam sint sed tempora\nenim provident pariatur praesentium atque animi amet ratione'}, {'userId': 9, 'id': 86, 'title': 'placeat quia et porro iste', 'body': 'quasi excepturi consequatur iste autem temporibus sed molestiae beatae\net quaerat et esse ut\nvoluptatem occaecati et vel explicabo autem\nasperiores pariatur deserunt optio'}, {'userId': 9, 'id': 87, 'title': 'nostrum quis quasi placeat', 'body': 'eos et molestiae\nnesciunt ut a\ndolores perspiciatis repellendus repellat aliquid\nmagnam sint rem ipsum est'}, {'userId': 9, 'id': 88, 'title': 'sapiente omnis fugit eos', 'body': 'consequatur omnis est praesentium\nducimus non iste\nneque hic deserunt\nvoluptatibus veniam cum et rerum sed'}, {'userId': 9, 'id': 89, 'title': 'sint soluta et vel magnam aut ut sed qui', 'body': 'repellat aut aperiam totam temporibus autem et\narchitecto magnam ut\nconsequatur qui cupiditate rerum quia soluta dignissimos nihil iure\ntempore quas est'}, {'userId': 9, 'id': 90, 'title': 'ad iusto omnis odit dolor voluptatibus', 'body': 'minus omnis soluta quia\nqui sed adipisci voluptates illum ipsam voluptatem\neligendi officia ut in\neos soluta similique molestias praesentium blanditiis'}, {'userId': 10, 'id': 91, 'title': 'aut amet sed', 'body': 'libero voluptate eveniet aperiam sed\nsunt placeat suscipit molestias\nsimilique fugit nam natus\nexpedita consequatur consequatur dolores quia eos et placeat'}, {'userId': 10, 'id': 92, 'title': 'ratione ex tenetur perferendis', 'body': 'aut et excepturi dicta laudantium sint rerum nihil\nlaudantium et at\na neque minima officia et similique libero et\ncommodi voluptate qui'}, {'userId': 10, 'id': 93, 'title': 'beatae soluta recusandae', 'body': 'dolorem quibusdam ducimus consequuntur dicta aut quo laboriosam\nvoluptatem quis enim recusandae ut sed sunt\nnostrum est odit totam\nsit error sed sunt eveniet provident qui nulla'}, {'userId': 10, 'id': 94, 'title': 'qui qui voluptates illo iste minima', 'body': 'aspernatur expedita soluta quo ab ut similique\nexpedita dolores amet\nsed temporibus distinctio magnam saepe deleniti\nomnis facilis nam ipsum natus sint similique omnis'}, {'userId': 10, 'id': 95, 'title': 'id minus libero illum nam ad officiis', 'body': 'earum voluptatem facere provident blanditiis velit laboriosam\npariatur accusamus odio saepe\ncumque dolor qui a dicta ab doloribus consequatur omnis\ncorporis cupiditate eaque assumenda ad nesciunt'}, {'userId': 10, 'id': 96, 'title': 'quaerat velit veniam amet cupiditate aut numquam ut sequi', 'body': 'in non odio excepturi sint eum\nlabore voluptates vitae quia qui et\ninventore itaque rerum\nveniam non exercitationem delectus aut'}, {'userId': 10, 'id': 97, 'title': 'quas fugiat ut perspiciatis vero provident', 'body': 'eum non blanditiis soluta porro quibusdam voluptas\nvel voluptatem qui placeat dolores qui velit aut\nvel inventore aut cumque culpa explicabo aliquid at\nperspiciatis est et voluptatem dignissimos dolor itaque sit nam'}, {'userId': 10, 'id': 98, 'title': 'laboriosam dolor voluptates', 'body': 'doloremque ex facilis sit sint culpa\nsoluta assumenda eligendi non ut eius\nsequi ducimus vel quasi\nveritatis est dolores'}, {'userId': 10, 'id': 99, 'title': 'temporibus sit alias delectus eligendi possimus magni', 'body': 'quo deleniti praesentium dicta non quod\naut est molestias\nmolestias et officia quis nihil\nitaque dolorem quia'}, {'userId': 10, 'id': 100, 'title': 'at nam consequatur ea labore ea harum', 'body': 'cupiditate quo est a modi nesciunt soluta\nipsa voluptas error itaque dicta in\nautem qui minus magnam et distinctio eum\naccusamus ratione error aut'}]
2026-06-10 01:48:19,920 - INFO - Program finished
2026-06-10 01:49:51,477 - DEBUG - Using proactor: IocpProactor
2026-06-10 01:49:51,479 - INFO - Program started
2026-06-10 01:49:51,479 - INFO - 
get_users() started

2026-06-10 01:49:53,071 - DEBUG - HTTP client created
2026-06-10 01:49:53,088 - DEBUG - connect_tcp.started host='127.0.0.1' port=50422 local_address=None timeout=5.0 socket_options=None
2026-06-10 01:49:53,090 - DEBUG - connect_tcp.complete return_value=<httpcore._backends.anyio.AnyIOStream object at 0x000001BAF0BA9E80>
2026-06-10 01:49:53,092 - DEBUG - send_request_headers.started request=<Request [b'CONNECT']>
2026-06-10 01:49:53,092 - DEBUG - send_request_headers.complete
2026-06-10 01:49:53,092 - DEBUG - send_request_body.started request=<Request [b'CONNECT']>
2026-06-10 01:49:53,092 - DEBUG - send_request_body.complete
2026-06-10 01:49:53,092 - DEBUG - receive_response_headers.started request=<Request [b'CONNECT']>
2026-06-10 01:49:53,148 - DEBUG - receive_response_headers.complete return_value=(b'HTTP/1.1', 200, b'OK', [])
2026-06-10 01:49:53,148 - DEBUG - start_tls.started ssl_context=<ssl.SSLContext object at 0x000001BAF094BAD0> server_hostname='jsonplaceholder.typicode.com' timeout=5.0
2026-06-10 01:49:53,184 - DEBUG - start_tls.complete return_value=<httpcore._backends.anyio.AnyIOStream object at 0x000001BAF0B6B750>
2026-06-10 01:49:53,186 - DEBUG - send_request_headers.started request=<Request [b'GET']>
2026-06-10 01:49:53,186 - DEBUG - send_request_headers.complete
2026-06-10 01:49:53,187 - DEBUG - send_request_body.started request=<Request [b'GET']>
2026-06-10 01:49:53,187 - DEBUG - send_request_body.complete
2026-06-10 01:49:53,187 - DEBUG - receive_response_headers.started request=<Request [b'GET']>
2026-06-10 01:49:53,261 - DEBUG - receive_response_headers.complete return_value=(b'HTTP/1.1', 200, b'OK', [(b'Date', b'Tue, 09 Jun 2026 21:49:56 GMT'), (b'Content-Type', b'application/json; charset=utf-8'), (b'Content-Length', b'1847'), (b'Connection', b'keep-alive'), (b'Access-Control-Allow-Credentials', b'true'), (b'Cache-Control', b'max-age=43200'), (b'Content-Encoding', b'gzip'), (b'Etag', b'W/"160d-1eMSsxeJRfnVLRBmYJSbCiJZ1qQ"'), (b'Expires', b'-1'), (b'Nel', b'{"report_to":"heroku-nel","response_headers":["Via"],"max_age":3600,"success_fraction":0.01,"failure_fraction":0.1}'), (b'Pragma', b'no-cache'), (b'Report-To', b'{"group":"heroku-nel","endpoints":[{"url":"https://nel.heroku.com/reports?s=rX0hNbT6HQlnHmtbQx1TTDBPTGPf7UlnaOELZo1kY0o%3D\\u0026sid=e11707d5-02a7-43ef-b45e-2cf4d2036f7d\\u0026ts=1779908048"}],"max_age":3600}'), (b'Reporting-Endpoints', b'heroku-nel="https://nel.heroku.com/reports?s=rX0hNbT6HQlnHmtbQx1TTDBPTGPf7UlnaOELZo1kY0o%3D&sid=e11707d5-02a7-43ef-b45e-2cf4d2036f7d&ts=1779908048"'), (b'Server', b'cloudflare'), (b'Vary', b'Origin, Accept-Encoding'), (b'Via', b'2.0 heroku-router'), (b'X-Content-Type-Options', b'nosniff'), (b'X-Powered-By', b'Express'), (b'X-Ratelimit-Limit', b'1000'), (b'X-Ratelimit-Remaining', b'999'), (b'X-Ratelimit-Reset', b'1779908071'), (b'Age', b'13025'), (b'Accept-Ranges', b'bytes'), (b'Cf-Cache-Status', b'HIT'), (b'CF-RAY', b'a0935959296d5e15-TBS'), (b'alt-svc', b'h3=":443"; ma=86400')])
2026-06-10 01:49:53,262 - INFO - HTTP Request: GET https://jsonplaceholder.typicode.com/users "HTTP/1.1 200 OK"
2026-06-10 01:49:53,262 - DEBUG - receive_response_body.started request=<Request [b'GET']>
2026-06-10 01:49:53,278 - DEBUG - receive_response_body.complete
2026-06-10 01:49:53,280 - DEBUG - response_closed.started
2026-06-10 01:49:53,280 - DEBUG - response_closed.complete
2026-06-10 01:49:53,281 - INFO - Request sent to https://jsonplaceholder.typicode.com/users
2026-06-10 01:49:53,281 - INFO - Response status: 200 OK
2026-06-10 01:49:53,281 - DEBUG - Users received: 10 items
2026-06-10 01:49:53,281 - INFO - Users found: [{'id': 1, 'name': 'Leanne Graham', 'username': 'Bret', 'email': 'Sincere@april.biz', 'address': {'street': 'Kulas Light', 'suite': 'Apt. 556', 'city': 'Gwenborough', 'zipcode': '92998-3874', 'geo': {'lat': '-37.3159', 'lng': '81.1496'}}, 'phone': '1-770-736-8031 x56442', 'website': 'hildegard.org', 'company': {'name': 'Romaguera-Crona', 'catchPhrase': 'Multi-layered client-server neural-net', 'bs': 'harness real-time e-markets'}}, {'id': 2, 'name': 'Ervin Howell', 'username': 'Antonette', 'email': 'Shanna@melissa.tv', 'address': {'street': 'Victor Plains', 'suite': 'Suite 879', 'city': 'Wisokyburgh', 'zipcode': '90566-7771', 'geo': {'lat': '-43.9509', 'lng': '-34.4618'}}, 'phone': '010-692-6593 x09125', 'website': 'anastasia.net', 'company': {'name': 'Deckow-Crist', 'catchPhrase': 'Proactive didactic contingency', 'bs': 'synergize scalable supply-chains'}}, {'id': 3, 'name': 'Clementine Bauch', 'username': 'Samantha', 'email': 'Nathan@yesenia.net', 'address': {'street': 'Douglas Extension', 'suite': 'Suite 847', 'city': 'McKenziehaven', 'zipcode': '59590-4157', 'geo': {'lat': '-68.6102', 'lng': '-47.0653'}}, 'phone': '1-463-123-4447', 'website': 'ramiro.info', 'company': {'name': 'Romaguera-Jacobson', 'catchPhrase': 'Face to face bifurcated interface', 'bs': 'e-enable strategic applications'}}, {'id': 4, 'name': 'Patricia Lebsack', 'username': 'Karianne', 'email': 'Julianne.OConner@kory.org', 'address': {'street': 'Hoeger Mall', 'suite': 'Apt. 692', 'city': 'South Elvis', 'zipcode': '53919-4257', 'geo': {'lat': '29.4572', 'lng': '-164.2990'}}, 'phone': '493-170-9623 x156', 'website': 'kale.biz', 'company': {'name': 'Robel-Corkery', 'catchPhrase': 'Multi-tiered zero tolerance productivity', 'bs': 'transition cutting-edge web services'}}, {'id': 5, 'name': 'Chelsey Dietrich', 'username': 'Kamren', 'email': 'Lucio_Hettinger@annie.ca', 'address': {'street': 'Skiles Walks', 'suite': 'Suite 351', 'city': 'Roscoeview', 'zipcode': '33263', 'geo': {'lat': '-31.8129', 'lng': '62.5342'}}, 'phone': '(254)954-1289', 'website': 'demarco.info', 'company': {'name': 'Keebler LLC', 'catchPhrase': 'User-centric fault-tolerant solution', 'bs': 'revolutionize end-to-end systems'}}, {'id': 6, 'name': 'Mrs. Dennis Schulist', 'username': 'Leopoldo_Corkery', 'email': 'Karley_Dach@jasper.info', 'address': {'street': 'Norberto Crossing', 'suite': 'Apt. 950', 'city': 'South Christy', 'zipcode': '23505-1337', 'geo': {'lat': '-71.4197', 'lng': '71.7478'}}, 'phone': '1-477-935-8478 x6430', 'website': 'ola.org', 'company': {'name': 'Considine-Lockman', 'catchPhrase': 'Synchronised bottom-line interface', 'bs': 'e-enable innovative applications'}}, {'id': 7, 'name': 'Kurtis Weissnat', 'username': 'Elwyn.Skiles', 'email': 'Telly.Hoeger@billy.biz', 'address': {'street': 'Rex Trail', 'suite': 'Suite 280', 'city': 'Howemouth', 'zipcode': '58804-1099', 'geo': {'lat': '24.8918', 'lng': '21.8984'}}, 'phone': '210.067.6132', 'website': 'elvis.io', 'company': {'name': 'Johns Group', 'catchPhrase': 'Configurable multimedia task-force', 'bs': 'generate enterprise e-tailers'}}, {'id': 8, 'name': 'Nicholas Runolfsdottir V', 'username': 'Maxime_Nienow', 'email': 'Sherwood@rosamond.me', 'address': {'street': 'Ellsworth Summit', 'suite': 'Suite 729', 'city': 'Aliyaview', 'zipcode': '45169', 'geo': {'lat': '-14.3990', 'lng': '-120.7677'}}, 'phone': '586.493.6943 x140', 'website': 'jacynthe.com', 'company': {'name': 'Abernathy Group', 'catchPhrase': 'Implemented secondary concept', 'bs': 'e-enable extensible e-tailers'}}, {'id': 9, 'name': 'Glenna Reichert', 'username': 'Delphine', 'email': 'Chaim_McDermott@dana.io', 'address': {'street': 'Dayna Park', 'suite': 'Suite 449', 'city': 'Bartholomebury', 'zipcode': '76495-3109', 'geo': {'lat': '24.6463', 'lng': '-168.8889'}}, 'phone': '(775)976-6794 x41206', 'website': 'conrad.com', 'company': {'name': 'Yost and Sons', 'catchPhrase': 'Switchable contextually-based project', 'bs': 'aggregate real-time technologies'}}, {'id': 10, 'name': 'Clementina DuBuque', 'username': 'Moriah.Stanton', 'email': 'Rey.Padberg@karina.biz', 'address': {'street': 'Kattie Turnpike', 'suite': 'Suite 198', 'city': 'Lebsackbury', 'zipcode': '31428-2261', 'geo': {'lat': '-38.2386', 'lng': '57.2232'}}, 'phone': '024-648-3804', 'website': 'ambrose.net', 'company': {'name': 'Hoeger LLC', 'catchPhrase': 'Centralized empowering task-force', 'bs': 'target end-to-end models'}}]
2026-06-10 01:49:53,284 - INFO - 
get_users() finished

2026-06-10 01:49:54,566 - DEBUG - HTTP client created
2026-06-10 01:49:54,572 - DEBUG - connect_tcp.started host='127.0.0.1' port=50422 local_address=None timeout=5.0 socket_options=None
2026-06-10 01:49:54,574 - DEBUG - connect_tcp.complete return_value=<httpcore._backends.anyio.AnyIOStream object at 0x000001BAF0C31450>
2026-06-10 01:49:54,576 - DEBUG - send_request_headers.started request=<Request [b'CONNECT']>
2026-06-10 01:49:54,576 - DEBUG - send_request_headers.complete
2026-06-10 01:49:54,576 - DEBUG - send_request_body.started request=<Request [b'CONNECT']>
2026-06-10 01:49:54,577 - DEBUG - send_request_body.complete
2026-06-10 01:49:54,577 - DEBUG - receive_response_headers.started request=<Request [b'CONNECT']>
2026-06-10 01:49:54,608 - DEBUG - receive_response_headers.complete return_value=(b'HTTP/1.1', 200, b'OK', [])
2026-06-10 01:49:54,608 - DEBUG - start_tls.started ssl_context=<ssl.SSLContext object at 0x000001BAF0BA3D40> server_hostname='jsonplaceholder.typicode.com' timeout=5.0
2026-06-10 01:49:54,633 - DEBUG - start_tls.complete return_value=<httpcore._backends.anyio.AnyIOStream object at 0x000001BAF0C04C30>
2026-06-10 01:49:54,635 - DEBUG - send_request_headers.started request=<Request [b'GET']>
2026-06-10 01:49:54,635 - DEBUG - send_request_headers.complete
2026-06-10 01:49:54,635 - DEBUG - send_request_body.started request=<Request [b'GET']>
2026-06-10 01:49:54,635 - DEBUG - send_request_body.complete
2026-06-10 01:49:54,635 - DEBUG - receive_response_headers.started request=<Request [b'GET']>
2026-06-10 01:49:54,709 - DEBUG - receive_response_headers.complete return_value=(b'HTTP/1.1', 200, b'OK', [(b'Date', b'Tue, 09 Jun 2026 21:49:57 GMT'), (b'Content-Type', b'application/json; charset=utf-8'), (b'Transfer-Encoding', b'chunked'), (b'Connection', b'keep-alive'), (b'Access-Control-Allow-Credentials', b'true'), (b'Cache-Control', b'max-age=43200'), (b'Content-Encoding', b'gzip'), (b'Etag', b'W/"6b80-Ybsq/K6GwwqrYkAsFxqDXGC7DoM"'), (b'Expires', b'-1'), (b'Nel', b'{"report_to":"heroku-nel","response_headers":["Via"],"max_age":3600,"success_fraction":0.01,"failure_fraction":0.1}'), (b'Pragma', b'no-cache'), (b'Report-To', b'{"group":"heroku-nel","endpoints":[{"url":"https://nel.heroku.com/reports?s=%2BkY5bRCRB2vnnoThORuukqcFYPEKuF86%2BVOjhMRT11Y%3D\\u0026sid=e11707d5-02a7-43ef-b45e-2cf4d2036f7d\\u0026ts=1780678126"}],"max_age":3600}'), (b'Reporting-Endpoints', b'heroku-nel="https://nel.heroku.com/reports?s=%2BkY5bRCRB2vnnoThORuukqcFYPEKuF86%2BVOjhMRT11Y%3D&sid=e11707d5-02a7-43ef-b45e-2cf4d2036f7d&ts=1780678126"'), (b'Server', b'cloudflare'), (b'Vary', b'Origin, Accept-Encoding'), (b'Via', b'2.0 heroku-router'), (b'X-Content-Type-Options', b'nosniff'), (b'X-Powered-By', b'Express'), (b'X-Ratelimit-Limit', b'1000'), (b'X-Ratelimit-Remaining', b'999'), (b'X-Ratelimit-Reset', b'1780678135'), (b'Age', b'21737'), (b'Cf-Cache-Status', b'HIT'), (b'CF-RAY', b'a09359623ff7d464-TBS'), (b'alt-svc', b'h3=":443"; ma=86400')])
2026-06-10 01:49:54,710 - INFO - HTTP Request: GET https://jsonplaceholder.typicode.com/posts "HTTP/1.1 200 OK"
2026-06-10 01:49:54,710 - DEBUG - receive_response_body.started request=<Request [b'GET']>
2026-06-10 01:49:54,728 - DEBUG - receive_response_body.complete
2026-06-10 01:49:54,730 - DEBUG - response_closed.started
2026-06-10 01:49:54,730 - DEBUG - response_closed.complete
2026-06-10 01:49:54,731 - INFO - Request sent to https://jsonplaceholder.typicode.com/posts
2026-06-10 01:49:54,731 - INFO - Response status: 200 OK
2026-06-10 01:49:54,732 - DEBUG - Todos received: 100 items
2026-06-10 01:49:54,732 - INFO - Posts found: [{'userId': 1, 'id': 1, 'title': 'sunt aut facere repellat provident occaecati excepturi optio reprehenderit', 'body': 'quia et suscipit\nsuscipit recusandae consequuntur expedita et cum\nreprehenderit molestiae ut ut quas totam\nnostrum rerum est autem sunt rem eveniet architecto'}, {'userId': 1, 'id': 2, 'title': 'qui est esse', 'body': 'est rerum tempore vitae\nsequi sint nihil reprehenderit dolor beatae ea dolores neque\nfugiat blanditiis voluptate porro vel nihil molestiae ut reiciendis\nqui aperiam non debitis possimus qui neque nisi nulla'}, {'userId': 1, 'id': 3, 'title': 'ea molestias quasi exercitationem repellat qui ipsa sit aut', 'body': 'et iusto sed quo iure\nvoluptatem occaecati omnis eligendi aut ad\nvoluptatem doloribus vel accusantium quis pariatur\nmolestiae porro eius odio et labore et velit aut'}, {'userId': 1, 'id': 4, 'title': 'eum et est occaecati', 'body': 'ullam et saepe reiciendis voluptatem adipisci\nsit amet autem assumenda provident rerum culpa\nquis hic commodi nesciunt rem tenetur doloremque ipsam iure\nquis sunt voluptatem rerum illo velit'}, {'userId': 1, 'id': 5, 'title': 'nesciunt quas odio', 'body': 'repudiandae veniam quaerat sunt sed\nalias aut fugiat sit autem sed est\nvoluptatem omnis possimus esse voluptatibus quis\nest aut tenetur dolor neque'}, {'userId': 1, 'id': 6, 'title': 'dolorem eum magni eos aperiam quia', 'body': 'ut aspernatur corporis harum nihil quis provident sequi\nmollitia nobis aliquid molestiae\nperspiciatis et ea nemo ab reprehenderit accusantium quas\nvoluptate dolores velit et doloremque molestiae'}, {'userId': 1, 'id': 7, 'title': 'magnam facilis autem', 'body': 'dolore placeat quibusdam ea quo vitae\nmagni quis enim qui quis quo nemo aut saepe\nquidem repellat excepturi ut quia\nsunt ut sequi eos ea sed quas'}, {'userId': 1, 'id': 8, 'title': 'dolorem dolore est ipsam', 'body': 'dignissimos aperiam dolorem qui eum\nfacilis quibusdam animi sint suscipit qui sint possimus cum\nquaerat magni maiores excepturi\nipsam ut commodi dolor voluptatum modi aut vitae'}, {'userId': 1, 'id': 9, 'title': 'nesciunt iure omnis dolorem tempora et accusantium', 'body': 'consectetur animi nesciunt iure dolore\nenim quia ad\nveniam autem ut quam aut nobis\net est aut quod aut provident voluptas autem voluptas'}, {'userId': 1, 'id': 10, 'title': 'optio molestias id quia eum', 'body': 'quo et expedita modi cum officia vel magni\ndoloribus qui repudiandae\nvero nisi sit\nquos veniam quod sed accusamus veritatis error'}, {'userId': 2, 'id': 11, 'title': 'et ea vero quia laudantium autem', 'body': 'delectus reiciendis molestiae occaecati non minima eveniet qui voluptatibus\naccusamus in eum beatae sit\nvel qui neque voluptates ut commodi qui incidunt\nut animi commodi'}, {'userId': 2, 'id': 12, 'title': 'in quibusdam tempore odit est dolorem', 'body': 'itaque id aut magnam\npraesentium quia et ea odit et ea voluptas et\nsapiente quia nihil amet occaecati quia id voluptatem\nincidunt ea est distinctio odio'}, {'userId': 2, 'id': 13, 'title': 'dolorum ut in voluptas mollitia et saepe quo animi', 'body': 'aut dicta possimus sint mollitia voluptas commodi quo doloremque\niste corrupti reiciendis voluptatem eius rerum\nsit cumque quod eligendi laborum minima\nperferendis recusandae assumenda consectetur porro architecto ipsum ipsam'}, {'userId': 2, 'id': 14, 'title': 'voluptatem eligendi optio', 'body': 'fuga et accusamus dolorum perferendis illo voluptas\nnon doloremque neque facere\nad qui dolorum molestiae beatae\nsed aut voluptas totam sit illum'}, {'userId': 2, 'id': 15, 'title': 'eveniet quod temporibus', 'body': 'reprehenderit quos placeat\nvelit minima officia dolores impedit repudiandae molestiae nam\nvoluptas recusandae quis delectus\nofficiis harum fugiat vitae'}, {'userId': 2, 'id': 16, 'title': 'sint suscipit perspiciatis velit dolorum rerum ipsa laboriosam odio', 'body': 'suscipit nam nisi quo aperiam aut\nasperiores eos fugit maiores voluptatibus quia\nvoluptatem quis ullam qui in alias quia est\nconsequatur magni mollitia accusamus ea nisi voluptate dicta'}, {'userId': 2, 'id': 17, 'title': 'fugit voluptas sed molestias voluptatem provident', 'body': 'eos voluptas et aut odit natus earum\naspernatur fuga molestiae ullam\ndeserunt ratione qui eos\nqui nihil ratione nemo velit ut aut id quo'}, {'userId': 2, 'id': 18, 'title': 'voluptate et itaque vero tempora molestiae', 'body': 'eveniet quo quis\nlaborum totam consequatur non dolor\nut et est repudiandae\nest voluptatem vel debitis et magnam'}, {'userId': 2, 'id': 19, 'title': 'adipisci placeat illum aut reiciendis qui', 'body': 'illum quis cupiditate provident sit magnam\nea sed aut omnis\nveniam maiores ullam consequatur atque\nadipisci quo iste expedita sit quos voluptas'}, {'userId': 2, 'id': 20, 'title': 'doloribus ad provident suscipit at', 'body': 'qui consequuntur ducimus possimus quisquam amet similique\nsuscipit porro ipsam amet\neos veritatis officiis exercitationem vel fugit aut necessitatibus totam\nomnis rerum consequatur expedita quidem cumque explicabo'}, {'userId': 3, 'id': 21, 'title': 'asperiores ea ipsam voluptatibus modi minima quia sint', 'body': 'repellat aliquid praesentium dolorem quo\nsed totam minus non itaque\nnihil labore molestiae sunt dolor eveniet hic recusandae veniam\ntempora et tenetur expedita sunt'}, {'userId': 3, 'id': 22, 'title': 'dolor sint quo a velit explicabo quia nam', 'body': 'eos qui et ipsum ipsam suscipit aut\nsed omnis non odio\nexpedita earum mollitia molestiae aut atque rem suscipit\nnam impedit esse'}, {'userId': 3, 'id': 23, 'title': 'maxime id vitae nihil numquam', 'body': 'veritatis unde neque eligendi\nquae quod architecto quo neque vitae\nest illo sit tempora doloremque fugit quod\net et vel beatae sequi ullam sed tenetur perspiciatis'}, {'userId': 3, 'id': 24, 'title': 'autem hic labore sunt dolores incidunt', 'body': 'enim et ex nulla\nomnis voluptas quia qui\nvoluptatem consequatur numquam aliquam sunt\ntotam recusandae id dignissimos aut sed asperiores deserunt'}, {'userId': 3, 'id': 25, 'title': 'rem alias distinctio quo quis', 'body': 'ullam consequatur ut\nomnis quis sit vel consequuntur\nipsa eligendi ipsum molestiae et omnis error nostrum\nmolestiae illo tempore quia et distinctio'}, {'userId': 3, 'id': 26, 'title': 'est et quae odit qui non', 'body': 'similique esse doloribus nihil accusamus\nomnis dolorem fuga consequuntur reprehenderit fugit recusandae temporibus\nperspiciatis cum ut laudantium\nomnis aut molestiae vel vero'}, {'userId': 3, 'id': 27, 'title': 'quasi id et eos tenetur aut quo autem', 'body': 'eum sed dolores ipsam sint possimus debitis occaecati\ndebitis qui qui et\nut placeat enim earum aut odit facilis\nconsequatur suscipit necessitatibus rerum sed inventore temporibus consequatur'}, {'userId': 3, 'id': 28, 'title': 'delectus ullam et corporis nulla voluptas sequi', 'body': 'non et quaerat ex quae ad maiores\nmaiores recusandae totam aut blanditiis mollitia quas illo\nut voluptatibus voluptatem\nsimilique nostrum eum'}, {'userId': 3, 'id': 29, 'title': 'iusto eius quod necessitatibus culpa ea', 'body': 'odit magnam ut saepe sed non qui\ntempora atque nihil\naccusamus illum doloribus illo dolor\neligendi repudiandae odit magni similique sed cum maiores'}, {'userId': 3, 'id': 30, 'title': 'a quo magni similique perferendis', 'body': 'alias dolor cumque\nimpedit blanditiis non eveniet odio maxime\nblanditiis amet eius quis tempora quia autem rem\na provident perspiciatis quia'}, {'userId': 4, 'id': 31, 'title': 'ullam ut quidem id aut vel consequuntur', 'body': 'debitis eius sed quibusdam non quis consectetur vitae\nimpedit ut qui consequatur sed aut in\nquidem sit nostrum et maiores adipisci atque\nquaerat voluptatem adipisci repudiandae'}, {'userId': 4, 'id': 32, 'title': 'doloremque illum aliquid sunt', 'body': 'deserunt eos nobis asperiores et hic\nest debitis repellat molestiae optio\nnihil ratione ut eos beatae quibusdam distinctio maiores\nearum voluptates et aut adipisci ea maiores voluptas maxime'}, {'userId': 4, 'id': 33, 'title': 'qui explicabo molestiae dolorem', 'body': 'rerum ut et numquam laborum odit est sit\nid qui sint in\nquasi tenetur tempore aperiam et quaerat qui in\nrerum officiis sequi cumque quod'}, {'userId': 4, 'id': 34, 'title': 'magnam ut rerum iure', 'body': 'ea velit perferendis earum ut voluptatem voluptate itaque iusto\ntotam pariatur in\nnemo voluptatem voluptatem autem magni tempora minima in\nest distinctio qui assumenda accusamus dignissimos officia nesciunt nobis'}, {'userId': 4, 'id': 35, 'title': 'id nihil consequatur molestias animi provident', 'body': 'nisi error delectus possimus ut eligendi vitae\nplaceat eos harum cupiditate facilis reprehenderit voluptatem beatae\nmodi ducimus quo illum voluptas eligendi\net nobis quia fugit'}, {'userId': 4, 'id': 36, 'title': 'fuga nam accusamus voluptas reiciendis itaque', 'body': 'ad mollitia et omnis minus architecto odit\nvoluptas doloremque maxime aut non ipsa qui alias veniam\nblanditiis culpa aut quia nihil cumque facere et occaecati\nqui aspernatur quia eaque ut aperiam inventore'}, {'userId': 4, 'id': 37, 'title': 'provident vel ut sit ratione est', 'body': 'debitis et eaque non officia sed nesciunt pariatur vel\nvoluptatem iste vero et ea\nnumquam aut expedita ipsum nulla in\nvoluptates omnis consequatur aut enim officiis in quam qui'}, {'userId': 4, 'id': 38, 'title': 'explicabo et eos deleniti nostrum ab id repellendus', 'body': 'animi esse sit aut sit nesciunt assumenda eum voluptas\nquia voluptatibus provident quia necessitatibus ea\nrerum repudiandae quia voluptatem delectus fugit aut id quia\nratione optio eos iusto veniam iure'}, {'userId': 4, 'id': 39, 'title': 'eos dolorem iste accusantium est eaque quam', 'body': 'corporis rerum ducimus vel eum accusantium\nmaxime aspernatur a porro possimus iste omnis\nest in deleniti asperiores fuga aut\nvoluptas sapiente vel dolore minus voluptatem incidunt ex'}, {'userId': 4, 'id': 40, 'title': 'enim quo cumque', 'body': 'ut voluptatum aliquid illo tenetur nemo sequi quo facilis\nipsum rem optio mollitia quas\nvoluptatem eum voluptas qui\nunde omnis voluptatem iure quasi maxime voluptas nam'}, {'userId': 5, 'id': 41, 'title': 'non est facere', 'body': 'molestias id nostrum\nexcepturi molestiae dolore omnis repellendus quaerat saepe\nconsectetur iste quaerat tenetur asperiores accusamus ex ut\nnam quidem est ducimus sunt debitis saepe'}, {'userId': 5, 'id': 42, 'title': 'commodi ullam sint et excepturi error explicabo praesentium voluptas', 'body': 'odio fugit voluptatum ducimus earum autem est incidunt voluptatem\nodit reiciendis aliquam sunt sequi nulla dolorem\nnon facere repellendus voluptates quia\nratione harum vitae ut'}, {'userId': 5, 'id': 43, 'title': 'eligendi iste nostrum consequuntur adipisci praesentium sit beatae perferendis', 'body': 'similique fugit est\nillum et dolorum harum et voluptate eaque quidem\nexercitationem quos nam commodi possimus cum odio nihil nulla\ndolorum exercitationem magnam ex et a et distinctio debitis'}, {'userId': 5, 'id': 44, 'title': 'optio dolor molestias sit', 'body': 'temporibus est consectetur dolore\net libero debitis vel velit laboriosam quia\nipsum quibusdam qui itaque fuga rem aut\nea et iure quam sed maxime ut distinctio quae'}, {'userId': 5, 'id': 45, 'title': 'ut numquam possimus omnis eius suscipit laudantium iure', 'body': 'est natus reiciendis nihil possimus aut provident\nex et dolor\nrepellat pariatur est\nnobis rerum repellendus dolorem autem'}, {'userId': 5, 'id': 46, 'title': 'aut quo modi neque nostrum ducimus', 'body': 'voluptatem quisquam iste\nvoluptatibus natus officiis facilis dolorem\nquis quas ipsam\nvel et voluptatum in aliquid'}, {'userId': 5, 'id': 47, 'title': 'quibusdam cumque rem aut deserunt', 'body': 'voluptatem assumenda ut qui ut cupiditate aut impedit veniam\noccaecati nemo illum voluptatem laudantium\nmolestiae beatae rerum ea iure soluta nostrum\neligendi et voluptate'}, {'userId': 5, 'id': 48, 'title': 'ut voluptatem illum ea doloribus itaque eos', 'body': 'voluptates quo voluptatem facilis iure occaecati\nvel assumenda rerum officia et\nillum perspiciatis ab deleniti\nlaudantium repellat ad ut et autem reprehenderit'}, {'userId': 5, 'id': 49, 'title': 'laborum non sunt aut ut assumenda perspiciatis voluptas', 'body': 'inventore ab sint\nnatus fugit id nulla sequi architecto nihil quaerat\neos tenetur in in eum veritatis non\nquibusdam officiis aspernatur cumque aut commodi aut'}, {'userId': 5, 'id': 50, 'title': 'repellendus qui recusandae incidunt voluptates tenetur qui omnis exercitationem', 'body': 'error suscipit maxime adipisci consequuntur recusandae\nvoluptas eligendi et est et voluptates\nquia distinctio ab amet quaerat molestiae et vitae\nadipisci impedit sequi nesciunt quis consectetur'}, {'userId': 6, 'id': 51, 'title': 'soluta aliquam aperiam consequatur illo quis voluptas', 'body': 'sunt dolores aut doloribus\ndolore doloribus voluptates tempora et\ndoloremque et quo\ncum asperiores sit consectetur dolorem'}, {'userId': 6, 'id': 52, 'title': 'qui enim et consequuntur quia animi quis voluptate quibusdam', 'body': 'iusto est quibusdam fuga quas quaerat molestias\na enim ut sit accusamus enim\ntemporibus iusto accusantium provident architecto\nsoluta esse reprehenderit qui laborum'}, {'userId': 6, 'id': 53, 'title': 'ut quo aut ducimus alias', 'body': 'minima harum praesentium eum rerum illo dolore\nquasi exercitationem rerum nam\nporro quis neque quo\nconsequatur minus dolor quidem veritatis sunt non explicabo similique'}, {'userId': 6, 'id': 54, 'title': 'sit asperiores ipsam eveniet odio non quia', 'body': 'totam corporis dignissimos\nvitae dolorem ut occaecati accusamus\nex velit deserunt\net exercitationem vero incidunt corrupti mollitia'}, {'userId': 6, 'id': 55, 'title': 'sit vel voluptatem et non libero', 'body': 'debitis excepturi ea perferendis harum libero optio\neos accusamus cum fuga ut sapiente repudiandae\net ut incidunt omnis molestiae\nnihil ut eum odit'}, {'userId': 6, 'id': 56, 'title': 'qui et at rerum necessitatibus', 'body': 'aut est omnis dolores\nneque rerum quod ea rerum velit pariatur beatae excepturi\net provident voluptas corrupti\ncorporis harum reprehenderit dolores eligendi'}, {'userId': 6, 'id': 57, 'title': 'sed ab est est', 'body': 'at pariatur consequuntur earum quidem\nquo est laudantium soluta voluptatem\nqui ullam et est\net cum voluptas voluptatum repellat est'}, {'userId': 6, 'id': 58, 'title': 'voluptatum itaque dolores nisi et quasi', 'body': 'veniam voluptatum quae adipisci id\net id quia eos ad et dolorem\naliquam quo nisi sunt eos impedit error\nad similique veniam'}, {'userId': 6, 'id': 59, 'title': 'qui commodi dolor at maiores et quis id accusantium', 'body': 'perspiciatis et quam ea autem temporibus non voluptatibus qui\nbeatae a earum officia nesciunt dolores suscipit voluptas et\nanimi doloribus cum rerum quas et magni\net hic ut ut commodi expedita sunt'}, {'userId': 6, 'id': 60, 'title': 'consequatur placeat omnis quisquam quia reprehenderit fugit veritatis facere', 'body': 'asperiores sunt ab assumenda cumque modi velit\nqui esse omnis\nvoluptate et fuga perferendis voluptas\nillo ratione amet aut et omnis'}, {'userId': 7, 'id': 61, 'title': 'voluptatem doloribus consectetur est ut ducimus', 'body': 'ab nemo optio odio\ndelectus tenetur corporis similique nobis repellendus rerum omnis facilis\nvero blanditiis debitis in nesciunt doloribus dicta dolores\nmagnam minus velit'}, {'userId': 7, 'id': 62, 'title': 'beatae enim quia vel', 'body': 'enim aspernatur illo distinctio quae praesentium\nbeatae alias amet delectus qui voluptate distinctio\nodit sint accusantium autem omnis\nquo molestiae omnis ea eveniet optio'}, {'userId': 7, 'id': 63, 'title': 'voluptas blanditiis repellendus animi ducimus error sapiente et suscipit', 'body': 'enim adipisci aspernatur nemo\nnumquam omnis facere dolorem dolor ex quis temporibus incidunt\nab delectus culpa quo reprehenderit blanditiis asperiores\naccusantium ut quam in voluptatibus voluptas ipsam dicta'}, {'userId': 7, 'id': 64, 'title': 'et fugit quas eum in in aperiam quod', 'body': 'id velit blanditiis\neum ea voluptatem\nmolestiae sint occaecati est eos perspiciatis\nincidunt a error provident eaque aut aut qui'}, {'userId': 7, 'id': 65, 'title': 'consequatur id enim sunt et et', 'body': 'voluptatibus ex esse\nsint explicabo est aliquid cumque adipisci fuga repellat labore\nmolestiae corrupti ex saepe at asperiores et perferendis\nnatus id esse incidunt pariatur'}, {'userId': 7, 'id': 66, 'title': 'repudiandae ea animi iusto', 'body': 'officia veritatis tenetur vero qui itaque\nsint non ratione\nsed et ut asperiores iusto eos molestiae nostrum\nveritatis quibusdam et nemo iusto saepe'}, {'userId': 7, 'id': 67, 'title': 'aliquid eos sed fuga est maxime repellendus', 'body': 'reprehenderit id nostrum\nvoluptas doloremque pariatur sint et accusantium quia quod aspernatur\net fugiat amet\nnon sapiente et consequatur necessitatibus molestiae'}, {'userId': 7, 'id': 68, 'title': 'odio quis facere architecto reiciendis optio', 'body': 'magnam molestiae perferendis quisquam\nqui cum reiciendis\nquaerat animi amet hic inventore\nea quia deleniti quidem saepe porro velit'}, {'userId': 7, 'id': 69, 'title': 'fugiat quod pariatur odit minima', 'body': 'officiis error culpa consequatur modi asperiores et\ndolorum assumenda voluptas et vel qui aut vel rerum\nvoluptatum quisquam perspiciatis quia rerum consequatur totam quas\nsequi commodi repudiandae asperiores et saepe a'}, {'userId': 7, 'id': 70, 'title': 'voluptatem laborum magni', 'body': 'sunt repellendus quae\nest asperiores aut deleniti esse accusamus repellendus quia aut\nquia dolorem unde\neum tempora esse dolore'}, {'userId': 8, 'id': 71, 'title': 'et iusto veniam et illum aut fuga', 'body': 'occaecati a doloribus\niste saepe consectetur placeat eum voluptate dolorem et\nqui quo quia voluptas\nrerum ut id enim velit est perferendis'}, {'userId': 8, 'id': 72, 'title': 'sint hic doloribus consequatur eos non id', 'body': 'quam occaecati qui deleniti consectetur\nconsequatur aut facere quas exercitationem aliquam hic voluptas\nneque id sunt ut aut accusamus\nsunt consectetur expedita inventore velit'}, {'userId': 8, 'id': 73, 'title': 'consequuntur deleniti eos quia temporibus ab aliquid at', 'body': 'voluptatem cumque tenetur consequatur expedita ipsum nemo quia explicabo\naut eum minima consequatur\ntempore cumque quae est et\net in consequuntur voluptatem voluptates aut'}, {'userId': 8, 'id': 74, 'title': 'enim unde ratione doloribus quas enim ut sit sapiente', 'body': 'odit qui et et necessitatibus sint veniam\nmollitia amet doloremque molestiae commodi similique magnam et quam\nblanditiis est itaque\nquo et tenetur ratione occaecati molestiae tempora'}, {'userId': 8, 'id': 75, 'title': 'dignissimos eum dolor ut enim et delectus in', 'body': 'commodi non non omnis et voluptas sit\nautem aut nobis magnam et sapiente voluptatem\net laborum repellat qui delectus facilis temporibus\nrerum amet et nemo voluptate expedita adipisci error dolorem'}, {'userId': 8, 'id': 76, 'title': 'doloremque officiis ad et non perferendis', 'body': 'ut animi facere\ntotam iusto tempore\nmolestiae eum aut et dolorem aperiam\nquaerat recusandae totam odio'}, {'userId': 8, 'id': 77, 'title': 'necessitatibus quasi exercitationem odio', 'body': 'modi ut in nulla repudiandae dolorum nostrum eos\naut consequatur omnis\nut incidunt est omnis iste et quam\nvoluptates sapiente aliquam asperiores nobis amet corrupti repudiandae provident'}, {'userId': 8, 'id': 78, 'title': 'quam voluptatibus rerum veritatis', 'body': 'nobis facilis odit tempore cupiditate quia\nassumenda doloribus rerum qui ea\nillum et qui totam\naut veniam repellendus'}, {'userId': 8, 'id': 79, 'title': 'pariatur consequatur quia magnam autem omnis non amet', 'body': 'libero accusantium et et facere incidunt sit dolorem\nnon excepturi qui quia sed laudantium\nquisquam molestiae ducimus est\nofficiis esse molestiae iste et quos'}, {'userId': 8, 'id': 80, 'title': 'labore in ex et explicabo corporis aut quas', 'body': 'ex quod dolorem ea eum iure qui provident amet\nquia qui facere excepturi et repudiandae\nasperiores molestias provident\nminus incidunt vero fugit rerum sint sunt excepturi provident'}, {'userId': 9, 'id': 81, 'title': 'tempora rem veritatis voluptas quo dolores vero', 'body': 'facere qui nesciunt est voluptatum voluptatem nisi\nsequi eligendi necessitatibus ea at rerum itaque\nharum non ratione velit laboriosam quis consequuntur\nex officiis minima doloremque voluptas ut aut'}, {'userId': 9, 'id': 82, 'title': 'laudantium voluptate suscipit sunt enim enim', 'body': 'ut libero sit aut totam inventore sunt\nporro sint qui sunt molestiae\nconsequatur cupiditate qui iste ducimus adipisci\ndolor enim assumenda soluta laboriosam amet iste delectus hic'}, {'userId': 9, 'id': 83, 'title': 'odit et voluptates doloribus alias odio et', 'body': 'est molestiae facilis quis tempora numquam nihil qui\nvoluptate sapiente consequatur est qui\nnecessitatibus autem aut ipsa aperiam modi dolore numquam\nreprehenderit eius rem quibusdam'}, {'userId': 9, 'id': 84, 'title': 'optio ipsam molestias necessitatibus occaecati facilis veritatis dolores aut', 'body': 'sint molestiae magni a et quos\neaque et quasi\nut rerum debitis similique veniam\nrecusandae dignissimos dolor incidunt consequatur odio'}, {'userId': 9, 'id': 85, 'title': 'dolore veritatis porro provident adipisci blanditiis et sunt', 'body': 'similique sed nisi voluptas iusto omnis\nmollitia et quo\nassumenda suscipit officia magnam sint sed tempora\nenim provident pariatur praesentium atque animi amet ratione'}, {'userId': 9, 'id': 86, 'title': 'placeat quia et porro iste', 'body': 'quasi excepturi consequatur iste autem temporibus sed molestiae beatae\net quaerat et esse ut\nvoluptatem occaecati et vel explicabo autem\nasperiores pariatur deserunt optio'}, {'userId': 9, 'id': 87, 'title': 'nostrum quis quasi placeat', 'body': 'eos et molestiae\nnesciunt ut a\ndolores perspiciatis repellendus repellat aliquid\nmagnam sint rem ipsum est'}, {'userId': 9, 'id': 88, 'title': 'sapiente omnis fugit eos', 'body': 'consequatur omnis est praesentium\nducimus non iste\nneque hic deserunt\nvoluptatibus veniam cum et rerum sed'}, {'userId': 9, 'id': 89, 'title': 'sint soluta et vel magnam aut ut sed qui', 'body': 'repellat aut aperiam totam temporibus autem et\narchitecto magnam ut\nconsequatur qui cupiditate rerum quia soluta dignissimos nihil iure\ntempore quas est'}, {'userId': 9, 'id': 90, 'title': 'ad iusto omnis odit dolor voluptatibus', 'body': 'minus omnis soluta quia\nqui sed adipisci voluptates illum ipsam voluptatem\neligendi officia ut in\neos soluta similique molestias praesentium blanditiis'}, {'userId': 10, 'id': 91, 'title': 'aut amet sed', 'body': 'libero voluptate eveniet aperiam sed\nsunt placeat suscipit molestias\nsimilique fugit nam natus\nexpedita consequatur consequatur dolores quia eos et placeat'}, {'userId': 10, 'id': 92, 'title': 'ratione ex tenetur perferendis', 'body': 'aut et excepturi dicta laudantium sint rerum nihil\nlaudantium et at\na neque minima officia et similique libero et\ncommodi voluptate qui'}, {'userId': 10, 'id': 93, 'title': 'beatae soluta recusandae', 'body': 'dolorem quibusdam ducimus consequuntur dicta aut quo laboriosam\nvoluptatem quis enim recusandae ut sed sunt\nnostrum est odit totam\nsit error sed sunt eveniet provident qui nulla'}, {'userId': 10, 'id': 94, 'title': 'qui qui voluptates illo iste minima', 'body': 'aspernatur expedita soluta quo ab ut similique\nexpedita dolores amet\nsed temporibus distinctio magnam saepe deleniti\nomnis facilis nam ipsum natus sint similique omnis'}, {'userId': 10, 'id': 95, 'title': 'id minus libero illum nam ad officiis', 'body': 'earum voluptatem facere provident blanditiis velit laboriosam\npariatur accusamus odio saepe\ncumque dolor qui a dicta ab doloribus consequatur omnis\ncorporis cupiditate eaque assumenda ad nesciunt'}, {'userId': 10, 'id': 96, 'title': 'quaerat velit veniam amet cupiditate aut numquam ut sequi', 'body': 'in non odio excepturi sint eum\nlabore voluptates vitae quia qui et\ninventore itaque rerum\nveniam non exercitationem delectus aut'}, {'userId': 10, 'id': 97, 'title': 'quas fugiat ut perspiciatis vero provident', 'body': 'eum non blanditiis soluta porro quibusdam voluptas\nvel voluptatem qui placeat dolores qui velit aut\nvel inventore aut cumque culpa explicabo aliquid at\nperspiciatis est et voluptatem dignissimos dolor itaque sit nam'}, {'userId': 10, 'id': 98, 'title': 'laboriosam dolor voluptates', 'body': 'doloremque ex facilis sit sint culpa\nsoluta assumenda eligendi non ut eius\nsequi ducimus vel quasi\nveritatis est dolores'}, {'userId': 10, 'id': 99, 'title': 'temporibus sit alias delectus eligendi possimus magni', 'body': 'quo deleniti praesentium dicta non quod\naut est molestias\nmolestias et officia quis nihil\nitaque dolorem quia'}, {'userId': 10, 'id': 100, 'title': 'at nam consequatur ea labore ea harum', 'body': 'cupiditate quo est a modi nesciunt soluta\nipsa voluptas error itaque dicta in\nautem qui minus magnam et distinctio eum\naccusamus ratione error aut'}]
2026-06-10 01:49:54,736 - INFO - 
get_posts() finished

2026-06-10 01:49:54,742 - INFO - Program result: [{'id': 1, 'name': 'Leanne Graham', 'username': 'Bret', 'email': 'Sincere@april.biz', 'address': {'street': 'Kulas Light', 'suite': 'Apt. 556', 'city': 'Gwenborough', 'zipcode': '92998-3874', 'geo': {'lat': '-37.3159', 'lng': '81.1496'}}, 'phone': '1-770-736-8031 x56442', 'website': 'hildegard.org', 'company': {'name': 'Romaguera-Crona', 'catchPhrase': 'Multi-layered client-server neural-net', 'bs': 'harness real-time e-markets'}}, {'id': 2, 'name': 'Ervin Howell', 'username': 'Antonette', 'email': 'Shanna@melissa.tv', 'address': {'street': 'Victor Plains', 'suite': 'Suite 879', 'city': 'Wisokyburgh', 'zipcode': '90566-7771', 'geo': {'lat': '-43.9509', 'lng': '-34.4618'}}, 'phone': '010-692-6593 x09125', 'website': 'anastasia.net', 'company': {'name': 'Deckow-Crist', 'catchPhrase': 'Proactive didactic contingency', 'bs': 'synergize scalable supply-chains'}}, {'id': 3, 'name': 'Clementine Bauch', 'username': 'Samantha', 'email': 'Nathan@yesenia.net', 'address': {'street': 'Douglas Extension', 'suite': 'Suite 847', 'city': 'McKenziehaven', 'zipcode': '59590-4157', 'geo': {'lat': '-68.6102', 'lng': '-47.0653'}}, 'phone': '1-463-123-4447', 'website': 'ramiro.info', 'company': {'name': 'Romaguera-Jacobson', 'catchPhrase': 'Face to face bifurcated interface', 'bs': 'e-enable strategic applications'}}, {'id': 4, 'name': 'Patricia Lebsack', 'username': 'Karianne', 'email': 'Julianne.OConner@kory.org', 'address': {'street': 'Hoeger Mall', 'suite': 'Apt. 692', 'city': 'South Elvis', 'zipcode': '53919-4257', 'geo': {'lat': '29.4572', 'lng': '-164.2990'}}, 'phone': '493-170-9623 x156', 'website': 'kale.biz', 'company': {'name': 'Robel-Corkery', 'catchPhrase': 'Multi-tiered zero tolerance productivity', 'bs': 'transition cutting-edge web services'}}, {'id': 5, 'name': 'Chelsey Dietrich', 'username': 'Kamren', 'email': 'Lucio_Hettinger@annie.ca', 'address': {'street': 'Skiles Walks', 'suite': 'Suite 351', 'city': 'Roscoeview', 'zipcode': '33263', 'geo': {'lat': '-31.8129', 'lng': '62.5342'}}, 'phone': '(254)954-1289', 'website': 'demarco.info', 'company': {'name': 'Keebler LLC', 'catchPhrase': 'User-centric fault-tolerant solution', 'bs': 'revolutionize end-to-end systems'}}, {'id': 6, 'name': 'Mrs. Dennis Schulist', 'username': 'Leopoldo_Corkery', 'email': 'Karley_Dach@jasper.info', 'address': {'street': 'Norberto Crossing', 'suite': 'Apt. 950', 'city': 'South Christy', 'zipcode': '23505-1337', 'geo': {'lat': '-71.4197', 'lng': '71.7478'}}, 'phone': '1-477-935-8478 x6430', 'website': 'ola.org', 'company': {'name': 'Considine-Lockman', 'catchPhrase': 'Synchronised bottom-line interface', 'bs': 'e-enable innovative applications'}}, {'id': 7, 'name': 'Kurtis Weissnat', 'username': 'Elwyn.Skiles', 'email': 'Telly.Hoeger@billy.biz', 'address': {'street': 'Rex Trail', 'suite': 'Suite 280', 'city': 'Howemouth', 'zipcode': '58804-1099', 'geo': {'lat': '24.8918', 'lng': '21.8984'}}, 'phone': '210.067.6132', 'website': 'elvis.io', 'company': {'name': 'Johns Group', 'catchPhrase': 'Configurable multimedia task-force', 'bs': 'generate enterprise e-tailers'}}, {'id': 8, 'name': 'Nicholas Runolfsdottir V', 'username': 'Maxime_Nienow', 'email': 'Sherwood@rosamond.me', 'address': {'street': 'Ellsworth Summit', 'suite': 'Suite 729', 'city': 'Aliyaview', 'zipcode': '45169', 'geo': {'lat': '-14.3990', 'lng': '-120.7677'}}, 'phone': '586.493.6943 x140', 'website': 'jacynthe.com', 'company': {'name': 'Abernathy Group', 'catchPhrase': 'Implemented secondary concept', 'bs': 'e-enable extensible e-tailers'}}, {'id': 9, 'name': 'Glenna Reichert', 'username': 'Delphine', 'email': 'Chaim_McDermott@dana.io', 'address': {'street': 'Dayna Park', 'suite': 'Suite 449', 'city': 'Bartholomebury', 'zipcode': '76495-3109', 'geo': {'lat': '24.6463', 'lng': '-168.8889'}}, 'phone': '(775)976-6794 x41206', 'website': 'conrad.com', 'company': {'name': 'Yost and Sons', 'catchPhrase': 'Switchable contextually-based project', 'bs': 'aggregate real-time technologies'}}, {'id': 10, 'name': 'Clementina DuBuque', 'username': 'Moriah.Stanton', 'email': 'Rey.Padberg@karina.biz', 'address': {'street': 'Kattie Turnpike', 'suite': 'Suite 198', 'city': 'Lebsackbury', 'zipcode': '31428-2261', 'geo': {'lat': '-38.2386', 'lng': '57.2232'}}, 'phone': '024-648-3804', 'website': 'ambrose.net', 'company': {'name': 'Hoeger LLC', 'catchPhrase': 'Centralized empowering task-force', 'bs': 'target end-to-end models'}}] - [{'userId': 1, 'id': 1, 'title': 'sunt aut facere repellat provident occaecati excepturi optio reprehenderit', 'body': 'quia et suscipit\nsuscipit recusandae consequuntur expedita et cum\nreprehenderit molestiae ut ut quas totam\nnostrum rerum est autem sunt rem eveniet architecto'}, {'userId': 1, 'id': 2, 'title': 'qui est esse', 'body': 'est rerum tempore vitae\nsequi sint nihil reprehenderit dolor beatae ea dolores neque\nfugiat blanditiis voluptate porro vel nihil molestiae ut reiciendis\nqui aperiam non debitis possimus qui neque nisi nulla'}, {'userId': 1, 'id': 3, 'title': 'ea molestias quasi exercitationem repellat qui ipsa sit aut', 'body': 'et iusto sed quo iure\nvoluptatem occaecati omnis eligendi aut ad\nvoluptatem doloribus vel accusantium quis pariatur\nmolestiae porro eius odio et labore et velit aut'}, {'userId': 1, 'id': 4, 'title': 'eum et est occaecati', 'body': 'ullam et saepe reiciendis voluptatem adipisci\nsit amet autem assumenda provident rerum culpa\nquis hic commodi nesciunt rem tenetur doloremque ipsam iure\nquis sunt voluptatem rerum illo velit'}, {'userId': 1, 'id': 5, 'title': 'nesciunt quas odio', 'body': 'repudiandae veniam quaerat sunt sed\nalias aut fugiat sit autem sed est\nvoluptatem omnis possimus esse voluptatibus quis\nest aut tenetur dolor neque'}, {'userId': 1, 'id': 6, 'title': 'dolorem eum magni eos aperiam quia', 'body': 'ut aspernatur corporis harum nihil quis provident sequi\nmollitia nobis aliquid molestiae\nperspiciatis et ea nemo ab reprehenderit accusantium quas\nvoluptate dolores velit et doloremque molestiae'}, {'userId': 1, 'id': 7, 'title': 'magnam facilis autem', 'body': 'dolore placeat quibusdam ea quo vitae\nmagni quis enim qui quis quo nemo aut saepe\nquidem repellat excepturi ut quia\nsunt ut sequi eos ea sed quas'}, {'userId': 1, 'id': 8, 'title': 'dolorem dolore est ipsam', 'body': 'dignissimos aperiam dolorem qui eum\nfacilis quibusdam animi sint suscipit qui sint possimus cum\nquaerat magni maiores excepturi\nipsam ut commodi dolor voluptatum modi aut vitae'}, {'userId': 1, 'id': 9, 'title': 'nesciunt iure omnis dolorem tempora et accusantium', 'body': 'consectetur animi nesciunt iure dolore\nenim quia ad\nveniam autem ut quam aut nobis\net est aut quod aut provident voluptas autem voluptas'}, {'userId': 1, 'id': 10, 'title': 'optio molestias id quia eum', 'body': 'quo et expedita modi cum officia vel magni\ndoloribus qui repudiandae\nvero nisi sit\nquos veniam quod sed accusamus veritatis error'}, {'userId': 2, 'id': 11, 'title': 'et ea vero quia laudantium autem', 'body': 'delectus reiciendis molestiae occaecati non minima eveniet qui voluptatibus\naccusamus in eum beatae sit\nvel qui neque voluptates ut commodi qui incidunt\nut animi commodi'}, {'userId': 2, 'id': 12, 'title': 'in quibusdam tempore odit est dolorem', 'body': 'itaque id aut magnam\npraesentium quia et ea odit et ea voluptas et\nsapiente quia nihil amet occaecati quia id voluptatem\nincidunt ea est distinctio odio'}, {'userId': 2, 'id': 13, 'title': 'dolorum ut in voluptas mollitia et saepe quo animi', 'body': 'aut dicta possimus sint mollitia voluptas commodi quo doloremque\niste corrupti reiciendis voluptatem eius rerum\nsit cumque quod eligendi laborum minima\nperferendis recusandae assumenda consectetur porro architecto ipsum ipsam'}, {'userId': 2, 'id': 14, 'title': 'voluptatem eligendi optio', 'body': 'fuga et accusamus dolorum perferendis illo voluptas\nnon doloremque neque facere\nad qui dolorum molestiae beatae\nsed aut voluptas totam sit illum'}, {'userId': 2, 'id': 15, 'title': 'eveniet quod temporibus', 'body': 'reprehenderit quos placeat\nvelit minima officia dolores impedit repudiandae molestiae nam\nvoluptas recusandae quis delectus\nofficiis harum fugiat vitae'}, {'userId': 2, 'id': 16, 'title': 'sint suscipit perspiciatis velit dolorum rerum ipsa laboriosam odio', 'body': 'suscipit nam nisi quo aperiam aut\nasperiores eos fugit maiores voluptatibus quia\nvoluptatem quis ullam qui in alias quia est\nconsequatur magni mollitia accusamus ea nisi voluptate dicta'}, {'userId': 2, 'id': 17, 'title': 'fugit voluptas sed molestias voluptatem provident', 'body': 'eos voluptas et aut odit natus earum\naspernatur fuga molestiae ullam\ndeserunt ratione qui eos\nqui nihil ratione nemo velit ut aut id quo'}, {'userId': 2, 'id': 18, 'title': 'voluptate et itaque vero tempora molestiae', 'body': 'eveniet quo quis\nlaborum totam consequatur non dolor\nut et est repudiandae\nest voluptatem vel debitis et magnam'}, {'userId': 2, 'id': 19, 'title': 'adipisci placeat illum aut reiciendis qui', 'body': 'illum quis cupiditate provident sit magnam\nea sed aut omnis\nveniam maiores ullam consequatur atque\nadipisci quo iste expedita sit quos voluptas'}, {'userId': 2, 'id': 20, 'title': 'doloribus ad provident suscipit at', 'body': 'qui consequuntur ducimus possimus quisquam amet similique\nsuscipit porro ipsam amet\neos veritatis officiis exercitationem vel fugit aut necessitatibus totam\nomnis rerum consequatur expedita quidem cumque explicabo'}, {'userId': 3, 'id': 21, 'title': 'asperiores ea ipsam voluptatibus modi minima quia sint', 'body': 'repellat aliquid praesentium dolorem quo\nsed totam minus non itaque\nnihil labore molestiae sunt dolor eveniet hic recusandae veniam\ntempora et tenetur expedita sunt'}, {'userId': 3, 'id': 22, 'title': 'dolor sint quo a velit explicabo quia nam', 'body': 'eos qui et ipsum ipsam suscipit aut\nsed omnis non odio\nexpedita earum mollitia molestiae aut atque rem suscipit\nnam impedit esse'}, {'userId': 3, 'id': 23, 'title': 'maxime id vitae nihil numquam', 'body': 'veritatis unde neque eligendi\nquae quod architecto quo neque vitae\nest illo sit tempora doloremque fugit quod\net et vel beatae sequi ullam sed tenetur perspiciatis'}, {'userId': 3, 'id': 24, 'title': 'autem hic labore sunt dolores incidunt', 'body': 'enim et ex nulla\nomnis voluptas quia qui\nvoluptatem consequatur numquam aliquam sunt\ntotam recusandae id dignissimos aut sed asperiores deserunt'}, {'userId': 3, 'id': 25, 'title': 'rem alias distinctio quo quis', 'body': 'ullam consequatur ut\nomnis quis sit vel consequuntur\nipsa eligendi ipsum molestiae et omnis error nostrum\nmolestiae illo tempore quia et distinctio'}, {'userId': 3, 'id': 26, 'title': 'est et quae odit qui non', 'body': 'similique esse doloribus nihil accusamus\nomnis dolorem fuga consequuntur reprehenderit fugit recusandae temporibus\nperspiciatis cum ut laudantium\nomnis aut molestiae vel vero'}, {'userId': 3, 'id': 27, 'title': 'quasi id et eos tenetur aut quo autem', 'body': 'eum sed dolores ipsam sint possimus debitis occaecati\ndebitis qui qui et\nut placeat enim earum aut odit facilis\nconsequatur suscipit necessitatibus rerum sed inventore temporibus consequatur'}, {'userId': 3, 'id': 28, 'title': 'delectus ullam et corporis nulla voluptas sequi', 'body': 'non et quaerat ex quae ad maiores\nmaiores recusandae totam aut blanditiis mollitia quas illo\nut voluptatibus voluptatem\nsimilique nostrum eum'}, {'userId': 3, 'id': 29, 'title': 'iusto eius quod necessitatibus culpa ea', 'body': 'odit magnam ut saepe sed non qui\ntempora atque nihil\naccusamus illum doloribus illo dolor\neligendi repudiandae odit magni similique sed cum maiores'}, {'userId': 3, 'id': 30, 'title': 'a quo magni similique perferendis', 'body': 'alias dolor cumque\nimpedit blanditiis non eveniet odio maxime\nblanditiis amet eius quis tempora quia autem rem\na provident perspiciatis quia'}, {'userId': 4, 'id': 31, 'title': 'ullam ut quidem id aut vel consequuntur', 'body': 'debitis eius sed quibusdam non quis consectetur vitae\nimpedit ut qui consequatur sed aut in\nquidem sit nostrum et maiores adipisci atque\nquaerat voluptatem adipisci repudiandae'}, {'userId': 4, 'id': 32, 'title': 'doloremque illum aliquid sunt', 'body': 'deserunt eos nobis asperiores et hic\nest debitis repellat molestiae optio\nnihil ratione ut eos beatae quibusdam distinctio maiores\nearum voluptates et aut adipisci ea maiores voluptas maxime'}, {'userId': 4, 'id': 33, 'title': 'qui explicabo molestiae dolorem', 'body': 'rerum ut et numquam laborum odit est sit\nid qui sint in\nquasi tenetur tempore aperiam et quaerat qui in\nrerum officiis sequi cumque quod'}, {'userId': 4, 'id': 34, 'title': 'magnam ut rerum iure', 'body': 'ea velit perferendis earum ut voluptatem voluptate itaque iusto\ntotam pariatur in\nnemo voluptatem voluptatem autem magni tempora minima in\nest distinctio qui assumenda accusamus dignissimos officia nesciunt nobis'}, {'userId': 4, 'id': 35, 'title': 'id nihil consequatur molestias animi provident', 'body': 'nisi error delectus possimus ut eligendi vitae\nplaceat eos harum cupiditate facilis reprehenderit voluptatem beatae\nmodi ducimus quo illum voluptas eligendi\net nobis quia fugit'}, {'userId': 4, 'id': 36, 'title': 'fuga nam accusamus voluptas reiciendis itaque', 'body': 'ad mollitia et omnis minus architecto odit\nvoluptas doloremque maxime aut non ipsa qui alias veniam\nblanditiis culpa aut quia nihil cumque facere et occaecati\nqui aspernatur quia eaque ut aperiam inventore'}, {'userId': 4, 'id': 37, 'title': 'provident vel ut sit ratione est', 'body': 'debitis et eaque non officia sed nesciunt pariatur vel\nvoluptatem iste vero et ea\nnumquam aut expedita ipsum nulla in\nvoluptates omnis consequatur aut enim officiis in quam qui'}, {'userId': 4, 'id': 38, 'title': 'explicabo et eos deleniti nostrum ab id repellendus', 'body': 'animi esse sit aut sit nesciunt assumenda eum voluptas\nquia voluptatibus provident quia necessitatibus ea\nrerum repudiandae quia voluptatem delectus fugit aut id quia\nratione optio eos iusto veniam iure'}, {'userId': 4, 'id': 39, 'title': 'eos dolorem iste accusantium est eaque quam', 'body': 'corporis rerum ducimus vel eum accusantium\nmaxime aspernatur a porro possimus iste omnis\nest in deleniti asperiores fuga aut\nvoluptas sapiente vel dolore minus voluptatem incidunt ex'}, {'userId': 4, 'id': 40, 'title': 'enim quo cumque', 'body': 'ut voluptatum aliquid illo tenetur nemo sequi quo facilis\nipsum rem optio mollitia quas\nvoluptatem eum voluptas qui\nunde omnis voluptatem iure quasi maxime voluptas nam'}, {'userId': 5, 'id': 41, 'title': 'non est facere', 'body': 'molestias id nostrum\nexcepturi molestiae dolore omnis repellendus quaerat saepe\nconsectetur iste quaerat tenetur asperiores accusamus ex ut\nnam quidem est ducimus sunt debitis saepe'}, {'userId': 5, 'id': 42, 'title': 'commodi ullam sint et excepturi error explicabo praesentium voluptas', 'body': 'odio fugit voluptatum ducimus earum autem est incidunt voluptatem\nodit reiciendis aliquam sunt sequi nulla dolorem\nnon facere repellendus voluptates quia\nratione harum vitae ut'}, {'userId': 5, 'id': 43, 'title': 'eligendi iste nostrum consequuntur adipisci praesentium sit beatae perferendis', 'body': 'similique fugit est\nillum et dolorum harum et voluptate eaque quidem\nexercitationem quos nam commodi possimus cum odio nihil nulla\ndolorum exercitationem magnam ex et a et distinctio debitis'}, {'userId': 5, 'id': 44, 'title': 'optio dolor molestias sit', 'body': 'temporibus est consectetur dolore\net libero debitis vel velit laboriosam quia\nipsum quibusdam qui itaque fuga rem aut\nea et iure quam sed maxime ut distinctio quae'}, {'userId': 5, 'id': 45, 'title': 'ut numquam possimus omnis eius suscipit laudantium iure', 'body': 'est natus reiciendis nihil possimus aut provident\nex et dolor\nrepellat pariatur est\nnobis rerum repellendus dolorem autem'}, {'userId': 5, 'id': 46, 'title': 'aut quo modi neque nostrum ducimus', 'body': 'voluptatem quisquam iste\nvoluptatibus natus officiis facilis dolorem\nquis quas ipsam\nvel et voluptatum in aliquid'}, {'userId': 5, 'id': 47, 'title': 'quibusdam cumque rem aut deserunt', 'body': 'voluptatem assumenda ut qui ut cupiditate aut impedit veniam\noccaecati nemo illum voluptatem laudantium\nmolestiae beatae rerum ea iure soluta nostrum\neligendi et voluptate'}, {'userId': 5, 'id': 48, 'title': 'ut voluptatem illum ea doloribus itaque eos', 'body': 'voluptates quo voluptatem facilis iure occaecati\nvel assumenda rerum officia et\nillum perspiciatis ab deleniti\nlaudantium repellat ad ut et autem reprehenderit'}, {'userId': 5, 'id': 49, 'title': 'laborum non sunt aut ut assumenda perspiciatis voluptas', 'body': 'inventore ab sint\nnatus fugit id nulla sequi architecto nihil quaerat\neos tenetur in in eum veritatis non\nquibusdam officiis aspernatur cumque aut commodi aut'}, {'userId': 5, 'id': 50, 'title': 'repellendus qui recusandae incidunt voluptates tenetur qui omnis exercitationem', 'body': 'error suscipit maxime adipisci consequuntur recusandae\nvoluptas eligendi et est et voluptates\nquia distinctio ab amet quaerat molestiae et vitae\nadipisci impedit sequi nesciunt quis consectetur'}, {'userId': 6, 'id': 51, 'title': 'soluta aliquam aperiam consequatur illo quis voluptas', 'body': 'sunt dolores aut doloribus\ndolore doloribus voluptates tempora et\ndoloremque et quo\ncum asperiores sit consectetur dolorem'}, {'userId': 6, 'id': 52, 'title': 'qui enim et consequuntur quia animi quis voluptate quibusdam', 'body': 'iusto est quibusdam fuga quas quaerat molestias\na enim ut sit accusamus enim\ntemporibus iusto accusantium provident architecto\nsoluta esse reprehenderit qui laborum'}, {'userId': 6, 'id': 53, 'title': 'ut quo aut ducimus alias', 'body': 'minima harum praesentium eum rerum illo dolore\nquasi exercitationem rerum nam\nporro quis neque quo\nconsequatur minus dolor quidem veritatis sunt non explicabo similique'}, {'userId': 6, 'id': 54, 'title': 'sit asperiores ipsam eveniet odio non quia', 'body': 'totam corporis dignissimos\nvitae dolorem ut occaecati accusamus\nex velit deserunt\net exercitationem vero incidunt corrupti mollitia'}, {'userId': 6, 'id': 55, 'title': 'sit vel voluptatem et non libero', 'body': 'debitis excepturi ea perferendis harum libero optio\neos accusamus cum fuga ut sapiente repudiandae\net ut incidunt omnis molestiae\nnihil ut eum odit'}, {'userId': 6, 'id': 56, 'title': 'qui et at rerum necessitatibus', 'body': 'aut est omnis dolores\nneque rerum quod ea rerum velit pariatur beatae excepturi\net provident voluptas corrupti\ncorporis harum reprehenderit dolores eligendi'}, {'userId': 6, 'id': 57, 'title': 'sed ab est est', 'body': 'at pariatur consequuntur earum quidem\nquo est laudantium soluta voluptatem\nqui ullam et est\net cum voluptas voluptatum repellat est'}, {'userId': 6, 'id': 58, 'title': 'voluptatum itaque dolores nisi et quasi', 'body': 'veniam voluptatum quae adipisci id\net id quia eos ad et dolorem\naliquam quo nisi sunt eos impedit error\nad similique veniam'}, {'userId': 6, 'id': 59, 'title': 'qui commodi dolor at maiores et quis id accusantium', 'body': 'perspiciatis et quam ea autem temporibus non voluptatibus qui\nbeatae a earum officia nesciunt dolores suscipit voluptas et\nanimi doloribus cum rerum quas et magni\net hic ut ut commodi expedita sunt'}, {'userId': 6, 'id': 60, 'title': 'consequatur placeat omnis quisquam quia reprehenderit fugit veritatis facere', 'body': 'asperiores sunt ab assumenda cumque modi velit\nqui esse omnis\nvoluptate et fuga perferendis voluptas\nillo ratione amet aut et omnis'}, {'userId': 7, 'id': 61, 'title': 'voluptatem doloribus consectetur est ut ducimus', 'body': 'ab nemo optio odio\ndelectus tenetur corporis similique nobis repellendus rerum omnis facilis\nvero blanditiis debitis in nesciunt doloribus dicta dolores\nmagnam minus velit'}, {'userId': 7, 'id': 62, 'title': 'beatae enim quia vel', 'body': 'enim aspernatur illo distinctio quae praesentium\nbeatae alias amet delectus qui voluptate distinctio\nodit sint accusantium autem omnis\nquo molestiae omnis ea eveniet optio'}, {'userId': 7, 'id': 63, 'title': 'voluptas blanditiis repellendus animi ducimus error sapiente et suscipit', 'body': 'enim adipisci aspernatur nemo\nnumquam omnis facere dolorem dolor ex quis temporibus incidunt\nab delectus culpa quo reprehenderit blanditiis asperiores\naccusantium ut quam in voluptatibus voluptas ipsam dicta'}, {'userId': 7, 'id': 64, 'title': 'et fugit quas eum in in aperiam quod', 'body': 'id velit blanditiis\neum ea voluptatem\nmolestiae sint occaecati est eos perspiciatis\nincidunt a error provident eaque aut aut qui'}, {'userId': 7, 'id': 65, 'title': 'consequatur id enim sunt et et', 'body': 'voluptatibus ex esse\nsint explicabo est aliquid cumque adipisci fuga repellat labore\nmolestiae corrupti ex saepe at asperiores et perferendis\nnatus id esse incidunt pariatur'}, {'userId': 7, 'id': 66, 'title': 'repudiandae ea animi iusto', 'body': 'officia veritatis tenetur vero qui itaque\nsint non ratione\nsed et ut asperiores iusto eos molestiae nostrum\nveritatis quibusdam et nemo iusto saepe'}, {'userId': 7, 'id': 67, 'title': 'aliquid eos sed fuga est maxime repellendus', 'body': 'reprehenderit id nostrum\nvoluptas doloremque pariatur sint et accusantium quia quod aspernatur\net fugiat amet\nnon sapiente et consequatur necessitatibus molestiae'}, {'userId': 7, 'id': 68, 'title': 'odio quis facere architecto reiciendis optio', 'body': 'magnam molestiae perferendis quisquam\nqui cum reiciendis\nquaerat animi amet hic inventore\nea quia deleniti quidem saepe porro velit'}, {'userId': 7, 'id': 69, 'title': 'fugiat quod pariatur odit minima', 'body': 'officiis error culpa consequatur modi asperiores et\ndolorum assumenda voluptas et vel qui aut vel rerum\nvoluptatum quisquam perspiciatis quia rerum consequatur totam quas\nsequi commodi repudiandae asperiores et saepe a'}, {'userId': 7, 'id': 70, 'title': 'voluptatem laborum magni', 'body': 'sunt repellendus quae\nest asperiores aut deleniti esse accusamus repellendus quia aut\nquia dolorem unde\neum tempora esse dolore'}, {'userId': 8, 'id': 71, 'title': 'et iusto veniam et illum aut fuga', 'body': 'occaecati a doloribus\niste saepe consectetur placeat eum voluptate dolorem et\nqui quo quia voluptas\nrerum ut id enim velit est perferendis'}, {'userId': 8, 'id': 72, 'title': 'sint hic doloribus consequatur eos non id', 'body': 'quam occaecati qui deleniti consectetur\nconsequatur aut facere quas exercitationem aliquam hic voluptas\nneque id sunt ut aut accusamus\nsunt consectetur expedita inventore velit'}, {'userId': 8, 'id': 73, 'title': 'consequuntur deleniti eos quia temporibus ab aliquid at', 'body': 'voluptatem cumque tenetur consequatur expedita ipsum nemo quia explicabo\naut eum minima consequatur\ntempore cumque quae est et\net in consequuntur voluptatem voluptates aut'}, {'userId': 8, 'id': 74, 'title': 'enim unde ratione doloribus quas enim ut sit sapiente', 'body': 'odit qui et et necessitatibus sint veniam\nmollitia amet doloremque molestiae commodi similique magnam et quam\nblanditiis est itaque\nquo et tenetur ratione occaecati molestiae tempora'}, {'userId': 8, 'id': 75, 'title': 'dignissimos eum dolor ut enim et delectus in', 'body': 'commodi non non omnis et voluptas sit\nautem aut nobis magnam et sapiente voluptatem\net laborum repellat qui delectus facilis temporibus\nrerum amet et nemo voluptate expedita adipisci error dolorem'}, {'userId': 8, 'id': 76, 'title': 'doloremque officiis ad et non perferendis', 'body': 'ut animi facere\ntotam iusto tempore\nmolestiae eum aut et dolorem aperiam\nquaerat recusandae totam odio'}, {'userId': 8, 'id': 77, 'title': 'necessitatibus quasi exercitationem odio', 'body': 'modi ut in nulla repudiandae dolorum nostrum eos\naut consequatur omnis\nut incidunt est omnis iste et quam\nvoluptates sapiente aliquam asperiores nobis amet corrupti repudiandae provident'}, {'userId': 8, 'id': 78, 'title': 'quam voluptatibus rerum veritatis', 'body': 'nobis facilis odit tempore cupiditate quia\nassumenda doloribus rerum qui ea\nillum et qui totam\naut veniam repellendus'}, {'userId': 8, 'id': 79, 'title': 'pariatur consequatur quia magnam autem omnis non amet', 'body': 'libero accusantium et et facere incidunt sit dolorem\nnon excepturi qui quia sed laudantium\nquisquam molestiae ducimus est\nofficiis esse molestiae iste et quos'}, {'userId': 8, 'id': 80, 'title': 'labore in ex et explicabo corporis aut quas', 'body': 'ex quod dolorem ea eum iure qui provident amet\nquia qui facere excepturi et repudiandae\nasperiores molestias provident\nminus incidunt vero fugit rerum sint sunt excepturi provident'}, {'userId': 9, 'id': 81, 'title': 'tempora rem veritatis voluptas quo dolores vero', 'body': 'facere qui nesciunt est voluptatum voluptatem nisi\nsequi eligendi necessitatibus ea at rerum itaque\nharum non ratione velit laboriosam quis consequuntur\nex officiis minima doloremque voluptas ut aut'}, {'userId': 9, 'id': 82, 'title': 'laudantium voluptate suscipit sunt enim enim', 'body': 'ut libero sit aut totam inventore sunt\nporro sint qui sunt molestiae\nconsequatur cupiditate qui iste ducimus adipisci\ndolor enim assumenda soluta laboriosam amet iste delectus hic'}, {'userId': 9, 'id': 83, 'title': 'odit et voluptates doloribus alias odio et', 'body': 'est molestiae facilis quis tempora numquam nihil qui\nvoluptate sapiente consequatur est qui\nnecessitatibus autem aut ipsa aperiam modi dolore numquam\nreprehenderit eius rem quibusdam'}, {'userId': 9, 'id': 84, 'title': 'optio ipsam molestias necessitatibus occaecati facilis veritatis dolores aut', 'body': 'sint molestiae magni a et quos\neaque et quasi\nut rerum debitis similique veniam\nrecusandae dignissimos dolor incidunt consequatur odio'}, {'userId': 9, 'id': 85, 'title': 'dolore veritatis porro provident adipisci blanditiis et sunt', 'body': 'similique sed nisi voluptas iusto omnis\nmollitia et quo\nassumenda suscipit officia magnam sint sed tempora\nenim provident pariatur praesentium atque animi amet ratione'}, {'userId': 9, 'id': 86, 'title': 'placeat quia et porro iste', 'body': 'quasi excepturi consequatur iste autem temporibus sed molestiae beatae\net quaerat et esse ut\nvoluptatem occaecati et vel explicabo autem\nasperiores pariatur deserunt optio'}, {'userId': 9, 'id': 87, 'title': 'nostrum quis quasi placeat', 'body': 'eos et molestiae\nnesciunt ut a\ndolores perspiciatis repellendus repellat aliquid\nmagnam sint rem ipsum est'}, {'userId': 9, 'id': 88, 'title': 'sapiente omnis fugit eos', 'body': 'consequatur omnis est praesentium\nducimus non iste\nneque hic deserunt\nvoluptatibus veniam cum et rerum sed'}, {'userId': 9, 'id': 89, 'title': 'sint soluta et vel magnam aut ut sed qui', 'body': 'repellat aut aperiam totam temporibus autem et\narchitecto magnam ut\nconsequatur qui cupiditate rerum quia soluta dignissimos nihil iure\ntempore quas est'}, {'userId': 9, 'id': 90, 'title': 'ad iusto omnis odit dolor voluptatibus', 'body': 'minus omnis soluta quia\nqui sed adipisci voluptates illum ipsam voluptatem\neligendi officia ut in\neos soluta similique molestias praesentium blanditiis'}, {'userId': 10, 'id': 91, 'title': 'aut amet sed', 'body': 'libero voluptate eveniet aperiam sed\nsunt placeat suscipit molestias\nsimilique fugit nam natus\nexpedita consequatur consequatur dolores quia eos et placeat'}, {'userId': 10, 'id': 92, 'title': 'ratione ex tenetur perferendis', 'body': 'aut et excepturi dicta laudantium sint rerum nihil\nlaudantium et at\na neque minima officia et similique libero et\ncommodi voluptate qui'}, {'userId': 10, 'id': 93, 'title': 'beatae soluta recusandae', 'body': 'dolorem quibusdam ducimus consequuntur dicta aut quo laboriosam\nvoluptatem quis enim recusandae ut sed sunt\nnostrum est odit totam\nsit error sed sunt eveniet provident qui nulla'}, {'userId': 10, 'id': 94, 'title': 'qui qui voluptates illo iste minima', 'body': 'aspernatur expedita soluta quo ab ut similique\nexpedita dolores amet\nsed temporibus distinctio magnam saepe deleniti\nomnis facilis nam ipsum natus sint similique omnis'}, {'userId': 10, 'id': 95, 'title': 'id minus libero illum nam ad officiis', 'body': 'earum voluptatem facere provident blanditiis velit laboriosam\npariatur accusamus odio saepe\ncumque dolor qui a dicta ab doloribus consequatur omnis\ncorporis cupiditate eaque assumenda ad nesciunt'}, {'userId': 10, 'id': 96, 'title': 'quaerat velit veniam amet cupiditate aut numquam ut sequi', 'body': 'in non odio excepturi sint eum\nlabore voluptates vitae quia qui et\ninventore itaque rerum\nveniam non exercitationem delectus aut'}, {'userId': 10, 'id': 97, 'title': 'quas fugiat ut perspiciatis vero provident', 'body': 'eum non blanditiis soluta porro quibusdam voluptas\nvel voluptatem qui placeat dolores qui velit aut\nvel inventore aut cumque culpa explicabo aliquid at\nperspiciatis est et voluptatem dignissimos dolor itaque sit nam'}, {'userId': 10, 'id': 98, 'title': 'laboriosam dolor voluptates', 'body': 'doloremque ex facilis sit sint culpa\nsoluta assumenda eligendi non ut eius\nsequi ducimus vel quasi\nveritatis est dolores'}, {'userId': 10, 'id': 99, 'title': 'temporibus sit alias delectus eligendi possimus magni', 'body': 'quo deleniti praesentium dicta non quod\naut est molestias\nmolestias et officia quis nihil\nitaque dolorem quia'}, {'userId': 10, 'id': 100, 'title': 'at nam consequatur ea labore ea harum', 'body': 'cupiditate quo est a modi nesciunt soluta\nipsa voluptas error itaque dicta in\nautem qui minus magnam et distinctio eum\naccusamus ratione error aut'}]
2026-06-10 01:49:54,742 - INFO - Program finished
2026-06-10 01:58:07,094 - DEBUG - Using proactor: IocpProactor
2026-06-10 01:58:07,098 - INFO - Program started
2026-06-10 01:58:07,098 - INFO - 
get_users() started

2026-06-10 01:58:08,595 - DEBUG - HTTP client created
2026-06-10 01:58:08,618 - DEBUG - connect_tcp.started host='127.0.0.1' port=50422 local_address=None timeout=5.0 socket_options=None
2026-06-10 01:58:08,622 - DEBUG - connect_tcp.complete return_value=<httpcore._backends.anyio.AnyIOStream object at 0x000001C5A5909E80>
2026-06-10 01:58:08,623 - DEBUG - send_request_headers.started request=<Request [b'CONNECT']>
2026-06-10 01:58:08,624 - DEBUG - send_request_headers.complete
2026-06-10 01:58:08,624 - DEBUG - send_request_body.started request=<Request [b'CONNECT']>
2026-06-10 01:58:08,625 - DEBUG - send_request_body.complete
2026-06-10 01:58:08,625 - DEBUG - receive_response_headers.started request=<Request [b'CONNECT']>
2026-06-10 01:58:08,668 - DEBUG - receive_response_headers.complete return_value=(b'HTTP/1.1', 200, b'OK', [])
2026-06-10 01:58:08,669 - DEBUG - start_tls.started ssl_context=<ssl.SSLContext object at 0x000001C5A56AFAD0> server_hostname='jsonplaceholder.typicode.com' timeout=5.0
2026-06-10 01:58:08,703 - DEBUG - start_tls.complete return_value=<httpcore._backends.anyio.AnyIOStream object at 0x000001C5A58CB750>
2026-06-10 01:58:08,704 - DEBUG - send_request_headers.started request=<Request [b'GET']>
2026-06-10 01:58:08,705 - DEBUG - send_request_headers.complete
2026-06-10 01:58:08,705 - DEBUG - send_request_body.started request=<Request [b'GET']>
2026-06-10 01:58:08,705 - DEBUG - send_request_body.complete
2026-06-10 01:58:08,705 - DEBUG - receive_response_headers.started request=<Request [b'GET']>
2026-06-10 01:58:08,798 - DEBUG - receive_response_headers.complete return_value=(b'HTTP/1.1', 200, b'OK', [(b'Date', b'Tue, 09 Jun 2026 21:58:11 GMT'), (b'Content-Type', b'application/json; charset=utf-8'), (b'Content-Length', b'1847'), (b'Connection', b'keep-alive'), (b'Access-Control-Allow-Credentials', b'true'), (b'Cache-Control', b'max-age=43200'), (b'Content-Encoding', b'gzip'), (b'Etag', b'W/"160d-1eMSsxeJRfnVLRBmYJSbCiJZ1qQ"'), (b'Expires', b'-1'), (b'Nel', b'{"report_to":"heroku-nel","response_headers":["Via"],"max_age":3600,"success_fraction":0.01,"failure_fraction":0.1}'), (b'Pragma', b'no-cache'), (b'Report-To', b'{"group":"heroku-nel","endpoints":[{"url":"https://nel.heroku.com/reports?s=rX0hNbT6HQlnHmtbQx1TTDBPTGPf7UlnaOELZo1kY0o%3D\\u0026sid=e11707d5-02a7-43ef-b45e-2cf4d2036f7d\\u0026ts=1779908048"}],"max_age":3600}'), (b'Reporting-Endpoints', b'heroku-nel="https://nel.heroku.com/reports?s=rX0hNbT6HQlnHmtbQx1TTDBPTGPf7UlnaOELZo1kY0o%3D&sid=e11707d5-02a7-43ef-b45e-2cf4d2036f7d&ts=1779908048"'), (b'Server', b'cloudflare'), (b'Vary', b'Origin, Accept-Encoding'), (b'Via', b'2.0 heroku-router'), (b'X-Content-Type-Options', b'nosniff'), (b'X-Powered-By', b'Express'), (b'X-Ratelimit-Limit', b'1000'), (b'X-Ratelimit-Remaining', b'999'), (b'X-Ratelimit-Reset', b'1779908071'), (b'Age', b'13521'), (b'Accept-Ranges', b'bytes'), (b'Cf-Cache-Status', b'HIT'), (b'CF-RAY', b'a09365722b2590e3-TBS'), (b'alt-svc', b'h3=":443"; ma=86400')])
2026-06-10 01:58:08,799 - INFO - HTTP Request: GET https://jsonplaceholder.typicode.com/users "HTTP/1.1 200 OK"
2026-06-10 01:58:08,800 - DEBUG - receive_response_body.started request=<Request [b'GET']>
2026-06-10 01:58:08,815 - DEBUG - receive_response_body.complete
2026-06-10 01:58:08,817 - DEBUG - response_closed.started
2026-06-10 01:58:08,817 - DEBUG - response_closed.complete
2026-06-10 01:58:08,818 - INFO - Request sent to https://jsonplaceholder.typicode.com/users
2026-06-10 01:58:08,819 - INFO - Response status: 200 OK
2026-06-10 01:58:08,819 - DEBUG - Users received: 10 items
2026-06-10 01:58:08,819 - INFO - Users found: [{'id': 1, 'name': 'Leanne Graham', 'username': 'Bret', 'email': 'Sincere@april.biz', 'address': {'street': 'Kulas Light', 'suite': 'Apt. 556', 'city': 'Gwenborough', 'zipcode': '92998-3874', 'geo': {'lat': '-37.3159', 'lng': '81.1496'}}, 'phone': '1-770-736-8031 x56442', 'website': 'hildegard.org', 'company': {'name': 'Romaguera-Crona', 'catchPhrase': 'Multi-layered client-server neural-net', 'bs': 'harness real-time e-markets'}}, {'id': 2, 'name': 'Ervin Howell', 'username': 'Antonette', 'email': 'Shanna@melissa.tv', 'address': {'street': 'Victor Plains', 'suite': 'Suite 879', 'city': 'Wisokyburgh', 'zipcode': '90566-7771', 'geo': {'lat': '-43.9509', 'lng': '-34.4618'}}, 'phone': '010-692-6593 x09125', 'website': 'anastasia.net', 'company': {'name': 'Deckow-Crist', 'catchPhrase': 'Proactive didactic contingency', 'bs': 'synergize scalable supply-chains'}}, {'id': 3, 'name': 'Clementine Bauch', 'username': 'Samantha', 'email': 'Nathan@yesenia.net', 'address': {'street': 'Douglas Extension', 'suite': 'Suite 847', 'city': 'McKenziehaven', 'zipcode': '59590-4157', 'geo': {'lat': '-68.6102', 'lng': '-47.0653'}}, 'phone': '1-463-123-4447', 'website': 'ramiro.info', 'company': {'name': 'Romaguera-Jacobson', 'catchPhrase': 'Face to face bifurcated interface', 'bs': 'e-enable strategic applications'}}, {'id': 4, 'name': 'Patricia Lebsack', 'username': 'Karianne', 'email': 'Julianne.OConner@kory.org', 'address': {'street': 'Hoeger Mall', 'suite': 'Apt. 692', 'city': 'South Elvis', 'zipcode': '53919-4257', 'geo': {'lat': '29.4572', 'lng': '-164.2990'}}, 'phone': '493-170-9623 x156', 'website': 'kale.biz', 'company': {'name': 'Robel-Corkery', 'catchPhrase': 'Multi-tiered zero tolerance productivity', 'bs': 'transition cutting-edge web services'}}, {'id': 5, 'name': 'Chelsey Dietrich', 'username': 'Kamren', 'email': 'Lucio_Hettinger@annie.ca', 'address': {'street': 'Skiles Walks', 'suite': 'Suite 351', 'city': 'Roscoeview', 'zipcode': '33263', 'geo': {'lat': '-31.8129', 'lng': '62.5342'}}, 'phone': '(254)954-1289', 'website': 'demarco.info', 'company': {'name': 'Keebler LLC', 'catchPhrase': 'User-centric fault-tolerant solution', 'bs': 'revolutionize end-to-end systems'}}, {'id': 6, 'name': 'Mrs. Dennis Schulist', 'username': 'Leopoldo_Corkery', 'email': 'Karley_Dach@jasper.info', 'address': {'street': 'Norberto Crossing', 'suite': 'Apt. 950', 'city': 'South Christy', 'zipcode': '23505-1337', 'geo': {'lat': '-71.4197', 'lng': '71.7478'}}, 'phone': '1-477-935-8478 x6430', 'website': 'ola.org', 'company': {'name': 'Considine-Lockman', 'catchPhrase': 'Synchronised bottom-line interface', 'bs': 'e-enable innovative applications'}}, {'id': 7, 'name': 'Kurtis Weissnat', 'username': 'Elwyn.Skiles', 'email': 'Telly.Hoeger@billy.biz', 'address': {'street': 'Rex Trail', 'suite': 'Suite 280', 'city': 'Howemouth', 'zipcode': '58804-1099', 'geo': {'lat': '24.8918', 'lng': '21.8984'}}, 'phone': '210.067.6132', 'website': 'elvis.io', 'company': {'name': 'Johns Group', 'catchPhrase': 'Configurable multimedia task-force', 'bs': 'generate enterprise e-tailers'}}, {'id': 8, 'name': 'Nicholas Runolfsdottir V', 'username': 'Maxime_Nienow', 'email': 'Sherwood@rosamond.me', 'address': {'street': 'Ellsworth Summit', 'suite': 'Suite 729', 'city': 'Aliyaview', 'zipcode': '45169', 'geo': {'lat': '-14.3990', 'lng': '-120.7677'}}, 'phone': '586.493.6943 x140', 'website': 'jacynthe.com', 'company': {'name': 'Abernathy Group', 'catchPhrase': 'Implemented secondary concept', 'bs': 'e-enable extensible e-tailers'}}, {'id': 9, 'name': 'Glenna Reichert', 'username': 'Delphine', 'email': 'Chaim_McDermott@dana.io', 'address': {'street': 'Dayna Park', 'suite': 'Suite 449', 'city': 'Bartholomebury', 'zipcode': '76495-3109', 'geo': {'lat': '24.6463', 'lng': '-168.8889'}}, 'phone': '(775)976-6794 x41206', 'website': 'conrad.com', 'company': {'name': 'Yost and Sons', 'catchPhrase': 'Switchable contextually-based project', 'bs': 'aggregate real-time technologies'}}, {'id': 10, 'name': 'Clementina DuBuque', 'username': 'Moriah.Stanton', 'email': 'Rey.Padberg@karina.biz', 'address': {'street': 'Kattie Turnpike', 'suite': 'Suite 198', 'city': 'Lebsackbury', 'zipcode': '31428-2261', 'geo': {'lat': '-38.2386', 'lng': '57.2232'}}, 'phone': '024-648-3804', 'website': 'ambrose.net', 'company': {'name': 'Hoeger LLC', 'catchPhrase': 'Centralized empowering task-force', 'bs': 'target end-to-end models'}}]
2026-06-10 01:58:08,823 - INFO - 
get_users() finished

2026-06-10 01:58:10,112 - DEBUG - HTTP client created
2026-06-10 01:58:10,118 - DEBUG - connect_tcp.started host='127.0.0.1' port=50422 local_address=None timeout=5.0 socket_options=None
2026-06-10 01:58:10,121 - DEBUG - connect_tcp.complete return_value=<httpcore._backends.anyio.AnyIOStream object at 0x000001C5A5991450>
2026-06-10 01:58:10,122 - DEBUG - send_request_headers.started request=<Request [b'CONNECT']>
2026-06-10 01:58:10,123 - DEBUG - send_request_headers.complete
2026-06-10 01:58:10,123 - DEBUG - send_request_body.started request=<Request [b'CONNECT']>
2026-06-10 01:58:10,123 - DEBUG - send_request_body.complete
2026-06-10 01:58:10,123 - DEBUG - receive_response_headers.started request=<Request [b'CONNECT']>
2026-06-10 01:58:10,157 - DEBUG - receive_response_headers.complete return_value=(b'HTTP/1.1', 200, b'OK', [])
2026-06-10 01:58:10,157 - DEBUG - start_tls.started ssl_context=<ssl.SSLContext object at 0x000001C5A5907D40> server_hostname='jsonplaceholder.typicode.com' timeout=5.0
2026-06-10 01:58:10,179 - DEBUG - start_tls.complete return_value=<httpcore._backends.anyio.AnyIOStream object at 0x000001C5A5960D60>
2026-06-10 01:58:10,181 - DEBUG - send_request_headers.started request=<Request [b'GET']>
2026-06-10 01:58:10,182 - DEBUG - send_request_headers.complete
2026-06-10 01:58:10,182 - DEBUG - send_request_body.started request=<Request [b'GET']>
2026-06-10 01:58:10,182 - DEBUG - send_request_body.complete
2026-06-10 01:58:10,182 - DEBUG - receive_response_headers.started request=<Request [b'GET']>
2026-06-10 01:58:10,287 - DEBUG - receive_response_headers.complete return_value=(b'HTTP/1.1', 200, b'OK', [(b'Date', b'Tue, 09 Jun 2026 21:58:13 GMT'), (b'Content-Type', b'application/json; charset=utf-8'), (b'Transfer-Encoding', b'chunked'), (b'Connection', b'keep-alive'), (b'Access-Control-Allow-Credentials', b'true'), (b'Cache-Control', b'max-age=43200'), (b'Content-Encoding', b'gzip'), (b'Etag', b'W/"6b80-Ybsq/K6GwwqrYkAsFxqDXGC7DoM"'), (b'Expires', b'-1'), (b'Nel', b'{"report_to":"heroku-nel","response_headers":["Via"],"max_age":3600,"success_fraction":0.01,"failure_fraction":0.1}'), (b'Pragma', b'no-cache'), (b'Report-To', b'{"group":"heroku-nel","endpoints":[{"url":"https://nel.heroku.com/reports?s=%2BkY5bRCRB2vnnoThORuukqcFYPEKuF86%2BVOjhMRT11Y%3D\\u0026sid=e11707d5-02a7-43ef-b45e-2cf4d2036f7d\\u0026ts=1780678126"}],"max_age":3600}'), (b'Reporting-Endpoints', b'heroku-nel="https://nel.heroku.com/reports?s=%2BkY5bRCRB2vnnoThORuukqcFYPEKuF86%2BVOjhMRT11Y%3D&sid=e11707d5-02a7-43ef-b45e-2cf4d2036f7d&ts=1780678126"'), (b'Server', b'cloudflare'), (b'Vary', b'Origin, Accept-Encoding'), (b'Via', b'2.0 heroku-router'), (b'X-Content-Type-Options', b'nosniff'), (b'X-Powered-By', b'Express'), (b'X-Ratelimit-Limit', b'1000'), (b'X-Ratelimit-Remaining', b'999'), (b'X-Ratelimit-Reset', b'1780678135'), (b'Age', b'22233'), (b'Cf-Cache-Status', b'HIT'), (b'CF-RAY', b'a093657b4a998ccb-TBS'), (b'alt-svc', b'h3=":443"; ma=86400')])
2026-06-10 01:58:10,288 - INFO - HTTP Request: GET https://jsonplaceholder.typicode.com/posts "HTTP/1.1 200 OK"
2026-06-10 01:58:10,288 - DEBUG - receive_response_body.started request=<Request [b'GET']>
2026-06-10 01:58:10,305 - DEBUG - receive_response_body.complete
2026-06-10 01:58:10,306 - DEBUG - response_closed.started
2026-06-10 01:58:10,307 - DEBUG - response_closed.complete
2026-06-10 01:58:10,308 - INFO - Request sent to https://jsonplaceholder.typicode.com/posts
2026-06-10 01:58:10,308 - INFO - Response status: 200 OK
2026-06-10 01:58:10,309 - DEBUG - Todos received: 100 items
2026-06-10 01:58:10,309 - INFO - Posts found: [{'userId': 1, 'id': 1, 'title': 'sunt aut facere repellat provident occaecati excepturi optio reprehenderit', 'body': 'quia et suscipit\nsuscipit recusandae consequuntur expedita et cum\nreprehenderit molestiae ut ut quas totam\nnostrum rerum est autem sunt rem eveniet architecto'}, {'userId': 1, 'id': 2, 'title': 'qui est esse', 'body': 'est rerum tempore vitae\nsequi sint nihil reprehenderit dolor beatae ea dolores neque\nfugiat blanditiis voluptate porro vel nihil molestiae ut reiciendis\nqui aperiam non debitis possimus qui neque nisi nulla'}, {'userId': 1, 'id': 3, 'title': 'ea molestias quasi exercitationem repellat qui ipsa sit aut', 'body': 'et iusto sed quo iure\nvoluptatem occaecati omnis eligendi aut ad\nvoluptatem doloribus vel accusantium quis pariatur\nmolestiae porro eius odio et labore et velit aut'}, {'userId': 1, 'id': 4, 'title': 'eum et est occaecati', 'body': 'ullam et saepe reiciendis voluptatem adipisci\nsit amet autem assumenda provident rerum culpa\nquis hic commodi nesciunt rem tenetur doloremque ipsam iure\nquis sunt voluptatem rerum illo velit'}, {'userId': 1, 'id': 5, 'title': 'nesciunt quas odio', 'body': 'repudiandae veniam quaerat sunt sed\nalias aut fugiat sit autem sed est\nvoluptatem omnis possimus esse voluptatibus quis\nest aut tenetur dolor neque'}, {'userId': 1, 'id': 6, 'title': 'dolorem eum magni eos aperiam quia', 'body': 'ut aspernatur corporis harum nihil quis provident sequi\nmollitia nobis aliquid molestiae\nperspiciatis et ea nemo ab reprehenderit accusantium quas\nvoluptate dolores velit et doloremque molestiae'}, {'userId': 1, 'id': 7, 'title': 'magnam facilis autem', 'body': 'dolore placeat quibusdam ea quo vitae\nmagni quis enim qui quis quo nemo aut saepe\nquidem repellat excepturi ut quia\nsunt ut sequi eos ea sed quas'}, {'userId': 1, 'id': 8, 'title': 'dolorem dolore est ipsam', 'body': 'dignissimos aperiam dolorem qui eum\nfacilis quibusdam animi sint suscipit qui sint possimus cum\nquaerat magni maiores excepturi\nipsam ut commodi dolor voluptatum modi aut vitae'}, {'userId': 1, 'id': 9, 'title': 'nesciunt iure omnis dolorem tempora et accusantium', 'body': 'consectetur animi nesciunt iure dolore\nenim quia ad\nveniam autem ut quam aut nobis\net est aut quod aut provident voluptas autem voluptas'}, {'userId': 1, 'id': 10, 'title': 'optio molestias id quia eum', 'body': 'quo et expedita modi cum officia vel magni\ndoloribus qui repudiandae\nvero nisi sit\nquos veniam quod sed accusamus veritatis error'}, {'userId': 2, 'id': 11, 'title': 'et ea vero quia laudantium autem', 'body': 'delectus reiciendis molestiae occaecati non minima eveniet qui voluptatibus\naccusamus in eum beatae sit\nvel qui neque voluptates ut commodi qui incidunt\nut animi commodi'}, {'userId': 2, 'id': 12, 'title': 'in quibusdam tempore odit est dolorem', 'body': 'itaque id aut magnam\npraesentium quia et ea odit et ea voluptas et\nsapiente quia nihil amet occaecati quia id voluptatem\nincidunt ea est distinctio odio'}, {'userId': 2, 'id': 13, 'title': 'dolorum ut in voluptas mollitia et saepe quo animi', 'body': 'aut dicta possimus sint mollitia voluptas commodi quo doloremque\niste corrupti reiciendis voluptatem eius rerum\nsit cumque quod eligendi laborum minima\nperferendis recusandae assumenda consectetur porro architecto ipsum ipsam'}, {'userId': 2, 'id': 14, 'title': 'voluptatem eligendi optio', 'body': 'fuga et accusamus dolorum perferendis illo voluptas\nnon doloremque neque facere\nad qui dolorum molestiae beatae\nsed aut voluptas totam sit illum'}, {'userId': 2, 'id': 15, 'title': 'eveniet quod temporibus', 'body': 'reprehenderit quos placeat\nvelit minima officia dolores impedit repudiandae molestiae nam\nvoluptas recusandae quis delectus\nofficiis harum fugiat vitae'}, {'userId': 2, 'id': 16, 'title': 'sint suscipit perspiciatis velit dolorum rerum ipsa laboriosam odio', 'body': 'suscipit nam nisi quo aperiam aut\nasperiores eos fugit maiores voluptatibus quia\nvoluptatem quis ullam qui in alias quia est\nconsequatur magni mollitia accusamus ea nisi voluptate dicta'}, {'userId': 2, 'id': 17, 'title': 'fugit voluptas sed molestias voluptatem provident', 'body': 'eos voluptas et aut odit natus earum\naspernatur fuga molestiae ullam\ndeserunt ratione qui eos\nqui nihil ratione nemo velit ut aut id quo'}, {'userId': 2, 'id': 18, 'title': 'voluptate et itaque vero tempora molestiae', 'body': 'eveniet quo quis\nlaborum totam consequatur non dolor\nut et est repudiandae\nest voluptatem vel debitis et magnam'}, {'userId': 2, 'id': 19, 'title': 'adipisci placeat illum aut reiciendis qui', 'body': 'illum quis cupiditate provident sit magnam\nea sed aut omnis\nveniam maiores ullam consequatur atque\nadipisci quo iste expedita sit quos voluptas'}, {'userId': 2, 'id': 20, 'title': 'doloribus ad provident suscipit at', 'body': 'qui consequuntur ducimus possimus quisquam amet similique\nsuscipit porro ipsam amet\neos veritatis officiis exercitationem vel fugit aut necessitatibus totam\nomnis rerum consequatur expedita quidem cumque explicabo'}, {'userId': 3, 'id': 21, 'title': 'asperiores ea ipsam voluptatibus modi minima quia sint', 'body': 'repellat aliquid praesentium dolorem quo\nsed totam minus non itaque\nnihil labore molestiae sunt dolor eveniet hic recusandae veniam\ntempora et tenetur expedita sunt'}, {'userId': 3, 'id': 22, 'title': 'dolor sint quo a velit explicabo quia nam', 'body': 'eos qui et ipsum ipsam suscipit aut\nsed omnis non odio\nexpedita earum mollitia molestiae aut atque rem suscipit\nnam impedit esse'}, {'userId': 3, 'id': 23, 'title': 'maxime id vitae nihil numquam', 'body': 'veritatis unde neque eligendi\nquae quod architecto quo neque vitae\nest illo sit tempora doloremque fugit quod\net et vel beatae sequi ullam sed tenetur perspiciatis'}, {'userId': 3, 'id': 24, 'title': 'autem hic labore sunt dolores incidunt', 'body': 'enim et ex nulla\nomnis voluptas quia qui\nvoluptatem consequatur numquam aliquam sunt\ntotam recusandae id dignissimos aut sed asperiores deserunt'}, {'userId': 3, 'id': 25, 'title': 'rem alias distinctio quo quis', 'body': 'ullam consequatur ut\nomnis quis sit vel consequuntur\nipsa eligendi ipsum molestiae et omnis error nostrum\nmolestiae illo tempore quia et distinctio'}, {'userId': 3, 'id': 26, 'title': 'est et quae odit qui non', 'body': 'similique esse doloribus nihil accusamus\nomnis dolorem fuga consequuntur reprehenderit fugit recusandae temporibus\nperspiciatis cum ut laudantium\nomnis aut molestiae vel vero'}, {'userId': 3, 'id': 27, 'title': 'quasi id et eos tenetur aut quo autem', 'body': 'eum sed dolores ipsam sint possimus debitis occaecati\ndebitis qui qui et\nut placeat enim earum aut odit facilis\nconsequatur suscipit necessitatibus rerum sed inventore temporibus consequatur'}, {'userId': 3, 'id': 28, 'title': 'delectus ullam et corporis nulla voluptas sequi', 'body': 'non et quaerat ex quae ad maiores\nmaiores recusandae totam aut blanditiis mollitia quas illo\nut voluptatibus voluptatem\nsimilique nostrum eum'}, {'userId': 3, 'id': 29, 'title': 'iusto eius quod necessitatibus culpa ea', 'body': 'odit magnam ut saepe sed non qui\ntempora atque nihil\naccusamus illum doloribus illo dolor\neligendi repudiandae odit magni similique sed cum maiores'}, {'userId': 3, 'id': 30, 'title': 'a quo magni similique perferendis', 'body': 'alias dolor cumque\nimpedit blanditiis non eveniet odio maxime\nblanditiis amet eius quis tempora quia autem rem\na provident perspiciatis quia'}, {'userId': 4, 'id': 31, 'title': 'ullam ut quidem id aut vel consequuntur', 'body': 'debitis eius sed quibusdam non quis consectetur vitae\nimpedit ut qui consequatur sed aut in\nquidem sit nostrum et maiores adipisci atque\nquaerat voluptatem adipisci repudiandae'}, {'userId': 4, 'id': 32, 'title': 'doloremque illum aliquid sunt', 'body': 'deserunt eos nobis asperiores et hic\nest debitis repellat molestiae optio\nnihil ratione ut eos beatae quibusdam distinctio maiores\nearum voluptates et aut adipisci ea maiores voluptas maxime'}, {'userId': 4, 'id': 33, 'title': 'qui explicabo molestiae dolorem', 'body': 'rerum ut et numquam laborum odit est sit\nid qui sint in\nquasi tenetur tempore aperiam et quaerat qui in\nrerum officiis sequi cumque quod'}, {'userId': 4, 'id': 34, 'title': 'magnam ut rerum iure', 'body': 'ea velit perferendis earum ut voluptatem voluptate itaque iusto\ntotam pariatur in\nnemo voluptatem voluptatem autem magni tempora minima in\nest distinctio qui assumenda accusamus dignissimos officia nesciunt nobis'}, {'userId': 4, 'id': 35, 'title': 'id nihil consequatur molestias animi provident', 'body': 'nisi error delectus possimus ut eligendi vitae\nplaceat eos harum cupiditate facilis reprehenderit voluptatem beatae\nmodi ducimus quo illum voluptas eligendi\net nobis quia fugit'}, {'userId': 4, 'id': 36, 'title': 'fuga nam accusamus voluptas reiciendis itaque', 'body': 'ad mollitia et omnis minus architecto odit\nvoluptas doloremque maxime aut non ipsa qui alias veniam\nblanditiis culpa aut quia nihil cumque facere et occaecati\nqui aspernatur quia eaque ut aperiam inventore'}, {'userId': 4, 'id': 37, 'title': 'provident vel ut sit ratione est', 'body': 'debitis et eaque non officia sed nesciunt pariatur vel\nvoluptatem iste vero et ea\nnumquam aut expedita ipsum nulla in\nvoluptates omnis consequatur aut enim officiis in quam qui'}, {'userId': 4, 'id': 38, 'title': 'explicabo et eos deleniti nostrum ab id repellendus', 'body': 'animi esse sit aut sit nesciunt assumenda eum voluptas\nquia voluptatibus provident quia necessitatibus ea\nrerum repudiandae quia voluptatem delectus fugit aut id quia\nratione optio eos iusto veniam iure'}, {'userId': 4, 'id': 39, 'title': 'eos dolorem iste accusantium est eaque quam', 'body': 'corporis rerum ducimus vel eum accusantium\nmaxime aspernatur a porro possimus iste omnis\nest in deleniti asperiores fuga aut\nvoluptas sapiente vel dolore minus voluptatem incidunt ex'}, {'userId': 4, 'id': 40, 'title': 'enim quo cumque', 'body': 'ut voluptatum aliquid illo tenetur nemo sequi quo facilis\nipsum rem optio mollitia quas\nvoluptatem eum voluptas qui\nunde omnis voluptatem iure quasi maxime voluptas nam'}, {'userId': 5, 'id': 41, 'title': 'non est facere', 'body': 'molestias id nostrum\nexcepturi molestiae dolore omnis repellendus quaerat saepe\nconsectetur iste quaerat tenetur asperiores accusamus ex ut\nnam quidem est ducimus sunt debitis saepe'}, {'userId': 5, 'id': 42, 'title': 'commodi ullam sint et excepturi error explicabo praesentium voluptas', 'body': 'odio fugit voluptatum ducimus earum autem est incidunt voluptatem\nodit reiciendis aliquam sunt sequi nulla dolorem\nnon facere repellendus voluptates quia\nratione harum vitae ut'}, {'userId': 5, 'id': 43, 'title': 'eligendi iste nostrum consequuntur adipisci praesentium sit beatae perferendis', 'body': 'similique fugit est\nillum et dolorum harum et voluptate eaque quidem\nexercitationem quos nam commodi possimus cum odio nihil nulla\ndolorum exercitationem magnam ex et a et distinctio debitis'}, {'userId': 5, 'id': 44, 'title': 'optio dolor molestias sit', 'body': 'temporibus est consectetur dolore\net libero debitis vel velit laboriosam quia\nipsum quibusdam qui itaque fuga rem aut\nea et iure quam sed maxime ut distinctio quae'}, {'userId': 5, 'id': 45, 'title': 'ut numquam possimus omnis eius suscipit laudantium iure', 'body': 'est natus reiciendis nihil possimus aut provident\nex et dolor\nrepellat pariatur est\nnobis rerum repellendus dolorem autem'}, {'userId': 5, 'id': 46, 'title': 'aut quo modi neque nostrum ducimus', 'body': 'voluptatem quisquam iste\nvoluptatibus natus officiis facilis dolorem\nquis quas ipsam\nvel et voluptatum in aliquid'}, {'userId': 5, 'id': 47, 'title': 'quibusdam cumque rem aut deserunt', 'body': 'voluptatem assumenda ut qui ut cupiditate aut impedit veniam\noccaecati nemo illum voluptatem laudantium\nmolestiae beatae rerum ea iure soluta nostrum\neligendi et voluptate'}, {'userId': 5, 'id': 48, 'title': 'ut voluptatem illum ea doloribus itaque eos', 'body': 'voluptates quo voluptatem facilis iure occaecati\nvel assumenda rerum officia et\nillum perspiciatis ab deleniti\nlaudantium repellat ad ut et autem reprehenderit'}, {'userId': 5, 'id': 49, 'title': 'laborum non sunt aut ut assumenda perspiciatis voluptas', 'body': 'inventore ab sint\nnatus fugit id nulla sequi architecto nihil quaerat\neos tenetur in in eum veritatis non\nquibusdam officiis aspernatur cumque aut commodi aut'}, {'userId': 5, 'id': 50, 'title': 'repellendus qui recusandae incidunt voluptates tenetur qui omnis exercitationem', 'body': 'error suscipit maxime adipisci consequuntur recusandae\nvoluptas eligendi et est et voluptates\nquia distinctio ab amet quaerat molestiae et vitae\nadipisci impedit sequi nesciunt quis consectetur'}, {'userId': 6, 'id': 51, 'title': 'soluta aliquam aperiam consequatur illo quis voluptas', 'body': 'sunt dolores aut doloribus\ndolore doloribus voluptates tempora et\ndoloremque et quo\ncum asperiores sit consectetur dolorem'}, {'userId': 6, 'id': 52, 'title': 'qui enim et consequuntur quia animi quis voluptate quibusdam', 'body': 'iusto est quibusdam fuga quas quaerat molestias\na enim ut sit accusamus enim\ntemporibus iusto accusantium provident architecto\nsoluta esse reprehenderit qui laborum'}, {'userId': 6, 'id': 53, 'title': 'ut quo aut ducimus alias', 'body': 'minima harum praesentium eum rerum illo dolore\nquasi exercitationem rerum nam\nporro quis neque quo\nconsequatur minus dolor quidem veritatis sunt non explicabo similique'}, {'userId': 6, 'id': 54, 'title': 'sit asperiores ipsam eveniet odio non quia', 'body': 'totam corporis dignissimos\nvitae dolorem ut occaecati accusamus\nex velit deserunt\net exercitationem vero incidunt corrupti mollitia'}, {'userId': 6, 'id': 55, 'title': 'sit vel voluptatem et non libero', 'body': 'debitis excepturi ea perferendis harum libero optio\neos accusamus cum fuga ut sapiente repudiandae\net ut incidunt omnis molestiae\nnihil ut eum odit'}, {'userId': 6, 'id': 56, 'title': 'qui et at rerum necessitatibus', 'body': 'aut est omnis dolores\nneque rerum quod ea rerum velit pariatur beatae excepturi\net provident voluptas corrupti\ncorporis harum reprehenderit dolores eligendi'}, {'userId': 6, 'id': 57, 'title': 'sed ab est est', 'body': 'at pariatur consequuntur earum quidem\nquo est laudantium soluta voluptatem\nqui ullam et est\net cum voluptas voluptatum repellat est'}, {'userId': 6, 'id': 58, 'title': 'voluptatum itaque dolores nisi et quasi', 'body': 'veniam voluptatum quae adipisci id\net id quia eos ad et dolorem\naliquam quo nisi sunt eos impedit error\nad similique veniam'}, {'userId': 6, 'id': 59, 'title': 'qui commodi dolor at maiores et quis id accusantium', 'body': 'perspiciatis et quam ea autem temporibus non voluptatibus qui\nbeatae a earum officia nesciunt dolores suscipit voluptas et\nanimi doloribus cum rerum quas et magni\net hic ut ut commodi expedita sunt'}, {'userId': 6, 'id': 60, 'title': 'consequatur placeat omnis quisquam quia reprehenderit fugit veritatis facere', 'body': 'asperiores sunt ab assumenda cumque modi velit\nqui esse omnis\nvoluptate et fuga perferendis voluptas\nillo ratione amet aut et omnis'}, {'userId': 7, 'id': 61, 'title': 'voluptatem doloribus consectetur est ut ducimus', 'body': 'ab nemo optio odio\ndelectus tenetur corporis similique nobis repellendus rerum omnis facilis\nvero blanditiis debitis in nesciunt doloribus dicta dolores\nmagnam minus velit'}, {'userId': 7, 'id': 62, 'title': 'beatae enim quia vel', 'body': 'enim aspernatur illo distinctio quae praesentium\nbeatae alias amet delectus qui voluptate distinctio\nodit sint accusantium autem omnis\nquo molestiae omnis ea eveniet optio'}, {'userId': 7, 'id': 63, 'title': 'voluptas blanditiis repellendus animi ducimus error sapiente et suscipit', 'body': 'enim adipisci aspernatur nemo\nnumquam omnis facere dolorem dolor ex quis temporibus incidunt\nab delectus culpa quo reprehenderit blanditiis asperiores\naccusantium ut quam in voluptatibus voluptas ipsam dicta'}, {'userId': 7, 'id': 64, 'title': 'et fugit quas eum in in aperiam quod', 'body': 'id velit blanditiis\neum ea voluptatem\nmolestiae sint occaecati est eos perspiciatis\nincidunt a error provident eaque aut aut qui'}, {'userId': 7, 'id': 65, 'title': 'consequatur id enim sunt et et', 'body': 'voluptatibus ex esse\nsint explicabo est aliquid cumque adipisci fuga repellat labore\nmolestiae corrupti ex saepe at asperiores et perferendis\nnatus id esse incidunt pariatur'}, {'userId': 7, 'id': 66, 'title': 'repudiandae ea animi iusto', 'body': 'officia veritatis tenetur vero qui itaque\nsint non ratione\nsed et ut asperiores iusto eos molestiae nostrum\nveritatis quibusdam et nemo iusto saepe'}, {'userId': 7, 'id': 67, 'title': 'aliquid eos sed fuga est maxime repellendus', 'body': 'reprehenderit id nostrum\nvoluptas doloremque pariatur sint et accusantium quia quod aspernatur\net fugiat amet\nnon sapiente et consequatur necessitatibus molestiae'}, {'userId': 7, 'id': 68, 'title': 'odio quis facere architecto reiciendis optio', 'body': 'magnam molestiae perferendis quisquam\nqui cum reiciendis\nquaerat animi amet hic inventore\nea quia deleniti quidem saepe porro velit'}, {'userId': 7, 'id': 69, 'title': 'fugiat quod pariatur odit minima', 'body': 'officiis error culpa consequatur modi asperiores et\ndolorum assumenda voluptas et vel qui aut vel rerum\nvoluptatum quisquam perspiciatis quia rerum consequatur totam quas\nsequi commodi repudiandae asperiores et saepe a'}, {'userId': 7, 'id': 70, 'title': 'voluptatem laborum magni', 'body': 'sunt repellendus quae\nest asperiores aut deleniti esse accusamus repellendus quia aut\nquia dolorem unde\neum tempora esse dolore'}, {'userId': 8, 'id': 71, 'title': 'et iusto veniam et illum aut fuga', 'body': 'occaecati a doloribus\niste saepe consectetur placeat eum voluptate dolorem et\nqui quo quia voluptas\nrerum ut id enim velit est perferendis'}, {'userId': 8, 'id': 72, 'title': 'sint hic doloribus consequatur eos non id', 'body': 'quam occaecati qui deleniti consectetur\nconsequatur aut facere quas exercitationem aliquam hic voluptas\nneque id sunt ut aut accusamus\nsunt consectetur expedita inventore velit'}, {'userId': 8, 'id': 73, 'title': 'consequuntur deleniti eos quia temporibus ab aliquid at', 'body': 'voluptatem cumque tenetur consequatur expedita ipsum nemo quia explicabo\naut eum minima consequatur\ntempore cumque quae est et\net in consequuntur voluptatem voluptates aut'}, {'userId': 8, 'id': 74, 'title': 'enim unde ratione doloribus quas enim ut sit sapiente', 'body': 'odit qui et et necessitatibus sint veniam\nmollitia amet doloremque molestiae commodi similique magnam et quam\nblanditiis est itaque\nquo et tenetur ratione occaecati molestiae tempora'}, {'userId': 8, 'id': 75, 'title': 'dignissimos eum dolor ut enim et delectus in', 'body': 'commodi non non omnis et voluptas sit\nautem aut nobis magnam et sapiente voluptatem\net laborum repellat qui delectus facilis temporibus\nrerum amet et nemo voluptate expedita adipisci error dolorem'}, {'userId': 8, 'id': 76, 'title': 'doloremque officiis ad et non perferendis', 'body': 'ut animi facere\ntotam iusto tempore\nmolestiae eum aut et dolorem aperiam\nquaerat recusandae totam odio'}, {'userId': 8, 'id': 77, 'title': 'necessitatibus quasi exercitationem odio', 'body': 'modi ut in nulla repudiandae dolorum nostrum eos\naut consequatur omnis\nut incidunt est omnis iste et quam\nvoluptates sapiente aliquam asperiores nobis amet corrupti repudiandae provident'}, {'userId': 8, 'id': 78, 'title': 'quam voluptatibus rerum veritatis', 'body': 'nobis facilis odit tempore cupiditate quia\nassumenda doloribus rerum qui ea\nillum et qui totam\naut veniam repellendus'}, {'userId': 8, 'id': 79, 'title': 'pariatur consequatur quia magnam autem omnis non amet', 'body': 'libero accusantium et et facere incidunt sit dolorem\nnon excepturi qui quia sed laudantium\nquisquam molestiae ducimus est\nofficiis esse molestiae iste et quos'}, {'userId': 8, 'id': 80, 'title': 'labore in ex et explicabo corporis aut quas', 'body': 'ex quod dolorem ea eum iure qui provident amet\nquia qui facere excepturi et repudiandae\nasperiores molestias provident\nminus incidunt vero fugit rerum sint sunt excepturi provident'}, {'userId': 9, 'id': 81, 'title': 'tempora rem veritatis voluptas quo dolores vero', 'body': 'facere qui nesciunt est voluptatum voluptatem nisi\nsequi eligendi necessitatibus ea at rerum itaque\nharum non ratione velit laboriosam quis consequuntur\nex officiis minima doloremque voluptas ut aut'}, {'userId': 9, 'id': 82, 'title': 'laudantium voluptate suscipit sunt enim enim', 'body': 'ut libero sit aut totam inventore sunt\nporro sint qui sunt molestiae\nconsequatur cupiditate qui iste ducimus adipisci\ndolor enim assumenda soluta laboriosam amet iste delectus hic'}, {'userId': 9, 'id': 83, 'title': 'odit et voluptates doloribus alias odio et', 'body': 'est molestiae facilis quis tempora numquam nihil qui\nvoluptate sapiente consequatur est qui\nnecessitatibus autem aut ipsa aperiam modi dolore numquam\nreprehenderit eius rem quibusdam'}, {'userId': 9, 'id': 84, 'title': 'optio ipsam molestias necessitatibus occaecati facilis veritatis dolores aut', 'body': 'sint molestiae magni a et quos\neaque et quasi\nut rerum debitis similique veniam\nrecusandae dignissimos dolor incidunt consequatur odio'}, {'userId': 9, 'id': 85, 'title': 'dolore veritatis porro provident adipisci blanditiis et sunt', 'body': 'similique sed nisi voluptas iusto omnis\nmollitia et quo\nassumenda suscipit officia magnam sint sed tempora\nenim provident pariatur praesentium atque animi amet ratione'}, {'userId': 9, 'id': 86, 'title': 'placeat quia et porro iste', 'body': 'quasi excepturi consequatur iste autem temporibus sed molestiae beatae\net quaerat et esse ut\nvoluptatem occaecati et vel explicabo autem\nasperiores pariatur deserunt optio'}, {'userId': 9, 'id': 87, 'title': 'nostrum quis quasi placeat', 'body': 'eos et molestiae\nnesciunt ut a\ndolores perspiciatis repellendus repellat aliquid\nmagnam sint rem ipsum est'}, {'userId': 9, 'id': 88, 'title': 'sapiente omnis fugit eos', 'body': 'consequatur omnis est praesentium\nducimus non iste\nneque hic deserunt\nvoluptatibus veniam cum et rerum sed'}, {'userId': 9, 'id': 89, 'title': 'sint soluta et vel magnam aut ut sed qui', 'body': 'repellat aut aperiam totam temporibus autem et\narchitecto magnam ut\nconsequatur qui cupiditate rerum quia soluta dignissimos nihil iure\ntempore quas est'}, {'userId': 9, 'id': 90, 'title': 'ad iusto omnis odit dolor voluptatibus', 'body': 'minus omnis soluta quia\nqui sed adipisci voluptates illum ipsam voluptatem\neligendi officia ut in\neos soluta similique molestias praesentium blanditiis'}, {'userId': 10, 'id': 91, 'title': 'aut amet sed', 'body': 'libero voluptate eveniet aperiam sed\nsunt placeat suscipit molestias\nsimilique fugit nam natus\nexpedita consequatur consequatur dolores quia eos et placeat'}, {'userId': 10, 'id': 92, 'title': 'ratione ex tenetur perferendis', 'body': 'aut et excepturi dicta laudantium sint rerum nihil\nlaudantium et at\na neque minima officia et similique libero et\ncommodi voluptate qui'}, {'userId': 10, 'id': 93, 'title': 'beatae soluta recusandae', 'body': 'dolorem quibusdam ducimus consequuntur dicta aut quo laboriosam\nvoluptatem quis enim recusandae ut sed sunt\nnostrum est odit totam\nsit error sed sunt eveniet provident qui nulla'}, {'userId': 10, 'id': 94, 'title': 'qui qui voluptates illo iste minima', 'body': 'aspernatur expedita soluta quo ab ut similique\nexpedita dolores amet\nsed temporibus distinctio magnam saepe deleniti\nomnis facilis nam ipsum natus sint similique omnis'}, {'userId': 10, 'id': 95, 'title': 'id minus libero illum nam ad officiis', 'body': 'earum voluptatem facere provident blanditiis velit laboriosam\npariatur accusamus odio saepe\ncumque dolor qui a dicta ab doloribus consequatur omnis\ncorporis cupiditate eaque assumenda ad nesciunt'}, {'userId': 10, 'id': 96, 'title': 'quaerat velit veniam amet cupiditate aut numquam ut sequi', 'body': 'in non odio excepturi sint eum\nlabore voluptates vitae quia qui et\ninventore itaque rerum\nveniam non exercitationem delectus aut'}, {'userId': 10, 'id': 97, 'title': 'quas fugiat ut perspiciatis vero provident', 'body': 'eum non blanditiis soluta porro quibusdam voluptas\nvel voluptatem qui placeat dolores qui velit aut\nvel inventore aut cumque culpa explicabo aliquid at\nperspiciatis est et voluptatem dignissimos dolor itaque sit nam'}, {'userId': 10, 'id': 98, 'title': 'laboriosam dolor voluptates', 'body': 'doloremque ex facilis sit sint culpa\nsoluta assumenda eligendi non ut eius\nsequi ducimus vel quasi\nveritatis est dolores'}, {'userId': 10, 'id': 99, 'title': 'temporibus sit alias delectus eligendi possimus magni', 'body': 'quo deleniti praesentium dicta non quod\naut est molestias\nmolestias et officia quis nihil\nitaque dolorem quia'}, {'userId': 10, 'id': 100, 'title': 'at nam consequatur ea labore ea harum', 'body': 'cupiditate quo est a modi nesciunt soluta\nipsa voluptas error itaque dicta in\nautem qui minus magnam et distinctio eum\naccusamus ratione error aut'}]
2026-06-10 01:58:10,314 - INFO - 
get_posts() finished

2026-06-10 01:58:10,317 - INFO - Post: "sunt aut facere repellat provident occaecati excepturi optio reprehenderit" - Author: Leanne Graham
2026-06-10 01:58:10,317 - INFO - Post: "qui est esse" - Author: Leanne Graham
2026-06-10 01:58:10,318 - INFO - Post: "ea molestias quasi exercitationem repellat qui ipsa sit aut" - Author: Leanne Graham
2026-06-10 01:58:10,318 - INFO - Post: "eum et est occaecati" - Author: Leanne Graham
2026-06-10 01:58:10,318 - INFO - Post: "nesciunt quas odio" - Author: Leanne Graham
2026-06-10 01:58:10,318 - INFO - Program finished
2026-06-10 01:58:46,770 - DEBUG - Using proactor: IocpProactor
2026-06-10 01:58:46,772 - INFO - Program started
2026-06-10 01:58:46,772 - INFO - 
get_users() started

2026-06-10 01:58:48,200 - DEBUG - HTTP client created
2026-06-10 01:58:48,217 - DEBUG - connect_tcp.started host='127.0.0.1' port=50422 local_address=None timeout=5.0 socket_options=None
2026-06-10 01:58:48,220 - DEBUG - connect_tcp.complete return_value=<httpcore._backends.anyio.AnyIOStream object at 0x000001C81B2A9E80>
2026-06-10 01:58:48,221 - DEBUG - send_request_headers.started request=<Request [b'CONNECT']>
2026-06-10 01:58:48,222 - DEBUG - send_request_headers.complete
2026-06-10 01:58:48,222 - DEBUG - send_request_body.started request=<Request [b'CONNECT']>
2026-06-10 01:58:48,222 - DEBUG - send_request_body.complete
2026-06-10 01:58:48,222 - DEBUG - receive_response_headers.started request=<Request [b'CONNECT']>
2026-06-10 01:58:48,334 - DEBUG - receive_response_headers.complete return_value=(b'HTTP/1.1', 200, b'OK', [])
2026-06-10 01:58:48,335 - DEBUG - start_tls.started ssl_context=<ssl.SSLContext object at 0x000001C81B04FAD0> server_hostname='jsonplaceholder.typicode.com' timeout=5.0
2026-06-10 01:58:48,372 - DEBUG - start_tls.complete return_value=<httpcore._backends.anyio.AnyIOStream object at 0x000001C81B26B750>
2026-06-10 01:58:48,373 - DEBUG - send_request_headers.started request=<Request [b'GET']>
2026-06-10 01:58:48,374 - DEBUG - send_request_headers.complete
2026-06-10 01:58:48,374 - DEBUG - send_request_body.started request=<Request [b'GET']>
2026-06-10 01:58:48,374 - DEBUG - send_request_body.complete
2026-06-10 01:58:48,374 - DEBUG - receive_response_headers.started request=<Request [b'GET']>
2026-06-10 01:58:48,446 - DEBUG - receive_response_headers.complete return_value=(b'HTTP/1.1', 200, b'OK', [(b'Date', b'Tue, 09 Jun 2026 21:58:51 GMT'), (b'Content-Type', b'application/json; charset=utf-8'), (b'Content-Length', b'1847'), (b'Connection', b'keep-alive'), (b'Access-Control-Allow-Credentials', b'true'), (b'Cache-Control', b'max-age=43200'), (b'Content-Encoding', b'gzip'), (b'Etag', b'W/"160d-1eMSsxeJRfnVLRBmYJSbCiJZ1qQ"'), (b'Expires', b'-1'), (b'Nel', b'{"report_to":"heroku-nel","response_headers":["Via"],"max_age":3600,"success_fraction":0.01,"failure_fraction":0.1}'), (b'Pragma', b'no-cache'), (b'Report-To', b'{"group":"heroku-nel","endpoints":[{"url":"https://nel.heroku.com/reports?s=rX0hNbT6HQlnHmtbQx1TTDBPTGPf7UlnaOELZo1kY0o%3D\\u0026sid=e11707d5-02a7-43ef-b45e-2cf4d2036f7d\\u0026ts=1779908048"}],"max_age":3600}'), (b'Reporting-Endpoints', b'heroku-nel="https://nel.heroku.com/reports?s=rX0hNbT6HQlnHmtbQx1TTDBPTGPf7UlnaOELZo1kY0o%3D&sid=e11707d5-02a7-43ef-b45e-2cf4d2036f7d&ts=1779908048"'), (b'Server', b'cloudflare'), (b'Vary', b'Origin, Accept-Encoding'), (b'Via', b'2.0 heroku-router'), (b'X-Content-Type-Options', b'nosniff'), (b'X-Powered-By', b'Express'), (b'X-Ratelimit-Limit', b'1000'), (b'X-Ratelimit-Remaining', b'999'), (b'X-Ratelimit-Reset', b'1779908071'), (b'Age', b'13561'), (b'Accept-Ranges', b'bytes'), (b'Cf-Cache-Status', b'HIT'), (b'CF-RAY', b'a0936669fc5da4a3-TBS'), (b'alt-svc', b'h3=":443"; ma=86400')])
2026-06-10 01:58:48,446 - INFO - HTTP Request: GET https://jsonplaceholder.typicode.com/users "HTTP/1.1 200 OK"
2026-06-10 01:58:48,447 - DEBUG - receive_response_body.started request=<Request [b'GET']>
2026-06-10 01:58:48,465 - DEBUG - receive_response_body.complete
2026-06-10 01:58:48,466 - DEBUG - response_closed.started
2026-06-10 01:58:48,466 - DEBUG - response_closed.complete
2026-06-10 01:58:48,468 - INFO - Request sent to https://jsonplaceholder.typicode.com/users
2026-06-10 01:58:48,468 - INFO - Response status: 200 OK
2026-06-10 01:58:48,468 - DEBUG - Users received: 10 items
2026-06-10 01:58:48,469 - INFO - Users found: [{'id': 1, 'name': 'Leanne Graham', 'username': 'Bret', 'email': 'Sincere@april.biz', 'address': {'street': 'Kulas Light', 'suite': 'Apt. 556', 'city': 'Gwenborough', 'zipcode': '92998-3874', 'geo': {'lat': '-37.3159', 'lng': '81.1496'}}, 'phone': '1-770-736-8031 x56442', 'website': 'hildegard.org', 'company': {'name': 'Romaguera-Crona', 'catchPhrase': 'Multi-layered client-server neural-net', 'bs': 'harness real-time e-markets'}}, {'id': 2, 'name': 'Ervin Howell', 'username': 'Antonette', 'email': 'Shanna@melissa.tv', 'address': {'street': 'Victor Plains', 'suite': 'Suite 879', 'city': 'Wisokyburgh', 'zipcode': '90566-7771', 'geo': {'lat': '-43.9509', 'lng': '-34.4618'}}, 'phone': '010-692-6593 x09125', 'website': 'anastasia.net', 'company': {'name': 'Deckow-Crist', 'catchPhrase': 'Proactive didactic contingency', 'bs': 'synergize scalable supply-chains'}}, {'id': 3, 'name': 'Clementine Bauch', 'username': 'Samantha', 'email': 'Nathan@yesenia.net', 'address': {'street': 'Douglas Extension', 'suite': 'Suite 847', 'city': 'McKenziehaven', 'zipcode': '59590-4157', 'geo': {'lat': '-68.6102', 'lng': '-47.0653'}}, 'phone': '1-463-123-4447', 'website': 'ramiro.info', 'company': {'name': 'Romaguera-Jacobson', 'catchPhrase': 'Face to face bifurcated interface', 'bs': 'e-enable strategic applications'}}, {'id': 4, 'name': 'Patricia Lebsack', 'username': 'Karianne', 'email': 'Julianne.OConner@kory.org', 'address': {'street': 'Hoeger Mall', 'suite': 'Apt. 692', 'city': 'South Elvis', 'zipcode': '53919-4257', 'geo': {'lat': '29.4572', 'lng': '-164.2990'}}, 'phone': '493-170-9623 x156', 'website': 'kale.biz', 'company': {'name': 'Robel-Corkery', 'catchPhrase': 'Multi-tiered zero tolerance productivity', 'bs': 'transition cutting-edge web services'}}, {'id': 5, 'name': 'Chelsey Dietrich', 'username': 'Kamren', 'email': 'Lucio_Hettinger@annie.ca', 'address': {'street': 'Skiles Walks', 'suite': 'Suite 351', 'city': 'Roscoeview', 'zipcode': '33263', 'geo': {'lat': '-31.8129', 'lng': '62.5342'}}, 'phone': '(254)954-1289', 'website': 'demarco.info', 'company': {'name': 'Keebler LLC', 'catchPhrase': 'User-centric fault-tolerant solution', 'bs': 'revolutionize end-to-end systems'}}, {'id': 6, 'name': 'Mrs. Dennis Schulist', 'username': 'Leopoldo_Corkery', 'email': 'Karley_Dach@jasper.info', 'address': {'street': 'Norberto Crossing', 'suite': 'Apt. 950', 'city': 'South Christy', 'zipcode': '23505-1337', 'geo': {'lat': '-71.4197', 'lng': '71.7478'}}, 'phone': '1-477-935-8478 x6430', 'website': 'ola.org', 'company': {'name': 'Considine-Lockman', 'catchPhrase': 'Synchronised bottom-line interface', 'bs': 'e-enable innovative applications'}}, {'id': 7, 'name': 'Kurtis Weissnat', 'username': 'Elwyn.Skiles', 'email': 'Telly.Hoeger@billy.biz', 'address': {'street': 'Rex Trail', 'suite': 'Suite 280', 'city': 'Howemouth', 'zipcode': '58804-1099', 'geo': {'lat': '24.8918', 'lng': '21.8984'}}, 'phone': '210.067.6132', 'website': 'elvis.io', 'company': {'name': 'Johns Group', 'catchPhrase': 'Configurable multimedia task-force', 'bs': 'generate enterprise e-tailers'}}, {'id': 8, 'name': 'Nicholas Runolfsdottir V', 'username': 'Maxime_Nienow', 'email': 'Sherwood@rosamond.me', 'address': {'street': 'Ellsworth Summit', 'suite': 'Suite 729', 'city': 'Aliyaview', 'zipcode': '45169', 'geo': {'lat': '-14.3990', 'lng': '-120.7677'}}, 'phone': '586.493.6943 x140', 'website': 'jacynthe.com', 'company': {'name': 'Abernathy Group', 'catchPhrase': 'Implemented secondary concept', 'bs': 'e-enable extensible e-tailers'}}, {'id': 9, 'name': 'Glenna Reichert', 'username': 'Delphine', 'email': 'Chaim_McDermott@dana.io', 'address': {'street': 'Dayna Park', 'suite': 'Suite 449', 'city': 'Bartholomebury', 'zipcode': '76495-3109', 'geo': {'lat': '24.6463', 'lng': '-168.8889'}}, 'phone': '(775)976-6794 x41206', 'website': 'conrad.com', 'company': {'name': 'Yost and Sons', 'catchPhrase': 'Switchable contextually-based project', 'bs': 'aggregate real-time technologies'}}, {'id': 10, 'name': 'Clementina DuBuque', 'username': 'Moriah.Stanton', 'email': 'Rey.Padberg@karina.biz', 'address': {'street': 'Kattie Turnpike', 'suite': 'Suite 198', 'city': 'Lebsackbury', 'zipcode': '31428-2261', 'geo': {'lat': '-38.2386', 'lng': '57.2232'}}, 'phone': '024-648-3804', 'website': 'ambrose.net', 'company': {'name': 'Hoeger LLC', 'catchPhrase': 'Centralized empowering task-force', 'bs': 'target end-to-end models'}}]
2026-06-10 01:58:48,473 - INFO - 
get_users() finished

2026-06-10 01:58:49,742 - DEBUG - HTTP client created
2026-06-10 01:58:49,746 - DEBUG - connect_tcp.started host='127.0.0.1' port=50422 local_address=None timeout=5.0 socket_options=None
2026-06-10 01:58:49,749 - DEBUG - connect_tcp.complete return_value=<httpcore._backends.anyio.AnyIOStream object at 0x000001C81B331450>
2026-06-10 01:58:49,750 - DEBUG - send_request_headers.started request=<Request [b'CONNECT']>
2026-06-10 01:58:49,751 - DEBUG - send_request_headers.complete
2026-06-10 01:58:49,751 - DEBUG - send_request_body.started request=<Request [b'CONNECT']>
2026-06-10 01:58:49,751 - DEBUG - send_request_body.complete
2026-06-10 01:58:49,751 - DEBUG - receive_response_headers.started request=<Request [b'CONNECT']>
2026-06-10 01:58:49,775 - DEBUG - receive_response_headers.complete return_value=(b'HTTP/1.1', 200, b'OK', [])
2026-06-10 01:58:49,775 - DEBUG - start_tls.started ssl_context=<ssl.SSLContext object at 0x000001C81B2A7D40> server_hostname='jsonplaceholder.typicode.com' timeout=5.0
2026-06-10 01:58:49,798 - DEBUG - start_tls.complete return_value=<httpcore._backends.anyio.AnyIOStream object at 0x000001C81B300D60>
2026-06-10 01:58:49,800 - DEBUG - send_request_headers.started request=<Request [b'GET']>
2026-06-10 01:58:49,800 - DEBUG - send_request_headers.complete
2026-06-10 01:58:49,800 - DEBUG - send_request_body.started request=<Request [b'GET']>
2026-06-10 01:58:49,800 - DEBUG - send_request_body.complete
2026-06-10 01:58:49,801 - DEBUG - receive_response_headers.started request=<Request [b'GET']>
2026-06-10 01:58:49,867 - DEBUG - receive_response_headers.complete return_value=(b'HTTP/1.1', 200, b'OK', [(b'Date', b'Tue, 09 Jun 2026 21:58:52 GMT'), (b'Content-Type', b'application/json; charset=utf-8'), (b'Transfer-Encoding', b'chunked'), (b'Connection', b'keep-alive'), (b'Access-Control-Allow-Credentials', b'true'), (b'Cache-Control', b'max-age=43200'), (b'Content-Encoding', b'gzip'), (b'Etag', b'W/"6b80-Ybsq/K6GwwqrYkAsFxqDXGC7DoM"'), (b'Expires', b'-1'), (b'Nel', b'{"report_to":"heroku-nel","response_headers":["Via"],"max_age":3600,"success_fraction":0.01,"failure_fraction":0.1}'), (b'Pragma', b'no-cache'), (b'Report-To', b'{"group":"heroku-nel","endpoints":[{"url":"https://nel.heroku.com/reports?s=%2BkY5bRCRB2vnnoThORuukqcFYPEKuF86%2BVOjhMRT11Y%3D\\u0026sid=e11707d5-02a7-43ef-b45e-2cf4d2036f7d\\u0026ts=1780678126"}],"max_age":3600}'), (b'Reporting-Endpoints', b'heroku-nel="https://nel.heroku.com/reports?s=%2BkY5bRCRB2vnnoThORuukqcFYPEKuF86%2BVOjhMRT11Y%3D&sid=e11707d5-02a7-43ef-b45e-2cf4d2036f7d&ts=1780678126"'), (b'Server', b'cloudflare'), (b'Vary', b'Origin, Accept-Encoding'), (b'Via', b'2.0 heroku-router'), (b'X-Content-Type-Options', b'nosniff'), (b'X-Powered-By', b'Express'), (b'X-Ratelimit-Limit', b'1000'), (b'X-Ratelimit-Remaining', b'999'), (b'X-Ratelimit-Reset', b'1780678135'), (b'Age', b'22273'), (b'Cf-Cache-Status', b'HIT'), (b'CF-RAY', b'a0936672dc5395a9-TBS'), (b'alt-svc', b'h3=":443"; ma=86400')])
2026-06-10 01:58:49,867 - INFO - HTTP Request: GET https://jsonplaceholder.typicode.com/posts "HTTP/1.1 200 OK"
2026-06-10 01:58:49,868 - DEBUG - receive_response_body.started request=<Request [b'GET']>
2026-06-10 01:58:49,886 - DEBUG - receive_response_body.complete
2026-06-10 01:58:49,888 - DEBUG - response_closed.started
2026-06-10 01:58:49,888 - DEBUG - response_closed.complete
2026-06-10 01:58:49,889 - INFO - Request sent to https://jsonplaceholder.typicode.com/posts
2026-06-10 01:58:49,889 - INFO - Response status: 200 OK
2026-06-10 01:58:49,890 - DEBUG - Todos received: 100 items
2026-06-10 01:58:49,890 - INFO - Posts found: [{'userId': 1, 'id': 1, 'title': 'sunt aut facere repellat provident occaecati excepturi optio reprehenderit', 'body': 'quia et suscipit\nsuscipit recusandae consequuntur expedita et cum\nreprehenderit molestiae ut ut quas totam\nnostrum rerum est autem sunt rem eveniet architecto'}, {'userId': 1, 'id': 2, 'title': 'qui est esse', 'body': 'est rerum tempore vitae\nsequi sint nihil reprehenderit dolor beatae ea dolores neque\nfugiat blanditiis voluptate porro vel nihil molestiae ut reiciendis\nqui aperiam non debitis possimus qui neque nisi nulla'}, {'userId': 1, 'id': 3, 'title': 'ea molestias quasi exercitationem repellat qui ipsa sit aut', 'body': 'et iusto sed quo iure\nvoluptatem occaecati omnis eligendi aut ad\nvoluptatem doloribus vel accusantium quis pariatur\nmolestiae porro eius odio et labore et velit aut'}, {'userId': 1, 'id': 4, 'title': 'eum et est occaecati', 'body': 'ullam et saepe reiciendis voluptatem adipisci\nsit amet autem assumenda provident rerum culpa\nquis hic commodi nesciunt rem tenetur doloremque ipsam iure\nquis sunt voluptatem rerum illo velit'}, {'userId': 1, 'id': 5, 'title': 'nesciunt quas odio', 'body': 'repudiandae veniam quaerat sunt sed\nalias aut fugiat sit autem sed est\nvoluptatem omnis possimus esse voluptatibus quis\nest aut tenetur dolor neque'}, {'userId': 1, 'id': 6, 'title': 'dolorem eum magni eos aperiam quia', 'body': 'ut aspernatur corporis harum nihil quis provident sequi\nmollitia nobis aliquid molestiae\nperspiciatis et ea nemo ab reprehenderit accusantium quas\nvoluptate dolores velit et doloremque molestiae'}, {'userId': 1, 'id': 7, 'title': 'magnam facilis autem', 'body': 'dolore placeat quibusdam ea quo vitae\nmagni quis enim qui quis quo nemo aut saepe\nquidem repellat excepturi ut quia\nsunt ut sequi eos ea sed quas'}, {'userId': 1, 'id': 8, 'title': 'dolorem dolore est ipsam', 'body': 'dignissimos aperiam dolorem qui eum\nfacilis quibusdam animi sint suscipit qui sint possimus cum\nquaerat magni maiores excepturi\nipsam ut commodi dolor voluptatum modi aut vitae'}, {'userId': 1, 'id': 9, 'title': 'nesciunt iure omnis dolorem tempora et accusantium', 'body': 'consectetur animi nesciunt iure dolore\nenim quia ad\nveniam autem ut quam aut nobis\net est aut quod aut provident voluptas autem voluptas'}, {'userId': 1, 'id': 10, 'title': 'optio molestias id quia eum', 'body': 'quo et expedita modi cum officia vel magni\ndoloribus qui repudiandae\nvero nisi sit\nquos veniam quod sed accusamus veritatis error'}, {'userId': 2, 'id': 11, 'title': 'et ea vero quia laudantium autem', 'body': 'delectus reiciendis molestiae occaecati non minima eveniet qui voluptatibus\naccusamus in eum beatae sit\nvel qui neque voluptates ut commodi qui incidunt\nut animi commodi'}, {'userId': 2, 'id': 12, 'title': 'in quibusdam tempore odit est dolorem', 'body': 'itaque id aut magnam\npraesentium quia et ea odit et ea voluptas et\nsapiente quia nihil amet occaecati quia id voluptatem\nincidunt ea est distinctio odio'}, {'userId': 2, 'id': 13, 'title': 'dolorum ut in voluptas mollitia et saepe quo animi', 'body': 'aut dicta possimus sint mollitia voluptas commodi quo doloremque\niste corrupti reiciendis voluptatem eius rerum\nsit cumque quod eligendi laborum minima\nperferendis recusandae assumenda consectetur porro architecto ipsum ipsam'}, {'userId': 2, 'id': 14, 'title': 'voluptatem eligendi optio', 'body': 'fuga et accusamus dolorum perferendis illo voluptas\nnon doloremque neque facere\nad qui dolorum molestiae beatae\nsed aut voluptas totam sit illum'}, {'userId': 2, 'id': 15, 'title': 'eveniet quod temporibus', 'body': 'reprehenderit quos placeat\nvelit minima officia dolores impedit repudiandae molestiae nam\nvoluptas recusandae quis delectus\nofficiis harum fugiat vitae'}, {'userId': 2, 'id': 16, 'title': 'sint suscipit perspiciatis velit dolorum rerum ipsa laboriosam odio', 'body': 'suscipit nam nisi quo aperiam aut\nasperiores eos fugit maiores voluptatibus quia\nvoluptatem quis ullam qui in alias quia est\nconsequatur magni mollitia accusamus ea nisi voluptate dicta'}, {'userId': 2, 'id': 17, 'title': 'fugit voluptas sed molestias voluptatem provident', 'body': 'eos voluptas et aut odit natus earum\naspernatur fuga molestiae ullam\ndeserunt ratione qui eos\nqui nihil ratione nemo velit ut aut id quo'}, {'userId': 2, 'id': 18, 'title': 'voluptate et itaque vero tempora molestiae', 'body': 'eveniet quo quis\nlaborum totam consequatur non dolor\nut et est repudiandae\nest voluptatem vel debitis et magnam'}, {'userId': 2, 'id': 19, 'title': 'adipisci placeat illum aut reiciendis qui', 'body': 'illum quis cupiditate provident sit magnam\nea sed aut omnis\nveniam maiores ullam consequatur atque\nadipisci quo iste expedita sit quos voluptas'}, {'userId': 2, 'id': 20, 'title': 'doloribus ad provident suscipit at', 'body': 'qui consequuntur ducimus possimus quisquam amet similique\nsuscipit porro ipsam amet\neos veritatis officiis exercitationem vel fugit aut necessitatibus totam\nomnis rerum consequatur expedita quidem cumque explicabo'}, {'userId': 3, 'id': 21, 'title': 'asperiores ea ipsam voluptatibus modi minima quia sint', 'body': 'repellat aliquid praesentium dolorem quo\nsed totam minus non itaque\nnihil labore molestiae sunt dolor eveniet hic recusandae veniam\ntempora et tenetur expedita sunt'}, {'userId': 3, 'id': 22, 'title': 'dolor sint quo a velit explicabo quia nam', 'body': 'eos qui et ipsum ipsam suscipit aut\nsed omnis non odio\nexpedita earum mollitia molestiae aut atque rem suscipit\nnam impedit esse'}, {'userId': 3, 'id': 23, 'title': 'maxime id vitae nihil numquam', 'body': 'veritatis unde neque eligendi\nquae quod architecto quo neque vitae\nest illo sit tempora doloremque fugit quod\net et vel beatae sequi ullam sed tenetur perspiciatis'}, {'userId': 3, 'id': 24, 'title': 'autem hic labore sunt dolores incidunt', 'body': 'enim et ex nulla\nomnis voluptas quia qui\nvoluptatem consequatur numquam aliquam sunt\ntotam recusandae id dignissimos aut sed asperiores deserunt'}, {'userId': 3, 'id': 25, 'title': 'rem alias distinctio quo quis', 'body': 'ullam consequatur ut\nomnis quis sit vel consequuntur\nipsa eligendi ipsum molestiae et omnis error nostrum\nmolestiae illo tempore quia et distinctio'}, {'userId': 3, 'id': 26, 'title': 'est et quae odit qui non', 'body': 'similique esse doloribus nihil accusamus\nomnis dolorem fuga consequuntur reprehenderit fugit recusandae temporibus\nperspiciatis cum ut laudantium\nomnis aut molestiae vel vero'}, {'userId': 3, 'id': 27, 'title': 'quasi id et eos tenetur aut quo autem', 'body': 'eum sed dolores ipsam sint possimus debitis occaecati\ndebitis qui qui et\nut placeat enim earum aut odit facilis\nconsequatur suscipit necessitatibus rerum sed inventore temporibus consequatur'}, {'userId': 3, 'id': 28, 'title': 'delectus ullam et corporis nulla voluptas sequi', 'body': 'non et quaerat ex quae ad maiores\nmaiores recusandae totam aut blanditiis mollitia quas illo\nut voluptatibus voluptatem\nsimilique nostrum eum'}, {'userId': 3, 'id': 29, 'title': 'iusto eius quod necessitatibus culpa ea', 'body': 'odit magnam ut saepe sed non qui\ntempora atque nihil\naccusamus illum doloribus illo dolor\neligendi repudiandae odit magni similique sed cum maiores'}, {'userId': 3, 'id': 30, 'title': 'a quo magni similique perferendis', 'body': 'alias dolor cumque\nimpedit blanditiis non eveniet odio maxime\nblanditiis amet eius quis tempora quia autem rem\na provident perspiciatis quia'}, {'userId': 4, 'id': 31, 'title': 'ullam ut quidem id aut vel consequuntur', 'body': 'debitis eius sed quibusdam non quis consectetur vitae\nimpedit ut qui consequatur sed aut in\nquidem sit nostrum et maiores adipisci atque\nquaerat voluptatem adipisci repudiandae'}, {'userId': 4, 'id': 32, 'title': 'doloremque illum aliquid sunt', 'body': 'deserunt eos nobis asperiores et hic\nest debitis repellat molestiae optio\nnihil ratione ut eos beatae quibusdam distinctio maiores\nearum voluptates et aut adipisci ea maiores voluptas maxime'}, {'userId': 4, 'id': 33, 'title': 'qui explicabo molestiae dolorem', 'body': 'rerum ut et numquam laborum odit est sit\nid qui sint in\nquasi tenetur tempore aperiam et quaerat qui in\nrerum officiis sequi cumque quod'}, {'userId': 4, 'id': 34, 'title': 'magnam ut rerum iure', 'body': 'ea velit perferendis earum ut voluptatem voluptate itaque iusto\ntotam pariatur in\nnemo voluptatem voluptatem autem magni tempora minima in\nest distinctio qui assumenda accusamus dignissimos officia nesciunt nobis'}, {'userId': 4, 'id': 35, 'title': 'id nihil consequatur molestias animi provident', 'body': 'nisi error delectus possimus ut eligendi vitae\nplaceat eos harum cupiditate facilis reprehenderit voluptatem beatae\nmodi ducimus quo illum voluptas eligendi\net nobis quia fugit'}, {'userId': 4, 'id': 36, 'title': 'fuga nam accusamus voluptas reiciendis itaque', 'body': 'ad mollitia et omnis minus architecto odit\nvoluptas doloremque maxime aut non ipsa qui alias veniam\nblanditiis culpa aut quia nihil cumque facere et occaecati\nqui aspernatur quia eaque ut aperiam inventore'}, {'userId': 4, 'id': 37, 'title': 'provident vel ut sit ratione est', 'body': 'debitis et eaque non officia sed nesciunt pariatur vel\nvoluptatem iste vero et ea\nnumquam aut expedita ipsum nulla in\nvoluptates omnis consequatur aut enim officiis in quam qui'}, {'userId': 4, 'id': 38, 'title': 'explicabo et eos deleniti nostrum ab id repellendus', 'body': 'animi esse sit aut sit nesciunt assumenda eum voluptas\nquia voluptatibus provident quia necessitatibus ea\nrerum repudiandae quia voluptatem delectus fugit aut id quia\nratione optio eos iusto veniam iure'}, {'userId': 4, 'id': 39, 'title': 'eos dolorem iste accusantium est eaque quam', 'body': 'corporis rerum ducimus vel eum accusantium\nmaxime aspernatur a porro possimus iste omnis\nest in deleniti asperiores fuga aut\nvoluptas sapiente vel dolore minus voluptatem incidunt ex'}, {'userId': 4, 'id': 40, 'title': 'enim quo cumque', 'body': 'ut voluptatum aliquid illo tenetur nemo sequi quo facilis\nipsum rem optio mollitia quas\nvoluptatem eum voluptas qui\nunde omnis voluptatem iure quasi maxime voluptas nam'}, {'userId': 5, 'id': 41, 'title': 'non est facere', 'body': 'molestias id nostrum\nexcepturi molestiae dolore omnis repellendus quaerat saepe\nconsectetur iste quaerat tenetur asperiores accusamus ex ut\nnam quidem est ducimus sunt debitis saepe'}, {'userId': 5, 'id': 42, 'title': 'commodi ullam sint et excepturi error explicabo praesentium voluptas', 'body': 'odio fugit voluptatum ducimus earum autem est incidunt voluptatem\nodit reiciendis aliquam sunt sequi nulla dolorem\nnon facere repellendus voluptates quia\nratione harum vitae ut'}, {'userId': 5, 'id': 43, 'title': 'eligendi iste nostrum consequuntur adipisci praesentium sit beatae perferendis', 'body': 'similique fugit est\nillum et dolorum harum et voluptate eaque quidem\nexercitationem quos nam commodi possimus cum odio nihil nulla\ndolorum exercitationem magnam ex et a et distinctio debitis'}, {'userId': 5, 'id': 44, 'title': 'optio dolor molestias sit', 'body': 'temporibus est consectetur dolore\net libero debitis vel velit laboriosam quia\nipsum quibusdam qui itaque fuga rem aut\nea et iure quam sed maxime ut distinctio quae'}, {'userId': 5, 'id': 45, 'title': 'ut numquam possimus omnis eius suscipit laudantium iure', 'body': 'est natus reiciendis nihil possimus aut provident\nex et dolor\nrepellat pariatur est\nnobis rerum repellendus dolorem autem'}, {'userId': 5, 'id': 46, 'title': 'aut quo modi neque nostrum ducimus', 'body': 'voluptatem quisquam iste\nvoluptatibus natus officiis facilis dolorem\nquis quas ipsam\nvel et voluptatum in aliquid'}, {'userId': 5, 'id': 47, 'title': 'quibusdam cumque rem aut deserunt', 'body': 'voluptatem assumenda ut qui ut cupiditate aut impedit veniam\noccaecati nemo illum voluptatem laudantium\nmolestiae beatae rerum ea iure soluta nostrum\neligendi et voluptate'}, {'userId': 5, 'id': 48, 'title': 'ut voluptatem illum ea doloribus itaque eos', 'body': 'voluptates quo voluptatem facilis iure occaecati\nvel assumenda rerum officia et\nillum perspiciatis ab deleniti\nlaudantium repellat ad ut et autem reprehenderit'}, {'userId': 5, 'id': 49, 'title': 'laborum non sunt aut ut assumenda perspiciatis voluptas', 'body': 'inventore ab sint\nnatus fugit id nulla sequi architecto nihil quaerat\neos tenetur in in eum veritatis non\nquibusdam officiis aspernatur cumque aut commodi aut'}, {'userId': 5, 'id': 50, 'title': 'repellendus qui recusandae incidunt voluptates tenetur qui omnis exercitationem', 'body': 'error suscipit maxime adipisci consequuntur recusandae\nvoluptas eligendi et est et voluptates\nquia distinctio ab amet quaerat molestiae et vitae\nadipisci impedit sequi nesciunt quis consectetur'}, {'userId': 6, 'id': 51, 'title': 'soluta aliquam aperiam consequatur illo quis voluptas', 'body': 'sunt dolores aut doloribus\ndolore doloribus voluptates tempora et\ndoloremque et quo\ncum asperiores sit consectetur dolorem'}, {'userId': 6, 'id': 52, 'title': 'qui enim et consequuntur quia animi quis voluptate quibusdam', 'body': 'iusto est quibusdam fuga quas quaerat molestias\na enim ut sit accusamus enim\ntemporibus iusto accusantium provident architecto\nsoluta esse reprehenderit qui laborum'}, {'userId': 6, 'id': 53, 'title': 'ut quo aut ducimus alias', 'body': 'minima harum praesentium eum rerum illo dolore\nquasi exercitationem rerum nam\nporro quis neque quo\nconsequatur minus dolor quidem veritatis sunt non explicabo similique'}, {'userId': 6, 'id': 54, 'title': 'sit asperiores ipsam eveniet odio non quia', 'body': 'totam corporis dignissimos\nvitae dolorem ut occaecati accusamus\nex velit deserunt\net exercitationem vero incidunt corrupti mollitia'}, {'userId': 6, 'id': 55, 'title': 'sit vel voluptatem et non libero', 'body': 'debitis excepturi ea perferendis harum libero optio\neos accusamus cum fuga ut sapiente repudiandae\net ut incidunt omnis molestiae\nnihil ut eum odit'}, {'userId': 6, 'id': 56, 'title': 'qui et at rerum necessitatibus', 'body': 'aut est omnis dolores\nneque rerum quod ea rerum velit pariatur beatae excepturi\net provident voluptas corrupti\ncorporis harum reprehenderit dolores eligendi'}, {'userId': 6, 'id': 57, 'title': 'sed ab est est', 'body': 'at pariatur consequuntur earum quidem\nquo est laudantium soluta voluptatem\nqui ullam et est\net cum voluptas voluptatum repellat est'}, {'userId': 6, 'id': 58, 'title': 'voluptatum itaque dolores nisi et quasi', 'body': 'veniam voluptatum quae adipisci id\net id quia eos ad et dolorem\naliquam quo nisi sunt eos impedit error\nad similique veniam'}, {'userId': 6, 'id': 59, 'title': 'qui commodi dolor at maiores et quis id accusantium', 'body': 'perspiciatis et quam ea autem temporibus non voluptatibus qui\nbeatae a earum officia nesciunt dolores suscipit voluptas et\nanimi doloribus cum rerum quas et magni\net hic ut ut commodi expedita sunt'}, {'userId': 6, 'id': 60, 'title': 'consequatur placeat omnis quisquam quia reprehenderit fugit veritatis facere', 'body': 'asperiores sunt ab assumenda cumque modi velit\nqui esse omnis\nvoluptate et fuga perferendis voluptas\nillo ratione amet aut et omnis'}, {'userId': 7, 'id': 61, 'title': 'voluptatem doloribus consectetur est ut ducimus', 'body': 'ab nemo optio odio\ndelectus tenetur corporis similique nobis repellendus rerum omnis facilis\nvero blanditiis debitis in nesciunt doloribus dicta dolores\nmagnam minus velit'}, {'userId': 7, 'id': 62, 'title': 'beatae enim quia vel', 'body': 'enim aspernatur illo distinctio quae praesentium\nbeatae alias amet delectus qui voluptate distinctio\nodit sint accusantium autem omnis\nquo molestiae omnis ea eveniet optio'}, {'userId': 7, 'id': 63, 'title': 'voluptas blanditiis repellendus animi ducimus error sapiente et suscipit', 'body': 'enim adipisci aspernatur nemo\nnumquam omnis facere dolorem dolor ex quis temporibus incidunt\nab delectus culpa quo reprehenderit blanditiis asperiores\naccusantium ut quam in voluptatibus voluptas ipsam dicta'}, {'userId': 7, 'id': 64, 'title': 'et fugit quas eum in in aperiam quod', 'body': 'id velit blanditiis\neum ea voluptatem\nmolestiae sint occaecati est eos perspiciatis\nincidunt a error provident eaque aut aut qui'}, {'userId': 7, 'id': 65, 'title': 'consequatur id enim sunt et et', 'body': 'voluptatibus ex esse\nsint explicabo est aliquid cumque adipisci fuga repellat labore\nmolestiae corrupti ex saepe at asperiores et perferendis\nnatus id esse incidunt pariatur'}, {'userId': 7, 'id': 66, 'title': 'repudiandae ea animi iusto', 'body': 'officia veritatis tenetur vero qui itaque\nsint non ratione\nsed et ut asperiores iusto eos molestiae nostrum\nveritatis quibusdam et nemo iusto saepe'}, {'userId': 7, 'id': 67, 'title': 'aliquid eos sed fuga est maxime repellendus', 'body': 'reprehenderit id nostrum\nvoluptas doloremque pariatur sint et accusantium quia quod aspernatur\net fugiat amet\nnon sapiente et consequatur necessitatibus molestiae'}, {'userId': 7, 'id': 68, 'title': 'odio quis facere architecto reiciendis optio', 'body': 'magnam molestiae perferendis quisquam\nqui cum reiciendis\nquaerat animi amet hic inventore\nea quia deleniti quidem saepe porro velit'}, {'userId': 7, 'id': 69, 'title': 'fugiat quod pariatur odit minima', 'body': 'officiis error culpa consequatur modi asperiores et\ndolorum assumenda voluptas et vel qui aut vel rerum\nvoluptatum quisquam perspiciatis quia rerum consequatur totam quas\nsequi commodi repudiandae asperiores et saepe a'}, {'userId': 7, 'id': 70, 'title': 'voluptatem laborum magni', 'body': 'sunt repellendus quae\nest asperiores aut deleniti esse accusamus repellendus quia aut\nquia dolorem unde\neum tempora esse dolore'}, {'userId': 8, 'id': 71, 'title': 'et iusto veniam et illum aut fuga', 'body': 'occaecati a doloribus\niste saepe consectetur placeat eum voluptate dolorem et\nqui quo quia voluptas\nrerum ut id enim velit est perferendis'}, {'userId': 8, 'id': 72, 'title': 'sint hic doloribus consequatur eos non id', 'body': 'quam occaecati qui deleniti consectetur\nconsequatur aut facere quas exercitationem aliquam hic voluptas\nneque id sunt ut aut accusamus\nsunt consectetur expedita inventore velit'}, {'userId': 8, 'id': 73, 'title': 'consequuntur deleniti eos quia temporibus ab aliquid at', 'body': 'voluptatem cumque tenetur consequatur expedita ipsum nemo quia explicabo\naut eum minima consequatur\ntempore cumque quae est et\net in consequuntur voluptatem voluptates aut'}, {'userId': 8, 'id': 74, 'title': 'enim unde ratione doloribus quas enim ut sit sapiente', 'body': 'odit qui et et necessitatibus sint veniam\nmollitia amet doloremque molestiae commodi similique magnam et quam\nblanditiis est itaque\nquo et tenetur ratione occaecati molestiae tempora'}, {'userId': 8, 'id': 75, 'title': 'dignissimos eum dolor ut enim et delectus in', 'body': 'commodi non non omnis et voluptas sit\nautem aut nobis magnam et sapiente voluptatem\net laborum repellat qui delectus facilis temporibus\nrerum amet et nemo voluptate expedita adipisci error dolorem'}, {'userId': 8, 'id': 76, 'title': 'doloremque officiis ad et non perferendis', 'body': 'ut animi facere\ntotam iusto tempore\nmolestiae eum aut et dolorem aperiam\nquaerat recusandae totam odio'}, {'userId': 8, 'id': 77, 'title': 'necessitatibus quasi exercitationem odio', 'body': 'modi ut in nulla repudiandae dolorum nostrum eos\naut consequatur omnis\nut incidunt est omnis iste et quam\nvoluptates sapiente aliquam asperiores nobis amet corrupti repudiandae provident'}, {'userId': 8, 'id': 78, 'title': 'quam voluptatibus rerum veritatis', 'body': 'nobis facilis odit tempore cupiditate quia\nassumenda doloribus rerum qui ea\nillum et qui totam\naut veniam repellendus'}, {'userId': 8, 'id': 79, 'title': 'pariatur consequatur quia magnam autem omnis non amet', 'body': 'libero accusantium et et facere incidunt sit dolorem\nnon excepturi qui quia sed laudantium\nquisquam molestiae ducimus est\nofficiis esse molestiae iste et quos'}, {'userId': 8, 'id': 80, 'title': 'labore in ex et explicabo corporis aut quas', 'body': 'ex quod dolorem ea eum iure qui provident amet\nquia qui facere excepturi et repudiandae\nasperiores molestias provident\nminus incidunt vero fugit rerum sint sunt excepturi provident'}, {'userId': 9, 'id': 81, 'title': 'tempora rem veritatis voluptas quo dolores vero', 'body': 'facere qui nesciunt est voluptatum voluptatem nisi\nsequi eligendi necessitatibus ea at rerum itaque\nharum non ratione velit laboriosam quis consequuntur\nex officiis minima doloremque voluptas ut aut'}, {'userId': 9, 'id': 82, 'title': 'laudantium voluptate suscipit sunt enim enim', 'body': 'ut libero sit aut totam inventore sunt\nporro sint qui sunt molestiae\nconsequatur cupiditate qui iste ducimus adipisci\ndolor enim assumenda soluta laboriosam amet iste delectus hic'}, {'userId': 9, 'id': 83, 'title': 'odit et voluptates doloribus alias odio et', 'body': 'est molestiae facilis quis tempora numquam nihil qui\nvoluptate sapiente consequatur est qui\nnecessitatibus autem aut ipsa aperiam modi dolore numquam\nreprehenderit eius rem quibusdam'}, {'userId': 9, 'id': 84, 'title': 'optio ipsam molestias necessitatibus occaecati facilis veritatis dolores aut', 'body': 'sint molestiae magni a et quos\neaque et quasi\nut rerum debitis similique veniam\nrecusandae dignissimos dolor incidunt consequatur odio'}, {'userId': 9, 'id': 85, 'title': 'dolore veritatis porro provident adipisci blanditiis et sunt', 'body': 'similique sed nisi voluptas iusto omnis\nmollitia et quo\nassumenda suscipit officia magnam sint sed tempora\nenim provident pariatur praesentium atque animi amet ratione'}, {'userId': 9, 'id': 86, 'title': 'placeat quia et porro iste', 'body': 'quasi excepturi consequatur iste autem temporibus sed molestiae beatae\net quaerat et esse ut\nvoluptatem occaecati et vel explicabo autem\nasperiores pariatur deserunt optio'}, {'userId': 9, 'id': 87, 'title': 'nostrum quis quasi placeat', 'body': 'eos et molestiae\nnesciunt ut a\ndolores perspiciatis repellendus repellat aliquid\nmagnam sint rem ipsum est'}, {'userId': 9, 'id': 88, 'title': 'sapiente omnis fugit eos', 'body': 'consequatur omnis est praesentium\nducimus non iste\nneque hic deserunt\nvoluptatibus veniam cum et rerum sed'}, {'userId': 9, 'id': 89, 'title': 'sint soluta et vel magnam aut ut sed qui', 'body': 'repellat aut aperiam totam temporibus autem et\narchitecto magnam ut\nconsequatur qui cupiditate rerum quia soluta dignissimos nihil iure\ntempore quas est'}, {'userId': 9, 'id': 90, 'title': 'ad iusto omnis odit dolor voluptatibus', 'body': 'minus omnis soluta quia\nqui sed adipisci voluptates illum ipsam voluptatem\neligendi officia ut in\neos soluta similique molestias praesentium blanditiis'}, {'userId': 10, 'id': 91, 'title': 'aut amet sed', 'body': 'libero voluptate eveniet aperiam sed\nsunt placeat suscipit molestias\nsimilique fugit nam natus\nexpedita consequatur consequatur dolores quia eos et placeat'}, {'userId': 10, 'id': 92, 'title': 'ratione ex tenetur perferendis', 'body': 'aut et excepturi dicta laudantium sint rerum nihil\nlaudantium et at\na neque minima officia et similique libero et\ncommodi voluptate qui'}, {'userId': 10, 'id': 93, 'title': 'beatae soluta recusandae', 'body': 'dolorem quibusdam ducimus consequuntur dicta aut quo laboriosam\nvoluptatem quis enim recusandae ut sed sunt\nnostrum est odit totam\nsit error sed sunt eveniet provident qui nulla'}, {'userId': 10, 'id': 94, 'title': 'qui qui voluptates illo iste minima', 'body': 'aspernatur expedita soluta quo ab ut similique\nexpedita dolores amet\nsed temporibus distinctio magnam saepe deleniti\nomnis facilis nam ipsum natus sint similique omnis'}, {'userId': 10, 'id': 95, 'title': 'id minus libero illum nam ad officiis', 'body': 'earum voluptatem facere provident blanditiis velit laboriosam\npariatur accusamus odio saepe\ncumque dolor qui a dicta ab doloribus consequatur omnis\ncorporis cupiditate eaque assumenda ad nesciunt'}, {'userId': 10, 'id': 96, 'title': 'quaerat velit veniam amet cupiditate aut numquam ut sequi', 'body': 'in non odio excepturi sint eum\nlabore voluptates vitae quia qui et\ninventore itaque rerum\nveniam non exercitationem delectus aut'}, {'userId': 10, 'id': 97, 'title': 'quas fugiat ut perspiciatis vero provident', 'body': 'eum non blanditiis soluta porro quibusdam voluptas\nvel voluptatem qui placeat dolores qui velit aut\nvel inventore aut cumque culpa explicabo aliquid at\nperspiciatis est et voluptatem dignissimos dolor itaque sit nam'}, {'userId': 10, 'id': 98, 'title': 'laboriosam dolor voluptates', 'body': 'doloremque ex facilis sit sint culpa\nsoluta assumenda eligendi non ut eius\nsequi ducimus vel quasi\nveritatis est dolores'}, {'userId': 10, 'id': 99, 'title': 'temporibus sit alias delectus eligendi possimus magni', 'body': 'quo deleniti praesentium dicta non quod\naut est molestias\nmolestias et officia quis nihil\nitaque dolorem quia'}, {'userId': 10, 'id': 100, 'title': 'at nam consequatur ea labore ea harum', 'body': 'cupiditate quo est a modi nesciunt soluta\nipsa voluptas error itaque dicta in\nautem qui minus magnam et distinctio eum\naccusamus ratione error aut'}]
2026-06-10 01:58:49,894 - INFO - 
get_posts() finished

2026-06-10 01:58:49,898 - INFO - Post: "sunt aut facere repellat provident occaecati excepturi optio reprehenderit" - Author: Leanne Graham
2026-06-10 01:58:49,898 - INFO - Post: "qui est esse" - Author: Leanne Graham
2026-06-10 01:58:49,898 - INFO - Post: "ea molestias quasi exercitationem repellat qui ipsa sit aut" - Author: Leanne Graham
2026-06-10 01:58:49,898 - INFO - Post: "eum et est occaecati" - Author: Leanne Graham
2026-06-10 01:58:49,898 - INFO - Post: "nesciunt quas odio" - Author: Leanne Graham
2026-06-10 01:58:49,898 - INFO - Program finished
